log_id,user_id,page,seconds
1,u328,/home,13
2,u380,/cart,126
3,u115,/product,53
4,u347,/mypage,45
5,u303,/event,17
6,u016,/home,112
7,u120,/mypage,14
8,u288,/product,280
9,u215,/product,230
10,u302,/cart,4
11,u389,/product,217
12,u175,/cart,80
13,u111,/cart,53
14,u048,/event,50
15,u184,/cart,136
16,u414,/home,236
17,u275,/home,194
18,u041,/mypage,151
19,u425,/mypage,186
20,u296,/product,36
21,u024,/product,149
22,u041,/product,52
23,u195,/cart,233
24,u326,/cart,84
25,u190,/cart,108
26,u344,/cart,37
27,u312,/product,274
28,u374,/product,84
29,u237,/event,139
30,u474,/mypage,113
31,u351,/cart,29
32,u118,/home,162
33,u206,/cart,34
34,u109,/mypage,162
35,u109,/event,203
36,u453,/event,74
37,u136,/product,127
38,u382,/mypage,276
39,u135,/mypage,220
40,u460,/mypage,205
41,u186,/product,71
42,u261,/event,47
43,u387,/home,57
44,u079,/product,217
45,u306,/home,198
46,u196,/mypage,240
47,u271,/cart,284
48,u441,/home,59
49,u350,/mypage,137
50,u394,/cart,58
51,u151,/event,81
52,u233,/home,135
53,u498,/mypage,92
54,u260,/home,153
55,u431,/mypage,102
56,u079,/cart,83
57,u277,/mypage,1
58,u307,/cart,251
59,u010,/home,186
60,u450,/cart,123
61,u030,/product,291
62,u485,/home,44
63,u375,/event,36
64,u390,/mypage,65
65,u066,/event,282
66,u085,/cart,271
67,u447,/mypage,217
68,u494,/product,277
69,u387,/product,160
70,u205,/cart,225
71,u461,/mypage,232
72,u062,/product,116
73,u033,/cart,11
74,u302,/mypage,118
75,u302,/product,4
76,u037,/home,118
77,u035,/home,170
78,u037,/mypage,122
79,u143,/event,110
80,u277,/product,293
81,u296,/event,125
82,u402,/event,209
83,u098,/home,50
84,u338,/event,182
85,u217,/event,240
86,u443,/home,51
87,u032,/event,174
88,u410,/home,128
89,u099,/product,275
90,u230,/product,217
91,u094,/cart,237
92,u128,/home,227
93,u414,/mypage,51
94,u026,/mypage,8
95,u497,/home,122
96,u086,/event,249
97,u247,/product,206
98,u463,/home,85
99,u195,/home,200
100,u136,/event,147
101,u217,/mypage,250
102,u080,/product,152
103,u112,/home,297
104,u377,/mypage,32
105,u383,/cart,30
106,u026,/mypage,245
107,u258,/mypage,81
108,u030,/mypage,42
109,u436,/product,36
110,u305,/home,121
111,u207,/home,292
112,u127,/mypage,21
113,u318,/home,215
114,u337,/mypage,290
115,u268,/cart,134
116,u105,/cart,123
117,u136,/event,68
118,u344,/cart,235
119,u162,/home,5
120,u235,/mypage,289
121,u052,/home,276
122,u110,/mypage,136
123,u068,/cart,36
124,u451,/product,190
125,u146,/product,225
126,u427,/mypage,155
127,u314,/mypage,5
128,u342,/mypage,154
129,u478,/home,69
130,u136,/home,55
131,u381,/mypage,80
132,u140,/cart,108
133,u368,/cart,105
134,u352,/cart,259
135,u251,/cart,27
136,u048,/event,142
137,u023,/home,171
138,u395,/product,135
139,u083,/event,283
140,u362,/event,288
141,u005,/home,39
142,u484,/product,280
143,u019,/cart,299
144,u283,/product,221
145,u066,/home,158
146,u187,/home,184
147,u108,/product,53
148,u182,/mypage,209
149,u499,/mypage,80
150,u474,/product,84
151,u500,/product,212
152,u013,/product,171
153,u401,/event,128
154,u137,/product,56
155,u196,/home,241
156,u114,/product,236
157,u180,/cart,117
158,u115,/home,99
159,u205,/cart,143
160,u443,/home,143
161,u180,/mypage,205
162,u348,/mypage,170
163,u481,/home,60
164,u450,/cart,92
165,u298,/cart,20
166,u056,/mypage,223
167,u177,/cart,224
168,u311,/mypage,60
169,u198,/mypage,98
170,u131,/home,224
171,u001,/mypage,276
172,u352,/product,187
173,u221,/home,170
174,u320,/cart,64
175,u369,/cart,260
176,u159,/event,168
177,u207,/cart,284
178,u066,/product,216
179,u341,/event,90
180,u316,/mypage,155
181,u208,/mypage,1
182,u156,/cart,108
183,u221,/mypage,165
184,u239,/event,227
185,u346,/product,262
186,u243,/product,44
187,u146,/mypage,172
188,u048,/product,159
189,u116,/product,76
190,u013,/home,126
191,u244,/mypage,38
192,u234,/event,295
193,u100,/event,254
194,u205,/product,76
195,u336,/home,55
196,u399,/event,113
197,u091,/mypage,238
198,u026,/mypage,128
199,u470,/home,234
200,u069,/event,272
201,u287,/mypage,163
202,u487,/event,259
203,u219,/mypage,229
204,u460,/product,244
205,u231,/cart,127
206,u431,/cart,267
207,u249,/product,141
208,u226,/home,147
209,u121,/cart,172
210,u164,/mypage,42
211,u071,/product,119
212,u197,/product,110
213,u033,/event,209
214,u170,/mypage,239
215,u213,/home,106
216,u427,/event,200
217,u464,/mypage,11
218,u439,/mypage,195
219,u245,/home,181
220,u153,/event,215
221,u276,/mypage,113
222,u250,/product,140
223,u224,/event,15
224,u200,/cart,208
225,u371,/product,240
226,u471,/product,274
227,u014,/event,289
228,u340,/home,43
229,u330,/event,70
230,u444,/event,94
231,u026,/cart,195
232,u168,/product,233
233,u168,/cart,195
234,u143,/event,130
235,u428,/home,241
236,u010,/mypage,27
237,u488,/cart,115
238,u333,/home,21
239,u387,/home,127
240,u103,/home,79
241,u123,/product,243
242,u343,/home,289
243,u486,/product,239
244,u359,/cart,189
245,u086,/mypage,59
246,u399,/product,160
247,u056,/mypage,14
248,u476,/cart,295
249,u347,/event,204
250,u483,/product,39
251,u304,/product,53
252,u357,/cart,62
253,u408,/mypage,22
254,u178,/mypage,220
255,u339,/cart,36
256,u260,/cart,7
257,u435,/event,251
258,u055,/event,186
259,u326,/event,79
260,u223,/product,268
261,u495,/cart,276
262,u397,/event,239
263,u224,/mypage,138
264,u166,/product,45
265,u143,/event,125
266,u385,/event,292
267,u313,/event,173
268,u015,/event,167
269,u094,/event,109
270,u182,/cart,175
271,u144,/mypage,142
272,u285,/home,265
273,u486,/product,44
274,u124,/event,251
275,u285,/product,244
276,u331,/event,230
277,u406,/home,48
278,u151,/product,208
279,u355,/product,157
280,u340,/mypage,189
281,u243,/mypage,272
282,u177,/event,282
283,u170,/cart,233
284,u139,/cart,129
285,u119,/home,99
286,u162,/home,275
287,u487,/product,99
288,u111,/event,142
289,u371,/mypage,269
290,u306,/cart,52
291,u427,/product,152
292,u117,/cart,92
293,u155,/home,274
294,u065,/cart,24
295,u499,/home,284
296,u150,/product,252
297,u053,/home,294
298,u146,/event,246
299,u226,/cart,95
300,u495,/home,130
301,u482,/event,59
302,u421,/home,206
303,u252,/home,296
304,u323,/home,78
305,u077,/mypage,156
306,u044,/product,61
307,u286,/event,116
308,u398,/mypage,195
309,u231,/event,153
310,u441,/mypage,220
311,u157,/mypage,31
312,u313,/home,107
313,u321,/product,136
314,u339,/home,81
315,u123,/product,283
316,u039,/product,2
317,u210,/event,241
318,u150,/home,119
319,u148,/cart,233
320,u037,/product,136
321,u404,/mypage,102
322,u218,/home,279
323,u116,/product,137
324,u424,/product,37
325,u031,/product,158
326,u305,/mypage,148
327,u225,/home,240
328,u353,/cart,207
329,u483,/cart,257
330,u277,/event,225
331,u042,/mypage,21
332,u456,/event,166
333,u310,/cart,14
334,u047,/product,295
335,u301,/home,138
336,u296,/home,90
337,u241,/mypage,227
338,u470,/cart,93
339,u300,/event,252
340,u497,/home,241
341,u179,/event,171
342,u165,/home,83
343,u169,/event,254
344,u148,/event,282
345,u019,/event,46
346,u162,/cart,166
347,u060,/event,264
348,u423,/home,278
349,u237,/event,28
350,u097,/mypage,186
351,u319,/event,227
352,u390,/home,105
353,u137,/mypage,68
354,u475,/cart,225
355,u451,/event,63
356,u015,/mypage,123
357,u364,/product,160
358,u283,/home,283
359,u209,/home,116
360,u431,/home,237
361,u485,/home,79
362,u256,/cart,261
363,u362,/cart,213
364,u428,/event,242
365,u125,/event,283
366,u075,/event,98
367,u472,/mypage,261
368,u383,/product,36
369,u142,/event,175
370,u479,/mypage,137
371,u421,/home,145
372,u372,/cart,297
373,u338,/event,77
374,u229,/mypage,248
375,u177,/cart,283
376,u391,/mypage,194
377,u234,/cart,97
378,u358,/product,293
379,u197,/product,211
380,u023,/cart,243
381,u362,/event,198
382,u340,/product,254
383,u494,/home,65
384,u258,/mypage,170
385,u446,/home,226
386,u052,/mypage,234
387,u008,/product,210
388,u446,/product,39
389,u241,/cart,174
390,u320,/event,42
391,u437,/cart,274
392,u195,/cart,250
393,u447,/mypage,19
394,u317,/home,121
395,u324,/cart,117
396,u383,/home,223
397,u051,/home,228
398,u086,/cart,15
399,u024,/cart,29
400,u151,/cart,192
401,u221,/product,126
402,u272,/event,290
403,u350,/product,88
404,u090,/home,196
405,u318,/product,255
406,u468,/mypage,74
407,u119,/event,131
408,u236,/cart,5
409,u461,/event,148
410,u347,/mypage,81
411,u038,/event,177
412,u301,/cart,218
413,u354,/cart,234
414,u433,/cart,102
415,u197,/event,55
416,u122,/event,293
417,u184,/mypage,152
418,u359,/cart,12
419,u425,/event,141
420,u005,/mypage,26
421,u467,/mypage,255
422,u427,/cart,118
423,u311,/cart,113
424,u326,/product,129
425,u348,/product,50
426,u463,/home,159
427,u404,/event,18
428,u297,/cart,68
429,u047,/cart,168
430,u383,/event,90
431,u103,/product,277
432,u449,/cart,272
433,u257,/cart,85
434,u132,/event,152
435,u383,/cart,59
436,u240,/home,73
437,u387,/product,204
438,u496,/mypage,188
439,u047,/event,8
440,u136,/mypage,64
441,u233,/cart,135
442,u300,/event,191
443,u056,/product,242
444,u013,/mypage,288
445,u168,/mypage,114
446,u332,/home,238
447,u466,/cart,210
448,u060,/product,24
449,u485,/home,156
450,u253,/home,50
451,u121,/mypage,70
452,u199,/event,190
453,u344,/mypage,215
454,u301,/product,213
455,u336,/home,251
456,u316,/event,144
457,u017,/cart,112
458,u228,/event,121
459,u438,/cart,51
460,u352,/cart,279
461,u462,/cart,32
462,u204,/cart,98
463,u496,/home,233
464,u047,/product,11
465,u026,/cart,125
466,u065,/mypage,106
467,u036,/mypage,107
468,u301,/product,120
469,u169,/product,2
470,u142,/product,67
471,u277,/cart,90
472,u057,/home,68
473,u008,/cart,122
474,u302,/cart,9
475,u090,/cart,27
476,u065,/event,270
477,u059,/home,244
478,u230,/cart,263
479,u304,/home,232
480,u258,/product,23
481,u373,/mypage,155
482,u235,/home,32
483,u246,/event,219
484,u352,/home,252
485,u365,/event,38
486,u461,/home,165
487,u312,/product,34
488,u065,/cart,300
489,u281,/cart,196
490,u306,/mypage,151
491,u233,/mypage,221
492,u051,/home,283
493,u370,/product,221
494,u232,/product,212
495,u174,/event,205
496,u213,/home,161
497,u219,/cart,131
498,u192,/product,243
499,u035,/home,44
500,u048,/event,50
501,u382,/cart,67
502,u285,/home,288
503,u288,/cart,63
504,u211,/cart,217
505,u445,/home,148
506,u308,/cart,181
507,u054,/mypage,260
508,u109,/product,247
509,u115,/home,180
510,u433,/mypage,189
511,u059,/cart,294
512,u116,/event,288
513,u499,/mypage,286
514,u014,/mypage,137
515,u015,/product,140
516,u360,/cart,174
517,u180,/home,93
518,u446,/product,290
519,u337,/event,36
520,u073,/home,47
521,u383,/mypage,111
522,u193,/event,233
523,u175,/product,190
524,u160,/cart,291
525,u306,/home,27
526,u080,/product,26
527,u346,/home,140
528,u227,/event,249
529,u311,/event,213
530,u140,/product,263
531,u059,/cart,221
532,u057,/cart,250
533,u270,/cart,24
534,u113,/event,29
535,u004,/product,155
536,u485,/product,71
537,u392,/cart,149
538,u168,/home,4
539,u255,/event,90
540,u067,/event,273
541,u361,/product,257
542,u287,/cart,37
543,u204,/home,224
544,u010,/event,40
545,u442,/cart,295
546,u220,/mypage,208
547,u364,/event,149
548,u059,/event,11
549,u495,/cart,88
550,u411,/mypage,236
551,u426,/cart,46
552,u224,/home,125
553,u224,/mypage,206
554,u269,/home,203
555,u446,/cart,174
556,u114,/cart,87
557,u040,/mypage,59
558,u272,/mypage,100
559,u464,/cart,180
560,u373,/product,121
561,u053,/product,132
562,u102,/product,79
563,u390,/home,91
564,u488,/event,238
565,u387,/mypage,297
566,u230,/mypage,166
567,u443,/cart,78
568,u226,/home,241
569,u227,/cart,141
570,u303,/home,181
571,u260,/home,159
572,u237,/event,20
573,u030,/cart,147
574,u040,/home,260
575,u197,/event,298
576,u284,/home,231
577,u466,/mypage,97
578,u165,/mypage,244
579,u257,/product,32
580,u231,/home,176
581,u366,/home,259
582,u331,/product,21
583,u127,/event,225
584,u269,/mypage,82
585,u187,/cart,145
586,u199,/event,174
587,u348,/mypage,27
588,u405,/cart,34
589,u169,/home,286
590,u348,/event,146
591,u130,/mypage,77
592,u171,/home,299
593,u340,/product,180
594,u159,/event,67
595,u305,/home,159
596,u287,/event,169
597,u417,/product,270
598,u048,/event,261
599,u186,/home,186
600,u159,/product,110
601,u175,/event,99
602,u116,/product,80
603,u040,/cart,52
604,u260,/mypage,270
605,u020,/cart,68
606,u306,/event,79
607,u084,/product,85
608,u370,/event,23
609,u211,/cart,122
610,u497,/event,146
611,u386,/event,120
612,u274,/product,159
613,u495,/event,100
614,u189,/mypage,226
615,u237,/cart,196
616,u258,/mypage,215
617,u495,/product,103
618,u411,/mypage,71
619,u447,/cart,27
620,u329,/event,191
621,u284,/home,265
622,u436,/home,146
623,u043,/product,140
624,u231,/mypage,76
625,u426,/event,47
626,u485,/product,231
627,u453,/cart,14
628,u213,/home,203
629,u258,/cart,121
630,u198,/home,192
631,u115,/home,164
632,u477,/home,172
633,u406,/product,71
634,u020,/cart,242
635,u357,/product,241
636,u230,/mypage,3
637,u464,/home,10
638,u132,/product,77
639,u281,/mypage,271
640,u217,/home,148
641,u122,/cart,63
642,u025,/product,215
643,u328,/mypage,235
644,u033,/home,256
645,u306,/mypage,9
646,u324,/mypage,295
647,u124,/product,150
648,u220,/home,181
649,u124,/mypage,214
650,u096,/home,269
651,u500,/cart,35
652,u489,/mypage,279
653,u260,/mypage,284
654,u011,/event,241
655,u023,/event,192
656,u130,/home,183
657,u404,/home,177
658,u124,/home,298
659,u377,/cart,69
660,u023,/cart,280
661,u174,/product,238
662,u357,/event,94
663,u416,/product,33
664,u367,/event,19
665,u151,/product,23
666,u406,/product,22
667,u162,/cart,264
668,u204,/mypage,243
669,u130,/home,98
670,u147,/cart,25
671,u444,/cart,140
672,u064,/cart,224
673,u456,/event,226
674,u459,/event,174
675,u499,/product,255
676,u355,/event,189
677,u474,/mypage,137
678,u411,/home,218
679,u041,/event,93
680,u280,/cart,165
681,u053,/home,168
682,u339,/cart,157
683,u229,/mypage,219
684,u086,/event,180
685,u229,/home,181
686,u315,/event,141
687,u328,/home,39
688,u344,/event,187
689,u263,/product,16
690,u074,/mypage,225
691,u018,/product,35
692,u121,/cart,186
693,u197,/mypage,17
694,u310,/product,231
695,u486,/cart,191
696,u228,/home,294
697,u071,/mypage,188
698,u204,/cart,143
699,u128,/home,14
700,u377,/product,256
701,u266,/event,288
702,u061,/cart,134
703,u361,/event,110
704,u314,/cart,252
705,u103,/home,70
706,u437,/home,232
707,u089,/event,45
708,u415,/cart,178
709,u364,/home,282
710,u278,/cart,154
711,u436,/product,90
712,u407,/cart,261
713,u115,/home,103
714,u406,/product,122
715,u405,/event,14
716,u185,/mypage,294
717,u189,/event,283
718,u067,/mypage,45
719,u034,/cart,204
720,u368,/event,270
721,u211,/event,295
722,u038,/product,163
723,u329,/home,231
724,u239,/mypage,177
725,u066,/mypage,94
726,u394,/product,222
727,u258,/home,64
728,u266,/product,156
729,u085,/product,166
730,u479,/product,178
731,u486,/mypage,146
732,u434,/home,129
733,u101,/mypage,141
734,u065,/cart,274
735,u048,/mypage,87
736,u304,/mypage,79
737,u088,/mypage,173
738,u432,/mypage,22
739,u423,/home,42
740,u024,/mypage,136
741,u334,/product,293
742,u214,/mypage,16
743,u255,/mypage,149
744,u329,/cart,248
745,u126,/event,153
746,u233,/home,31
747,u081,/event,213
748,u248,/event,105
749,u175,/mypage,74
750,u161,/cart,177
751,u500,/event,67
752,u390,/cart,264
753,u288,/home,164
754,u124,/event,63
755,u137,/event,127
756,u073,/home,26
757,u149,/event,215
758,u128,/product,168
759,u479,/mypage,161
760,u098,/product,256
761,u264,/event,256
762,u451,/cart,255
763,u012,/home,202
764,u259,/event,124
765,u111,/mypage,181
766,u025,/home,145
767,u254,/mypage,241
768,u147,/mypage,5
769,u434,/home,221
770,u069,/cart,188
771,u392,/event,188
772,u024,/event,27
773,u292,/mypage,100
774,u186,/mypage,148
775,u038,/event,259
776,u231,/mypage,144
777,u423,/mypage,61
778,u066,/home,202
779,u192,/cart,286
780,u481,/cart,74
781,u102,/mypage,261
782,u206,/mypage,21
783,u024,/home,71
784,u366,/cart,243
785,u266,/event,77
786,u311,/mypage,72
787,u168,/mypage,164
788,u084,/event,154
789,u304,/cart,260
790,u425,/mypage,273
791,u251,/mypage,154
792,u244,/home,189
793,u170,/home,214
794,u299,/cart,14
795,u306,/event,136
796,u496,/mypage,296
797,u117,/home,299
798,u246,/product,269
799,u323,/mypage,195
800,u076,/product,17
801,u294,/home,98
802,u010,/event,161
803,u215,/product,212
804,u354,/product,211
805,u257,/mypage,242
806,u447,/home,71
807,u266,/product,288
808,u167,/event,270
809,u193,/cart,89
810,u236,/mypage,176
811,u280,/cart,136
812,u313,/event,99
813,u491,/product,143
814,u286,/cart,116
815,u483,/cart,148
816,u361,/product,251
817,u163,/event,179
818,u287,/cart,148
819,u063,/mypage,279
820,u195,/event,177
821,u489,/product,149
822,u022,/cart,41
823,u178,/event,132
824,u383,/event,110
825,u104,/mypage,139
826,u478,/mypage,140
827,u071,/home,123
828,u125,/home,272
829,u116,/product,27
830,u052,/event,170
831,u368,/event,52
832,u349,/product,3
833,u494,/mypage,81
834,u209,/event,245
835,u334,/product,148
836,u165,/cart,31
837,u465,/home,294
838,u119,/mypage,20
839,u468,/product,214
840,u452,/product,19
841,u429,/event,254
842,u096,/cart,20
843,u005,/cart,291
844,u309,/home,172
845,u146,/event,279
846,u269,/event,69
847,u436,/mypage,240
848,u140,/product,58
849,u170,/product,235
850,u332,/cart,96
851,u008,/cart,152
852,u291,/product,90
853,u313,/event,219
854,u264,/cart,45
855,u206,/home,95
856,u072,/event,166
857,u480,/product,4
858,u134,/event,121
859,u229,/cart,169
860,u155,/mypage,294
861,u006,/cart,185
862,u355,/product,32
863,u342,/home,239
864,u158,/product,208
865,u352,/mypage,160
866,u354,/home,152
867,u189,/mypage,114
868,u113,/product,245
869,u079,/event,192
870,u213,/mypage,242
871,u388,/mypage,112
872,u391,/product,42
873,u270,/event,271
874,u361,/cart,40
875,u470,/mypage,58
876,u032,/mypage,259
877,u104,/mypage,275
878,u077,/product,168
879,u438,/mypage,227
880,u060,/product,299
881,u251,/home,262
882,u229,/home,233
883,u068,/mypage,213
884,u234,/mypage,30
885,u287,/event,158
886,u371,/home,203
887,u131,/home,112
888,u297,/home,24
889,u217,/cart,33
890,u278,/home,36
891,u479,/event,17
892,u147,/event,93
893,u394,/product,216
894,u192,/event,230
895,u446,/event,193
896,u042,/mypage,69
897,u335,/cart,61
898,u092,/mypage,202
899,u271,/product,115
900,u428,/home,12
901,u153,/event,279
902,u218,/mypage,195
903,u422,/product,127
904,u236,/cart,80
905,u142,/product,58
906,u017,/event,9
907,u124,/product,35
908,u052,/mypage,18
909,u229,/mypage,25
910,u126,/home,206
911,u225,/product,277
912,u112,/home,72
913,u258,/cart,120
914,u418,/mypage,164
915,u296,/mypage,165
916,u122,/cart,74
917,u339,/mypage,114
918,u212,/cart,141
919,u032,/mypage,90
920,u321,/event,285
921,u254,/home,177
922,u483,/event,269
923,u164,/event,210
924,u077,/cart,193
925,u095,/mypage,243
926,u124,/product,154
927,u440,/product,238
928,u469,/home,288
929,u212,/event,286
930,u272,/product,199
931,u125,/cart,105
932,u170,/home,231
933,u434,/cart,48
934,u275,/product,27
935,u138,/event,21
936,u448,/home,97
937,u412,/mypage,287
938,u112,/event,107
939,u446,/cart,156
940,u490,/home,109
941,u480,/product,61
942,u383,/event,125
943,u357,/mypage,105
944,u204,/product,283
945,u165,/cart,195
946,u239,/mypage,184
947,u158,/cart,185
948,u263,/event,239
949,u051,/event,164
950,u469,/product,190
951,u161,/event,24
952,u289,/product,75
953,u009,/cart,284
954,u479,/mypage,297
955,u369,/event,152
956,u079,/product,169
957,u118,/event,292
958,u427,/product,256
959,u282,/cart,132
960,u391,/event,252
961,u236,/product,181
962,u087,/product,280
963,u251,/product,278
964,u329,/home,269
965,u018,/home,25
966,u392,/home,212
967,u071,/product,35
968,u363,/product,5
969,u112,/mypage,234
970,u192,/home,248
971,u338,/event,9
972,u004,/mypage,283
973,u211,/home,9
974,u272,/cart,275
975,u147,/home,258
976,u417,/event,92
977,u055,/home,269
978,u077,/product,99
979,u318,/mypage,130
980,u418,/cart,137
981,u408,/event,41
982,u192,/event,236
983,u290,/product,116
984,u154,/home,17
985,u048,/event,195
986,u194,/mypage,244
987,u029,/home,88
988,u043,/event,223
989,u331,/cart,290
990,u440,/home,271
991,u471,/home,118
992,u109,/mypage,244
993,u139,/home,39
994,u351,/cart,279
995,u289,/home,92
996,u476,/cart,9
997,u493,/product,74
998,u386,/event,40
999,u154,/product,289
1000,u124,/mypage,200
1001,u347,/mypage,170
1002,u197,/product,41
1003,u257,/cart,28
1004,u051,/event,119
1005,u430,/home,175
1006,u310,/mypage,204
1007,u497,/cart,16
1008,u325,/cart,231
1009,u252,/product,183
1010,u284,/event,222
1011,u096,/mypage,195
1012,u044,/mypage,152
1013,u409,/product,38
1014,u043,/cart,79
1015,u195,/product,200
1016,u163,/cart,55
1017,u047,/home,158
1018,u228,/cart,139
1019,u053,/product,45
1020,u096,/event,230
1021,u286,/mypage,263
1022,u209,/home,14
1023,u046,/cart,284
1024,u048,/mypage,167
1025,u443,/event,7
1026,u150,/event,199
1027,u399,/home,287
1028,u464,/product,293
1029,u267,/product,195
1030,u087,/product,138
1031,u155,/cart,253
1032,u075,/home,86
1033,u223,/cart,216
1034,u154,/event,40
1035,u185,/cart,127
1036,u370,/event,101
1037,u235,/home,70
1038,u156,/home,203
1039,u171,/mypage,195
1040,u412,/cart,226
1041,u172,/event,70
1042,u154,/cart,103
1043,u246,/cart,91
1044,u494,/event,164
1045,u150,/event,295
1046,u401,/product,167
1047,u193,/cart,202
1048,u187,/home,289
1049,u103,/mypage,280
1050,u093,/mypage,14
1051,u488,/event,108
1052,u225,/cart,36
1053,u420,/event,256
1054,u072,/cart,124
1055,u130,/product,217
1056,u405,/event,38
1057,u230,/mypage,246
1058,u299,/event,274
1059,u260,/event,279
1060,u019,/cart,275
1061,u305,/home,56
1062,u394,/product,182
1063,u086,/mypage,23
1064,u289,/event,170
1065,u495,/event,55
1066,u006,/home,133
1067,u114,/mypage,266
1068,u286,/mypage,295
1069,u114,/event,192
1070,u201,/event,257
1071,u078,/cart,13
1072,u248,/home,152
1073,u213,/home,60
1074,u426,/product,179
1075,u160,/cart,234
1076,u402,/product,267
1077,u248,/cart,244
1078,u050,/event,232
1079,u164,/home,154
1080,u023,/home,12
1081,u435,/cart,56
1082,u347,/product,125
1083,u265,/product,283
1084,u082,/cart,287
1085,u219,/event,119
1086,u409,/event,95
1087,u096,/event,203
1088,u015,/mypage,102
1089,u231,/mypage,220
1090,u200,/home,110
1091,u106,/cart,33
1092,u296,/home,275
1093,u096,/cart,167
1094,u101,/event,59
1095,u135,/event,271
1096,u495,/cart,199
1097,u313,/event,59
1098,u179,/cart,235
1099,u317,/product,153
1100,u471,/mypage,44
1101,u345,/product,161
1102,u061,/product,157
1103,u060,/product,192
1104,u356,/product,262
1105,u199,/event,71
1106,u295,/event,217
1107,u096,/event,276
1108,u356,/product,285
1109,u086,/event,148
1110,u072,/product,162
1111,u432,/event,28
1112,u444,/cart,5
1113,u249,/product,100
1114,u418,/event,288
1115,u259,/event,210
1116,u351,/event,213
1117,u364,/event,251
1118,u086,/home,290
1119,u016,/product,150
1120,u017,/cart,116
1121,u276,/cart,87
1122,u400,/event,290
1123,u381,/event,282
1124,u262,/home,294
1125,u059,/cart,279
1126,u422,/cart,278
1127,u422,/home,226
1128,u280,/product,218
1129,u053,/product,153
1130,u448,/home,231
1131,u135,/cart,45
1132,u225,/home,122
1133,u108,/mypage,180
1134,u441,/mypage,220
1135,u085,/mypage,72
1136,u402,/product,106
1137,u413,/home,292
1138,u180,/mypage,144
1139,u306,/mypage,87
1140,u166,/cart,149
1141,u294,/cart,264
1142,u461,/home,70
1143,u493,/event,31
1144,u142,/product,68
1145,u128,/product,165
1146,u425,/product,202
1147,u251,/product,296
1148,u324,/cart,213
1149,u193,/event,39
1150,u325,/home,207
1151,u264,/cart,189
1152,u233,/event,168
1153,u298,/home,48
1154,u375,/event,184
1155,u436,/home,274
1156,u204,/product,220
1157,u423,/product,254
1158,u138,/cart,146
1159,u173,/mypage,296
1160,u067,/mypage,249
1161,u404,/cart,25
1162,u024,/home,236
1163,u009,/home,81
1164,u226,/event,1
1165,u491,/event,104
1166,u353,/product,155
1167,u082,/cart,48
1168,u336,/cart,129
1169,u043,/cart,85
1170,u027,/event,157
1171,u372,/product,220
1172,u336,/home,49
1173,u001,/product,245
1174,u040,/product,116
1175,u266,/event,5
1176,u005,/cart,62
1177,u441,/event,68
1178,u245,/home,118
1179,u197,/home,53
1180,u053,/cart,189
1181,u452,/cart,71
1182,u196,/product,74
1183,u036,/mypage,289
1184,u005,/mypage,85
1185,u226,/cart,110
1186,u322,/product,211
1187,u316,/event,112
1188,u045,/home,72
1189,u386,/home,197
1190,u180,/event,162
1191,u406,/product,127
1192,u142,/home,128
1193,u284,/mypage,146
1194,u399,/home,155
1195,u106,/mypage,261
1196,u097,/event,152
1197,u331,/home,123
1198,u254,/event,58
1199,u124,/event,37
1200,u271,/home,185
1201,u479,/cart,68
1202,u199,/mypage,216
1203,u188,/mypage,89
1204,u391,/event,38
1205,u009,/mypage,35
1206,u008,/cart,111
1207,u021,/home,204
1208,u260,/cart,257
1209,u393,/event,217
1210,u360,/event,43
1211,u328,/mypage,276
1212,u316,/product,143
1213,u043,/cart,41
1214,u262,/product,80
1215,u275,/cart,201
1216,u301,/home,159
1217,u358,/event,123
1218,u030,/product,45
1219,u474,/event,60
1220,u233,/mypage,29
1221,u159,/product,62
1222,u007,/product,6
1223,u084,/event,178
1224,u268,/mypage,133
1225,u086,/cart,65
1226,u384,/cart,61
1227,u395,/home,172
1228,u414,/event,140
1229,u269,/home,135
1230,u365,/mypage,40
1231,u255,/event,262
1232,u185,/home,256
1233,u440,/mypage,86
1234,u189,/product,131
1235,u396,/home,294
1236,u346,/home,117
1237,u380,/mypage,2
1238,u023,/home,126
1239,u024,/event,187
1240,u197,/product,92
1241,u477,/home,284
1242,u412,/event,115
1243,u165,/product,214
1244,u469,/cart,139
1245,u423,/home,293
1246,u191,/home,258
1247,u345,/home,92
1248,u115,/mypage,24
1249,u489,/event,36
1250,u450,/event,145
1251,u397,/cart,168
1252,u045,/mypage,234
1253,u005,/cart,103
1254,u150,/mypage,156
1255,u379,/mypage,125
1256,u238,/cart,253
1257,u396,/product,280
1258,u390,/product,78
1259,u004,/event,13
1260,u120,/mypage,178
1261,u326,/home,172
1262,u001,/event,158
1263,u054,/product,272
1264,u122,/event,252
1265,u493,/home,73
1266,u365,/cart,48
1267,u023,/product,267
1268,u212,/cart,235
1269,u499,/home,298
1270,u049,/mypage,69
1271,u327,/event,39
1272,u304,/mypage,32
1273,u223,/product,122
1274,u150,/cart,162
1275,u475,/event,168
1276,u163,/event,140
1277,u120,/home,104
1278,u070,/mypage,56
1279,u080,/home,85
1280,u231,/event,161
1281,u209,/home,275
1282,u184,/product,232
1283,u158,/event,136
1284,u437,/home,47
1285,u081,/cart,21
1286,u111,/cart,76
1287,u047,/product,183
1288,u203,/mypage,26
1289,u347,/cart,134
1290,u420,/product,16
1291,u488,/event,232
1292,u285,/mypage,128
1293,u049,/event,53
1294,u412,/product,63
1295,u007,/home,114
1296,u067,/product,206
1297,u191,/home,299
1298,u301,/cart,39
1299,u012,/home,102
1300,u463,/event,66
1301,u048,/cart,63
1302,u022,/event,26
1303,u087,/mypage,222
1304,u421,/event,255
1305,u016,/event,219
1306,u089,/cart,110
1307,u466,/product,141
1308,u144,/event,77
1309,u018,/mypage,126
1310,u332,/cart,256
1311,u211,/mypage,246
1312,u032,/home,144
1313,u197,/product,215
1314,u103,/mypage,128
1315,u323,/mypage,10
1316,u196,/cart,246
1317,u279,/event,177
1318,u468,/mypage,258
1319,u165,/event,139
1320,u093,/home,164
1321,u306,/product,16
1322,u459,/cart,30
1323,u415,/event,272
1324,u184,/mypage,120
1325,u499,/product,52
1326,u127,/product,137
1327,u274,/home,113
1328,u295,/event,182
1329,u479,/product,91
1330,u122,/mypage,163
1331,u413,/cart,15
1332,u361,/cart,291
1333,u289,/product,289
1334,u486,/product,253
1335,u278,/cart,90
1336,u252,/home,47
1337,u029,/product,113
1338,u011,/mypage,245
1339,u001,/cart,104
1340,u413,/product,175
1341,u368,/product,166
1342,u031,/home,76
1343,u301,/product,57
1344,u434,/mypage,187
1345,u492,/home,192
1346,u361,/event,52
1347,u173,/cart,166
1348,u070,/product,224
1349,u406,/event,163
1350,u090,/mypage,183
1351,u115,/mypage,90
1352,u194,/cart,151
1353,u066,/product,1
1354,u486,/mypage,201
1355,u436,/mypage,17
1356,u094,/mypage,163
1357,u472,/mypage,114
1358,u328,/mypage,54
1359,u480,/event,73
1360,u170,/home,122
1361,u178,/cart,86
1362,u326,/home,172
1363,u229,/home,136
1364,u108,/product,35
1365,u180,/cart,56
1366,u369,/home,25
1367,u198,/event,215
1368,u497,/product,212
1369,u253,/event,180
1370,u280,/event,52
1371,u425,/event,296
1372,u334,/product,84
1373,u232,/home,18
1374,u151,/home,164
1375,u134,/home,38
1376,u176,/product,193
1377,u083,/home,281
1378,u483,/home,174
1379,u305,/mypage,248
1380,u361,/home,221
1381,u483,/product,223
1382,u081,/home,52
1383,u170,/product,98
1384,u210,/mypage,277
1385,u136,/cart,153
1386,u122,/home,26
1387,u202,/mypage,282
1388,u431,/event,79
1389,u028,/cart,2
1390,u219,/home,151
1391,u422,/mypage,246
1392,u103,/home,14
1393,u106,/product,150
1394,u042,/event,60
1395,u158,/event,242
1396,u251,/cart,47
1397,u329,/mypage,199
1398,u095,/cart,196
1399,u190,/product,229
1400,u023,/cart,226
1401,u239,/cart,116
1402,u429,/cart,289
1403,u032,/product,50
1404,u044,/cart,278
1405,u212,/mypage,117
1406,u284,/home,199
1407,u420,/mypage,215
1408,u495,/mypage,244
1409,u294,/product,244
1410,u154,/home,203
1411,u463,/home,258
1412,u293,/mypage,293
1413,u347,/mypage,76
1414,u062,/event,89
1415,u486,/product,109
1416,u414,/product,65
1417,u022,/event,41
1418,u350,/event,104
1419,u422,/product,133
1420,u164,/home,45
1421,u199,/mypage,204
1422,u283,/cart,142
1423,u267,/event,7
1424,u403,/mypage,268
1425,u401,/event,58
1426,u213,/product,76
1427,u291,/mypage,299
1428,u389,/home,55
1429,u289,/home,147
1430,u445,/mypage,177
1431,u450,/event,136
1432,u197,/event,293
1433,u312,/event,20
1434,u089,/cart,207
1435,u074,/mypage,206
1436,u020,/event,170
1437,u354,/product,26
1438,u382,/event,138
1439,u460,/cart,11
1440,u173,/cart,160
1441,u144,/event,51
1442,u498,/product,69
1443,u154,/event,165
1444,u138,/event,46
1445,u097,/event,109
1446,u468,/event,249
1447,u389,/mypage,192
1448,u421,/home,264
1449,u406,/product,34
1450,u160,/mypage,207
1451,u070,/mypage,292
1452,u015,/product,99
1453,u449,/product,30
1454,u128,/home,234
1455,u026,/cart,102
1456,u141,/cart,238
1457,u259,/event,64
1458,u349,/home,124
1459,u191,/event,229
1460,u091,/event,283
1461,u180,/cart,84
1462,u429,/cart,47
1463,u146,/home,198
1464,u026,/product,293
1465,u400,/product,114
1466,u332,/product,106
1467,u138,/event,263
1468,u011,/home,243
1469,u467,/product,89
1470,u308,/home,115
1471,u130,/mypage,157
1472,u365,/cart,217
1473,u459,/event,179
1474,u236,/cart,112
1475,u239,/cart,267
1476,u423,/mypage,204
1477,u300,/home,4
1478,u262,/cart,288
1479,u332,/mypage,145
1480,u153,/home,247
1481,u033,/cart,142
1482,u328,/cart,142
1483,u134,/cart,97
1484,u077,/mypage,124
1485,u461,/home,207
1486,u339,/cart,72
1487,u370,/home,255
1488,u152,/cart,215
1489,u208,/event,19
1490,u299,/mypage,98
1491,u176,/product,274
1492,u327,/event,184
1493,u260,/cart,88
1494,u431,/mypage,93
1495,u151,/home,242
1496,u066,/cart,287
1497,u391,/product,172
1498,u336,/home,114
1499,u182,/product,158
1500,u216,/cart,191
1501,u134,/mypage,151
1502,u238,/home,241
1503,u028,/mypage,298
1504,u484,/mypage,37
1505,u242,/product,257
1506,u062,/event,272
1507,u153,/event,28
1508,u446,/product,71
1509,u103,/cart,210
1510,u292,/event,74
1511,u162,/product,42
1512,u250,/cart,91
1513,u161,/home,3
1514,u232,/cart,108
1515,u390,/product,296
1516,u392,/product,251
1517,u403,/home,67
1518,u315,/event,220
1519,u207,/event,245
1520,u197,/home,20
1521,u274,/product,192
1522,u487,/home,165
1523,u388,/mypage,98
1524,u010,/home,128
1525,u116,/cart,160
1526,u067,/home,197
1527,u258,/mypage,157
1528,u086,/home,24
1529,u153,/cart,234
1530,u373,/mypage,269
1531,u173,/event,69
1532,u176,/event,184
1533,u385,/product,85
1534,u486,/event,10
1535,u117,/product,68
1536,u109,/home,259
1537,u087,/home,188
1538,u365,/home,193
1539,u449,/cart,274
1540,u320,/home,25
1541,u339,/home,11
1542,u025,/home,214
1543,u228,/event,64
1544,u281,/cart,243
1545,u360,/product,106
1546,u356,/home,155
1547,u216,/home,267
1548,u139,/mypage,71
1549,u215,/home,262
1550,u369,/mypage,61
1551,u145,/home,55
1552,u255,/product,103
1553,u399,/cart,268
1554,u499,/product,184
1555,u361,/event,152
1556,u083,/home,281
1557,u255,/product,247
1558,u170,/product,2
1559,u007,/home,57
1560,u428,/mypage,253
1561,u077,/home,262
1562,u039,/home,132
1563,u330,/product,234
1564,u152,/cart,238
1565,u026,/home,90
1566,u448,/home,149
1567,u185,/cart,219
1568,u379,/home,49
1569,u436,/home,5
1570,u437,/product,88
1571,u169,/cart,225
1572,u490,/mypage,138
1573,u450,/home,191
1574,u418,/cart,94
1575,u059,/event,205
1576,u493,/event,140
1577,u428,/event,245
1578,u410,/event,86
1579,u058,/product,31
1580,u483,/product,54
1581,u214,/mypage,248
1582,u411,/mypage,225
1583,u093,/mypage,195
1584,u399,/cart,15
1585,u442,/product,248
1586,u472,/event,58
1587,u455,/event,226
1588,u024,/home,134
1589,u336,/cart,7
1590,u361,/mypage,296
1591,u371,/mypage,115
1592,u490,/cart,266
1593,u268,/mypage,49
1594,u222,/product,247
1595,u178,/event,77
1596,u430,/mypage,28
1597,u006,/product,259
1598,u435,/event,254
1599,u446,/product,39
1600,u385,/event,165
1601,u124,/cart,143
1602,u026,/mypage,115
1603,u282,/event,207
1604,u419,/product,41
1605,u236,/event,294
1606,u230,/home,256
1607,u229,/cart,61
1608,u255,/home,53
1609,u207,/event,19
1610,u286,/mypage,1
1611,u423,/home,156
1612,u456,/mypage,288
1613,u106,/event,175
1614,u187,/home,115
1615,u433,/event,170
1616,u287,/mypage,243
1617,u367,/cart,232
1618,u059,/home,114
1619,u002,/cart,182
1620,u425,/cart,281
1621,u268,/cart,55
1622,u024,/product,253
1623,u072,/event,55
1624,u131,/mypage,101
1625,u097,/home,202
1626,u111,/event,98
1627,u367,/cart,56
1628,u388,/event,24
1629,u475,/mypage,64
1630,u396,/event,235
1631,u338,/mypage,259
1632,u069,/event,3
1633,u272,/home,284
1634,u479,/event,300
1635,u248,/mypage,91
1636,u355,/mypage,89
1637,u375,/product,54
1638,u199,/mypage,165
1639,u259,/event,215
1640,u312,/product,141
1641,u204,/cart,151
1642,u232,/product,71
1643,u212,/mypage,263
1644,u154,/mypage,161
1645,u365,/mypage,112
1646,u103,/product,149
1647,u352,/cart,68
1648,u364,/product,258
1649,u278,/cart,60
1650,u390,/cart,288
1651,u246,/mypage,293
1652,u483,/event,274
1653,u147,/event,7
1654,u268,/home,13
1655,u196,/product,28
1656,u344,/home,103
1657,u137,/product,147
1658,u350,/cart,75
1659,u430,/home,152
1660,u105,/mypage,17
1661,u184,/event,53
1662,u316,/mypage,115
1663,u381,/mypage,200
1664,u122,/mypage,148
1665,u355,/home,196
1666,u199,/event,161
1667,u495,/mypage,28
1668,u007,/cart,104
1669,u318,/event,116
1670,u467,/cart,280
1671,u379,/mypage,101
1672,u398,/product,151
1673,u230,/product,39
1674,u096,/product,264
1675,u062,/event,21
1676,u220,/cart,285
1677,u136,/product,83
1678,u300,/cart,3
1679,u170,/event,80
1680,u021,/product,166
1681,u306,/home,155
1682,u252,/mypage,282
1683,u184,/home,163
1684,u270,/product,95
1685,u267,/home,259
1686,u082,/event,279
1687,u275,/event,48
1688,u179,/product,110
1689,u340,/cart,170
1690,u185,/cart,112
1691,u487,/mypage,272
1692,u244,/mypage,5
1693,u059,/cart,229
1694,u124,/mypage,125
1695,u491,/home,165
1696,u196,/home,198
1697,u132,/mypage,145
1698,u013,/mypage,192
1699,u264,/mypage,229
1700,u250,/home,152
1701,u460,/product,165
1702,u264,/home,50
1703,u086,/mypage,274
1704,u004,/home,108
1705,u344,/product,218
1706,u428,/home,106
1707,u276,/event,37
1708,u383,/product,13
1709,u236,/cart,20
1710,u045,/home,28
1711,u092,/cart,286
1712,u037,/mypage,117
1713,u467,/cart,209
1714,u199,/event,208
1715,u222,/cart,9
1716,u200,/home,274
1717,u004,/mypage,33
1718,u388,/mypage,24
1719,u359,/home,184
1720,u476,/mypage,55
1721,u149,/cart,45
1722,u145,/event,196
1723,u203,/home,243
1724,u081,/mypage,113
1725,u070,/event,280
1726,u152,/product,153
1727,u347,/cart,6
1728,u284,/mypage,73
1729,u064,/home,3
1730,u294,/mypage,202
1731,u276,/mypage,44
1732,u157,/product,177
1733,u109,/event,263
1734,u073,/product,95
1735,u114,/mypage,130
1736,u100,/home,93
1737,u344,/mypage,28
1738,u436,/mypage,237
1739,u331,/mypage,38
1740,u149,/home,129
1741,u051,/product,298
1742,u250,/cart,183
1743,u066,/product,52
1744,u146,/mypage,36
1745,u461,/product,163
1746,u249,/event,169
1747,u316,/cart,300
1748,u079,/mypage,291
1749,u187,/cart,220
1750,u087,/home,161
1751,u127,/product,224
1752,u142,/cart,69
1753,u348,/cart,246
1754,u237,/event,184
1755,u397,/cart,250
1756,u283,/home,90
1757,u331,/mypage,42
1758,u431,/cart,72
1759,u457,/mypage,101
1760,u135,/home,39
1761,u457,/home,260
1762,u324,/home,298
1763,u297,/event,109
1764,u465,/home,283
1765,u134,/mypage,277
1766,u242,/product,188
1767,u201,/product,149
1768,u069,/event,257
1769,u262,/home,204
1770,u187,/mypage,6
1771,u340,/product,85
1772,u388,/mypage,72
1773,u229,/product,92
1774,u290,/mypage,75
1775,u377,/event,184
1776,u021,/product,250
1777,u119,/home,136
1778,u190,/product,22
1779,u343,/product,266
1780,u465,/cart,199
1781,u241,/event,24
1782,u021,/cart,53
1783,u361,/mypage,141
1784,u428,/cart,297
1785,u279,/mypage,90
1786,u193,/event,188
1787,u301,/home,265
1788,u129,/event,115
1789,u265,/event,181
1790,u419,/cart,250
1791,u406,/event,4
1792,u257,/product,226
1793,u085,/product,40
1794,u264,/cart,109
1795,u077,/product,81
1796,u186,/mypage,61
1797,u339,/product,213
1798,u416,/cart,59
1799,u247,/event,246
1800,u108,/mypage,83
1801,u332,/event,12
1802,u125,/home,66
1803,u294,/mypage,83
1804,u069,/mypage,21
1805,u457,/mypage,76
1806,u029,/product,133
1807,u473,/product,265
1808,u491,/event,289
1809,u327,/home,146
1810,u485,/home,111
1811,u230,/mypage,242
1812,u445,/event,88
1813,u113,/event,74
1814,u407,/mypage,94
1815,u320,/mypage,136
1816,u086,/cart,233
1817,u306,/mypage,36
1818,u118,/event,198
1819,u068,/home,9
1820,u104,/mypage,259
1821,u351,/event,77
1822,u311,/home,91
1823,u244,/mypage,20
1824,u450,/mypage,258
1825,u386,/home,48
1826,u247,/product,277
1827,u424,/home,221
1828,u268,/event,190
1829,u448,/home,272
1830,u220,/product,247
1831,u405,/event,180
1832,u302,/mypage,51
1833,u218,/product,131
1834,u245,/product,43
1835,u146,/mypage,279
1836,u210,/cart,97
1837,u003,/home,296
1838,u268,/home,267
1839,u004,/event,106
1840,u353,/cart,210
1841,u186,/home,80
1842,u219,/mypage,130
1843,u134,/mypage,217
1844,u290,/cart,142
1845,u349,/event,105
1846,u212,/mypage,286
1847,u248,/product,190
1848,u287,/mypage,248
1849,u130,/cart,296
1850,u177,/event,71
1851,u438,/home,118
1852,u229,/product,52
1853,u110,/mypage,206
1854,u403,/cart,282
1855,u315,/home,83
1856,u200,/home,47
1857,u422,/product,242
1858,u475,/mypage,223
1859,u046,/home,135
1860,u114,/cart,41
1861,u312,/home,197
1862,u477,/event,267
1863,u147,/mypage,30
1864,u485,/product,254
1865,u225,/home,104
1866,u436,/mypage,147
1867,u100,/home,262
1868,u265,/product,87
1869,u346,/home,185
1870,u123,/home,81
1871,u045,/cart,205
1872,u181,/event,208
1873,u301,/product,266
1874,u008,/home,47
1875,u282,/cart,287
1876,u469,/mypage,179
1877,u178,/cart,116
1878,u311,/product,233
1879,u477,/event,295
1880,u003,/cart,90
1881,u209,/mypage,55
1882,u287,/home,258
1883,u151,/cart,60
1884,u412,/mypage,132
1885,u449,/mypage,295
1886,u129,/event,194
1887,u289,/event,125
1888,u388,/cart,235
1889,u349,/event,15
1890,u247,/home,133
1891,u035,/event,113
1892,u347,/product,162
1893,u212,/cart,265
1894,u275,/home,135
1895,u128,/cart,48
1896,u205,/cart,39
1897,u284,/product,244
1898,u161,/cart,112
1899,u458,/mypage,138
1900,u094,/product,256
1901,u378,/product,121
1902,u377,/product,136
1903,u106,/product,104
1904,u428,/product,183
1905,u080,/home,62
1906,u472,/home,253
1907,u315,/home,278
1908,u491,/home,247
1909,u191,/mypage,162
1910,u253,/mypage,141
1911,u252,/product,262
1912,u144,/event,114
1913,u385,/mypage,66
1914,u028,/mypage,217
1915,u245,/mypage,17
1916,u258,/cart,202
1917,u441,/product,235
1918,u500,/home,266
1919,u236,/cart,5
1920,u007,/product,195
1921,u298,/home,167
1922,u186,/mypage,133
1923,u096,/mypage,135
1924,u122,/cart,242
1925,u491,/mypage,176
1926,u188,/product,256
1927,u218,/product,215
1928,u359,/cart,187
1929,u438,/event,144
1930,u231,/product,293
1931,u068,/mypage,118
1932,u417,/home,139
1933,u412,/product,285
1934,u222,/event,101
1935,u075,/product,243
1936,u413,/home,91
1937,u216,/event,69
1938,u458,/mypage,274
1939,u369,/cart,250
1940,u154,/cart,288
1941,u440,/mypage,25
1942,u204,/home,84
1943,u031,/product,131
1944,u244,/home,231
1945,u382,/cart,134
1946,u185,/cart,287
1947,u286,/cart,177
1948,u011,/event,63
1949,u180,/mypage,102
1950,u296,/mypage,276
1951,u090,/cart,182
1952,u167,/mypage,250
1953,u397,/event,41
1954,u196,/mypage,147
1955,u238,/product,86
1956,u328,/cart,216
1957,u324,/mypage,293
1958,u208,/home,41
1959,u083,/cart,117
1960,u161,/cart,150
1961,u364,/cart,203
1962,u139,/event,186
1963,u383,/mypage,267
1964,u495,/event,212
1965,u086,/product,12
1966,u065,/product,129
1967,u482,/home,108
1968,u086,/event,53
1969,u049,/home,243
1970,u281,/home,14
1971,u395,/event,269
1972,u392,/home,54
1973,u135,/mypage,80
1974,u044,/event,159
1975,u118,/product,146
1976,u227,/product,68
1977,u270,/product,15
1978,u018,/cart,167
1979,u443,/event,240
1980,u500,/mypage,140
1981,u281,/event,70
1982,u497,/mypage,91
1983,u303,/mypage,234
1984,u324,/mypage,223
1985,u269,/mypage,159
1986,u466,/cart,247
1987,u277,/product,46
1988,u227,/cart,188
1989,u212,/cart,80
1990,u156,/home,1
1991,u268,/product,177
1992,u147,/event,274
1993,u005,/event,245
1994,u154,/home,221
1995,u409,/cart,119
1996,u408,/home,281
1997,u192,/product,211
1998,u452,/mypage,224
1999,u203,/product,84
2000,u367,/event,194
2001,u113,/cart,41
2002,u217,/product,265
2003,u392,/mypage,140
2004,u146,/mypage,138
2005,u212,/product,36
2006,u094,/product,149
2007,u057,/event,232
2008,u140,/mypage,252
2009,u097,/cart,10
2010,u078,/home,274
2011,u012,/product,53
2012,u145,/cart,65
2013,u367,/event,5
2014,u120,/home,78
2015,u008,/event,112
2016,u176,/event,160
2017,u403,/event,191
2018,u238,/home,170
2019,u042,/product,29
2020,u137,/event,37
2021,u279,/event,93
2022,u099,/cart,196
2023,u425,/home,63
2024,u499,/product,198
2025,u395,/event,127
2026,u378,/home,102
2027,u236,/home,267
2028,u341,/product,243
2029,u200,/cart,166
2030,u082,/home,282
2031,u267,/home,130
2032,u247,/cart,102
2033,u185,/home,112
2034,u499,/home,121
2035,u325,/event,167
2036,u008,/product,142
2037,u300,/home,203
2038,u405,/product,5
2039,u497,/home,298
2040,u402,/event,80
2041,u191,/home,128
2042,u081,/event,47
2043,u352,/mypage,174
2044,u477,/home,31
2045,u183,/product,275
2046,u406,/home,65
2047,u250,/product,163
2048,u286,/cart,225
2049,u376,/product,11
2050,u353,/event,184
2051,u371,/product,129
2052,u461,/home,249
2053,u362,/event,287
2054,u151,/mypage,251
2055,u098,/mypage,96
2056,u279,/cart,166
2057,u375,/event,141
2058,u445,/mypage,284
2059,u083,/home,272
2060,u080,/event,152
2061,u420,/cart,278
2062,u188,/event,1
2063,u398,/mypage,195
2064,u376,/product,10
2065,u318,/cart,123
2066,u165,/home,276
2067,u420,/event,98
2068,u269,/event,283
2069,u079,/mypage,145
2070,u166,/event,165
2071,u057,/home,268
2072,u338,/home,23
2073,u428,/product,92
2074,u448,/home,104
2075,u055,/event,99
2076,u051,/home,293
2077,u329,/event,251
2078,u270,/mypage,132
2079,u026,/cart,114
2080,u311,/home,7
2081,u477,/product,252
2082,u476,/home,240
2083,u411,/home,185
2084,u286,/event,189
2085,u407,/home,137
2086,u271,/home,37
2087,u428,/cart,40
2088,u484,/product,266
2089,u050,/home,119
2090,u273,/event,98
2091,u099,/mypage,128
2092,u292,/product,286
2093,u384,/mypage,213
2094,u383,/home,296
2095,u184,/event,219
2096,u453,/home,86
2097,u406,/product,282
2098,u206,/mypage,173
2099,u337,/product,274
2100,u308,/event,181
2101,u463,/cart,282
2102,u167,/cart,212
2103,u392,/event,166
2104,u312,/product,289
2105,u280,/product,193
2106,u393,/mypage,131
2107,u185,/event,230
2108,u492,/event,1
2109,u372,/home,146
2110,u306,/home,266
2111,u070,/cart,4
2112,u154,/product,110
2113,u439,/cart,12
2114,u396,/cart,284
2115,u262,/mypage,293
2116,u475,/mypage,80
2117,u049,/home,236
2118,u183,/product,71
2119,u136,/cart,299
2120,u128,/product,132
2121,u416,/cart,48
2122,u293,/event,292
2123,u470,/product,40
2124,u371,/cart,248
2125,u089,/event,296
2126,u420,/home,154
2127,u020,/mypage,196
2128,u041,/home,172
2129,u179,/event,214
2130,u477,/home,117
2131,u383,/mypage,6
2132,u325,/event,28
2133,u157,/mypage,22
2134,u164,/mypage,290
2135,u077,/cart,258
2136,u358,/product,79
2137,u026,/event,229
2138,u386,/mypage,295
2139,u259,/home,114
2140,u222,/cart,202
2141,u076,/product,173
2142,u043,/event,293
2143,u382,/home,281
2144,u205,/cart,44
2145,u205,/mypage,223
2146,u397,/product,70
2147,u247,/mypage,102
2148,u250,/event,293
2149,u101,/mypage,269
2150,u127,/product,37
2151,u137,/event,166
2152,u351,/mypage,46
2153,u058,/event,217
2154,u188,/cart,98
2155,u165,/cart,13
2156,u395,/cart,87
2157,u180,/mypage,227
2158,u320,/product,226
2159,u023,/product,103
2160,u351,/cart,80
2161,u388,/home,58
2162,u379,/home,125
2163,u486,/mypage,76
2164,u445,/cart,8
2165,u176,/home,157
2166,u231,/event,12
2167,u170,/product,276
2168,u109,/product,280
2169,u268,/cart,281
2170,u248,/mypage,73
2171,u356,/home,193
2172,u299,/mypage,23
2173,u131,/product,31
2174,u146,/product,139
2175,u028,/event,5
2176,u035,/event,139
2177,u340,/cart,56
2178,u010,/cart,198
2179,u119,/event,261
2180,u364,/home,162
2181,u249,/mypage,273
2182,u046,/product,102
2183,u257,/event,288
2184,u475,/home,21
2185,u127,/mypage,157
2186,u171,/event,202
2187,u382,/product,10
2188,u178,/cart,182
2189,u321,/cart,121
2190,u257,/cart,32
2191,u321,/cart,199
2192,u456,/home,285
2193,u486,/cart,116
2194,u078,/cart,202
2195,u337,/product,45
2196,u374,/event,267
2197,u492,/mypage,117
2198,u214,/product,294
2199,u079,/event,160
2200,u466,/mypage,169
2201,u230,/mypage,68
2202,u106,/product,298
2203,u278,/product,71
2204,u159,/mypage,70
2205,u221,/product,290
2206,u470,/product,163
2207,u035,/mypage,273
2208,u486,/home,95
2209,u163,/product,16
2210,u392,/cart,212
2211,u493,/event,156
2212,u227,/cart,78
2213,u399,/product,55
2214,u068,/product,14
2215,u391,/mypage,137
2216,u311,/mypage,119
2217,u306,/product,119
2218,u352,/home,184
2219,u041,/event,69
2220,u258,/mypage,241
2221,u365,/cart,95
2222,u437,/event,252
2223,u243,/product,84
2224,u099,/product,17
2225,u210,/home,139
2226,u487,/event,114
2227,u381,/product,105
2228,u034,/product,225
2229,u444,/mypage,251
2230,u353,/cart,235
2231,u455,/product,219
2232,u208,/home,195
2233,u369,/cart,202
2234,u314,/mypage,275
2235,u269,/home,267
2236,u056,/event,234
2237,u424,/home,126
2238,u266,/mypage,203
2239,u377,/home,286
2240,u199,/mypage,26
2241,u098,/cart,226
2242,u204,/cart,147
2243,u237,/product,217
2244,u151,/mypage,28
2245,u354,/mypage,73
2246,u238,/event,47
2247,u370,/mypage,58
2248,u093,/mypage,280
2249,u070,/event,212
2250,u166,/event,13
2251,u092,/event,104
2252,u452,/event,47
2253,u129,/cart,84
2254,u368,/home,47
2255,u059,/event,186
2256,u044,/mypage,197
2257,u373,/mypage,82
2258,u194,/mypage,195
2259,u023,/product,172
2260,u290,/product,84
2261,u445,/product,92
2262,u394,/home,215
2263,u158,/cart,229
2264,u148,/product,61
2265,u461,/product,104
2266,u002,/mypage,130
2267,u007,/event,255
2268,u438,/event,279
2269,u414,/home,253
2270,u122,/product,244
2271,u233,/event,227
2272,u041,/mypage,4
2273,u126,/mypage,143
2274,u318,/mypage,107
2275,u026,/product,76
2276,u029,/cart,19
2277,u075,/home,296
2278,u430,/mypage,153
2279,u170,/home,26
2280,u056,/event,92
2281,u083,/cart,294
2282,u404,/mypage,91
2283,u495,/event,297
2284,u185,/home,48
2285,u394,/cart,166
2286,u189,/event,35
2287,u389,/event,282
2288,u034,/cart,242
2289,u069,/home,141
2290,u169,/mypage,212
2291,u269,/product,108
2292,u314,/home,56
2293,u293,/mypage,45
2294,u248,/mypage,148
2295,u219,/mypage,163
2296,u133,/mypage,295
2297,u320,/cart,67
2298,u315,/mypage,255
2299,u267,/event,253
2300,u414,/product,120
2301,u363,/cart,100
2302,u001,/home,13
2303,u239,/home,107
2304,u410,/mypage,213
2305,u212,/home,171
2306,u180,/mypage,109
2307,u006,/product,145
2308,u131,/home,158
2309,u154,/mypage,282
2310,u166,/home,59
2311,u352,/cart,175
2312,u203,/mypage,15
2313,u427,/product,100
2314,u170,/cart,246
2315,u470,/event,19
2316,u331,/product,247
2317,u080,/event,275
2318,u459,/cart,237
2319,u402,/event,29
2320,u428,/mypage,154
2321,u290,/cart,285
2322,u275,/home,107
2323,u296,/cart,182
2324,u034,/product,144
2325,u431,/home,174
2326,u193,/mypage,85
2327,u293,/mypage,200
2328,u096,/mypage,60
2329,u443,/cart,162
2330,u364,/home,140
2331,u212,/home,255
2332,u450,/product,191
2333,u232,/cart,111
2334,u269,/cart,90
2335,u058,/cart,20
2336,u399,/product,48
2337,u228,/mypage,13
2338,u410,/event,257
2339,u079,/product,175
2340,u473,/event,269
2341,u159,/cart,74
2342,u394,/home,265
2343,u347,/product,106
2344,u371,/home,236
2345,u199,/mypage,60
2346,u003,/cart,23
2347,u352,/mypage,45
2348,u171,/event,24
2349,u053,/mypage,160
2350,u012,/mypage,160
2351,u328,/product,165
2352,u103,/product,147
2353,u142,/mypage,164
2354,u396,/event,61
2355,u140,/product,81
2356,u141,/home,8
2357,u491,/mypage,287
2358,u264,/home,106
2359,u278,/cart,282
2360,u164,/cart,73
2361,u483,/cart,294
2362,u126,/product,37
2363,u160,/mypage,174
2364,u277,/event,26
2365,u067,/home,242
2366,u463,/home,55
2367,u197,/home,45
2368,u219,/event,92
2369,u361,/mypage,229
2370,u316,/cart,160
2371,u171,/product,274
2372,u041,/event,291
2373,u068,/home,240
2374,u050,/event,159
2375,u351,/event,241
2376,u119,/product,74
2377,u441,/mypage,133
2378,u468,/cart,201
2379,u094,/cart,167
2380,u233,/event,16
2381,u034,/event,58
2382,u180,/event,237
2383,u434,/product,145
2384,u394,/cart,295
2385,u066,/mypage,53
2386,u208,/home,167
2387,u285,/home,155
2388,u273,/event,206
2389,u303,/event,123
2390,u318,/product,281
2391,u082,/event,197
2392,u034,/cart,107
2393,u417,/mypage,221
2394,u402,/event,291
2395,u404,/cart,279
2396,u356,/product,89
2397,u340,/home,294
2398,u429,/event,59
2399,u304,/mypage,238
2400,u167,/mypage,50
2401,u421,/event,91
2402,u158,/event,36
2403,u307,/home,195
2404,u168,/event,32
2405,u047,/product,72
2406,u455,/mypage,1
2407,u388,/product,77
2408,u232,/mypage,150
2409,u200,/mypage,296
2410,u229,/product,106
2411,u349,/cart,154
2412,u292,/cart,223
2413,u368,/cart,46
2414,u299,/home,262
2415,u207,/product,151
2416,u032,/cart,282
2417,u496,/home,1
2418,u361,/mypage,184
2419,u057,/cart,16
2420,u121,/event,202
2421,u321,/cart,196
2422,u208,/event,223
2423,u280,/product,89
2424,u244,/product,97
2425,u285,/event,185
2426,u431,/event,79
2427,u148,/product,69
2428,u006,/home,9
2429,u074,/event,224
2430,u500,/product,44
2431,u071,/event,234
2432,u458,/mypage,218
2433,u320,/product,233
2434,u261,/event,283
2435,u420,/event,197
2436,u182,/product,96
2437,u218,/mypage,4
2438,u296,/event,122
2439,u365,/mypage,138
2440,u211,/mypage,296
2441,u188,/home,20
2442,u291,/event,189
2443,u058,/mypage,247
2444,u493,/home,73
2445,u374,/mypage,144
2446,u239,/mypage,41
2447,u268,/mypage,46
2448,u126,/event,40
2449,u351,/mypage,297
2450,u160,/mypage,28
2451,u463,/cart,274
2452,u399,/home,241
2453,u233,/mypage,241
2454,u294,/cart,216
2455,u181,/cart,149
2456,u086,/home,156
2457,u373,/mypage,134
2458,u032,/event,297
2459,u087,/mypage,27
2460,u337,/cart,14
2461,u147,/event,43
2462,u065,/mypage,40
2463,u436,/cart,130
2464,u068,/mypage,144
2465,u141,/cart,8
2466,u380,/home,90
2467,u466,/mypage,78
2468,u338,/event,190
2469,u414,/product,134
2470,u401,/product,249
2471,u093,/mypage,17
2472,u176,/home,75
2473,u305,/product,254
2474,u386,/event,197
2475,u122,/event,86
2476,u108,/mypage,177
2477,u028,/cart,60
2478,u027,/product,238
2479,u205,/event,155
2480,u244,/mypage,120
2481,u195,/event,243
2482,u135,/product,272
2483,u446,/event,7
2484,u148,/event,196
2485,u348,/cart,272
2486,u350,/home,50
2487,u470,/mypage,182
2488,u490,/event,140
2489,u172,/cart,137
2490,u411,/home,131
2491,u336,/mypage,201
2492,u237,/product,100
2493,u267,/cart,93
2494,u161,/mypage,6
2495,u345,/home,35
2496,u007,/event,51
2497,u269,/home,229
2498,u180,/product,146
2499,u129,/product,18
2500,u013,/mypage,48
2501,u030,/mypage,112
2502,u487,/mypage,63
2503,u363,/home,45
2504,u439,/mypage,67
2505,u193,/mypage,95
2506,u459,/home,95
2507,u130,/cart,240
2508,u339,/home,233
2509,u473,/cart,219
2510,u355,/cart,132
2511,u083,/home,142
2512,u398,/home,196
2513,u199,/cart,31
2514,u133,/cart,92
2515,u226,/home,252
2516,u476,/product,202
2517,u092,/event,56
2518,u074,/mypage,221
2519,u112,/mypage,55
2520,u468,/event,133
2521,u053,/home,38
2522,u037,/mypage,129
2523,u398,/event,10
2524,u460,/event,77
2525,u335,/home,20
2526,u341,/event,137
2527,u078,/cart,201
2528,u295,/home,264
2529,u363,/event,245
2530,u224,/event,36
2531,u277,/product,2
2532,u197,/event,63
2533,u291,/mypage,184
2534,u171,/cart,206
2535,u029,/home,188
2536,u274,/cart,42
2537,u431,/event,149
2538,u332,/product,91
2539,u284,/home,197
2540,u339,/product,154
2541,u357,/event,55
2542,u323,/cart,250
2543,u044,/event,98
2544,u072,/home,99
2545,u013,/mypage,123
2546,u251,/event,33
2547,u406,/mypage,158
2548,u256,/mypage,231
2549,u495,/home,19
2550,u174,/home,173
2551,u404,/home,208
2552,u061,/product,268
2553,u235,/mypage,77
2554,u380,/mypage,120
2555,u474,/home,19
2556,u377,/product,251
2557,u335,/home,242
2558,u465,/mypage,24
2559,u125,/product,8
2560,u089,/home,158
2561,u421,/home,234
2562,u313,/product,33
2563,u419,/home,59
2564,u255,/mypage,113
2565,u033,/product,219
2566,u173,/event,167
2567,u062,/mypage,280
2568,u071,/cart,110
2569,u392,/home,89
2570,u172,/home,62
2571,u141,/product,213
2572,u087,/cart,284
2573,u085,/event,125
2574,u474,/mypage,21
2575,u069,/home,193
2576,u399,/product,9
2577,u451,/event,42
2578,u004,/home,92
2579,u475,/home,146
2580,u214,/event,65
2581,u106,/product,139
2582,u268,/event,211
2583,u123,/product,20
2584,u306,/product,256
2585,u314,/home,155
2586,u179,/event,3
2587,u286,/product,99
2588,u061,/mypage,49
2589,u317,/cart,277
2590,u260,/product,238
2591,u395,/product,142
2592,u028,/product,58
2593,u408,/product,243
2594,u255,/product,82
2595,u344,/home,28
2596,u331,/cart,146
2597,u108,/event,129
2598,u172,/mypage,233
2599,u023,/home,27
2600,u474,/mypage,91
2601,u081,/home,249
2602,u264,/home,37
2603,u459,/product,228
2604,u304,/mypage,167
2605,u215,/product,167
2606,u118,/home,167
2607,u117,/home,122
2608,u378,/event,103
2609,u193,/product,38
2610,u242,/mypage,249
2611,u028,/event,75
2612,u111,/mypage,233
2613,u092,/event,192
2614,u070,/event,100
2615,u324,/cart,139
2616,u104,/cart,66
2617,u017,/mypage,31
2618,u144,/product,57
2619,u437,/event,235
2620,u215,/product,176
2621,u113,/cart,81
2622,u405,/mypage,88
2623,u296,/mypage,118
2624,u045,/event,268
2625,u251,/product,243
2626,u429,/event,143
2627,u008,/event,127
2628,u127,/cart,223
2629,u297,/product,77
2630,u468,/mypage,3
2631,u214,/home,21
2632,u241,/mypage,18
2633,u218,/mypage,202
2634,u246,/home,232
2635,u254,/product,43
2636,u286,/home,209
2637,u487,/product,68
2638,u184,/cart,123
2639,u332,/home,9
2640,u246,/cart,83
2641,u361,/event,293
2642,u383,/mypage,13
2643,u500,/event,238
2644,u396,/product,208
2645,u095,/cart,238
2646,u361,/home,37
2647,u198,/cart,272
2648,u017,/cart,219
2649,u386,/cart,278
2650,u295,/product,42
2651,u318,/cart,29
2652,u264,/cart,27
2653,u057,/event,188
2654,u239,/mypage,21
2655,u188,/cart,90
2656,u332,/mypage,35
2657,u288,/product,71
2658,u172,/product,277
2659,u059,/event,298
2660,u447,/product,116
2661,u165,/cart,137
2662,u258,/event,142
2663,u028,/home,191
2664,u177,/event,249
2665,u257,/mypage,63
2666,u241,/mypage,273
2667,u461,/cart,232
2668,u318,/cart,34
2669,u097,/event,45
2670,u042,/event,92
2671,u148,/home,56
2672,u085,/cart,58
2673,u357,/product,255
2674,u078,/product,267
2675,u488,/home,151
2676,u214,/mypage,68
2677,u243,/cart,216
2678,u228,/home,150
2679,u097,/home,12
2680,u447,/product,267
2681,u331,/cart,211
2682,u297,/cart,168
2683,u249,/mypage,272
2684,u432,/mypage,228
2685,u235,/cart,291
2686,u068,/cart,88
2687,u405,/cart,117
2688,u248,/cart,148
2689,u395,/home,76
2690,u181,/cart,234
2691,u490,/product,83
2692,u365,/mypage,147
2693,u094,/product,79
2694,u083,/product,60
2695,u022,/cart,295
2696,u065,/event,134
2697,u190,/product,106
2698,u288,/home,163
2699,u177,/product,191
2700,u230,/mypage,84
2701,u274,/cart,63
2702,u472,/home,208
2703,u477,/event,75
2704,u486,/event,164
2705,u080,/home,280
2706,u500,/mypage,170
2707,u332,/cart,243
2708,u459,/cart,294
2709,u342,/product,290
2710,u374,/event,174
2711,u353,/home,246
2712,u461,/home,72
2713,u348,/mypage,60
2714,u158,/home,206
2715,u317,/product,229
2716,u183,/home,168
2717,u029,/mypage,100
2718,u299,/mypage,114
2719,u401,/cart,101
2720,u012,/home,276
2721,u435,/event,45
2722,u500,/mypage,202
2723,u100,/event,163
2724,u309,/mypage,262
2725,u484,/home,185
2726,u204,/product,219
2727,u190,/event,191
2728,u007,/cart,177
2729,u180,/cart,229
2730,u448,/mypage,45
2731,u111,/event,213
2732,u412,/event,148
2733,u084,/event,213
2734,u072,/mypage,45
2735,u074,/product,156
2736,u244,/mypage,172
2737,u034,/mypage,193
2738,u046,/home,210
2739,u328,/cart,213
2740,u090,/mypage,237
2741,u364,/mypage,71
2742,u103,/product,196
2743,u149,/mypage,252
2744,u022,/cart,300
2745,u156,/event,287
2746,u379,/event,115
2747,u014,/home,79
2748,u135,/cart,242
2749,u064,/cart,214
2750,u092,/event,126
2751,u015,/home,142
2752,u253,/home,186
2753,u298,/event,290
2754,u224,/cart,244
2755,u499,/home,192
2756,u263,/mypage,9
2757,u433,/cart,84
2758,u298,/home,75
2759,u164,/event,70
2760,u183,/product,28
2761,u140,/cart,215
2762,u326,/cart,25
2763,u149,/cart,272
2764,u328,/home,264
2765,u100,/product,49
2766,u307,/product,279
2767,u166,/cart,155
2768,u139,/cart,50
2769,u274,/mypage,181
2770,u422,/product,7
2771,u071,/mypage,145
2772,u191,/event,211
2773,u175,/product,53
2774,u112,/product,258
2775,u114,/product,287
2776,u315,/mypage,273
2777,u365,/mypage,59
2778,u214,/event,40
2779,u060,/product,9
2780,u246,/cart,160
2781,u354,/cart,72
2782,u419,/event,268
2783,u391,/cart,89
2784,u364,/cart,15
2785,u382,/home,114
2786,u066,/product,117
2787,u158,/product,108
2788,u067,/home,218
2789,u354,/home,40
2790,u010,/event,221
2791,u022,/product,56
2792,u017,/mypage,31
2793,u241,/home,130
2794,u023,/home,155
2795,u342,/home,50
2796,u401,/home,106
2797,u301,/product,95
2798,u344,/cart,15
2799,u047,/product,143
2800,u486,/mypage,179
2801,u181,/product,257
2802,u400,/mypage,124
2803,u259,/mypage,35
2804,u051,/mypage,8
2805,u271,/product,99
2806,u494,/cart,88
2807,u462,/mypage,3
2808,u499,/home,110
2809,u472,/mypage,244
2810,u188,/mypage,95
2811,u226,/home,93
2812,u428,/cart,195
2813,u218,/product,264
2814,u117,/event,58
2815,u390,/cart,64
2816,u239,/home,267
2817,u070,/event,185
2818,u361,/cart,286
2819,u370,/home,43
2820,u168,/event,60
2821,u198,/cart,234
2822,u308,/cart,228
2823,u116,/mypage,209
2824,u149,/event,97
2825,u439,/home,244
2826,u481,/cart,92
2827,u007,/event,54
2828,u203,/event,268
2829,u338,/home,62
2830,u074,/event,206
2831,u356,/mypage,53
2832,u380,/product,34
2833,u187,/product,174
2834,u103,/mypage,207
2835,u063,/product,218
2836,u372,/event,143
2837,u392,/mypage,140
2838,u388,/event,183
2839,u244,/mypage,208
2840,u249,/mypage,143
2841,u076,/event,56
2842,u063,/cart,251
2843,u255,/product,69
2844,u016,/home,28
2845,u426,/home,256
2846,u348,/home,92
2847,u196,/mypage,168
2848,u079,/cart,50
2849,u390,/home,267
2850,u393,/event,239
2851,u104,/cart,255
2852,u252,/mypage,134
2853,u278,/cart,277
2854,u280,/home,17
2855,u221,/home,197
2856,u231,/cart,193
2857,u227,/event,19
2858,u017,/product,286
2859,u338,/cart,85
2860,u252,/event,69
2861,u160,/event,250
2862,u392,/home,292
2863,u346,/event,284
2864,u351,/mypage,293
2865,u241,/event,288
2866,u438,/product,260
2867,u029,/event,135
2868,u254,/mypage,194
2869,u316,/cart,146
2870,u165,/home,15
2871,u303,/home,66
2872,u429,/cart,179
2873,u415,/mypage,14
2874,u392,/cart,195
2875,u050,/event,177
2876,u183,/event,180
2877,u029,/product,127
2878,u121,/cart,44
2879,u467,/home,157
2880,u059,/cart,87
2881,u011,/mypage,167
2882,u020,/event,217
2883,u291,/mypage,216
2884,u137,/home,241
2885,u302,/home,163
2886,u194,/mypage,200
2887,u166,/mypage,51
2888,u414,/event,52
2889,u354,/product,173
2890,u255,/mypage,174
2891,u086,/mypage,154
2892,u187,/event,104
2893,u255,/home,275
2894,u110,/cart,136
2895,u025,/cart,294
2896,u206,/product,48
2897,u368,/mypage,49
2898,u304,/cart,140
2899,u035,/mypage,272
2900,u244,/event,108
2901,u178,/home,155
2902,u259,/cart,222
2903,u340,/mypage,161
2904,u103,/event,206
2905,u129,/mypage,264
2906,u233,/mypage,93
2907,u452,/home,265
2908,u442,/product,296
2909,u256,/product,240
2910,u138,/mypage,223
2911,u479,/mypage,31
2912,u268,/product,187
2913,u237,/product,124
2914,u078,/cart,223
2915,u211,/cart,33
2916,u325,/product,212
2917,u137,/cart,83
2918,u132,/mypage,121
2919,u208,/product,59
2920,u077,/product,15
2921,u126,/cart,238
2922,u249,/mypage,224
2923,u217,/home,104
2924,u082,/cart,70
2925,u015,/cart,143
2926,u338,/mypage,91
2927,u330,/home,249
2928,u401,/home,29
2929,u441,/home,161
2930,u309,/cart,33
2931,u462,/event,187
2932,u344,/home,204
2933,u483,/product,121
2934,u058,/mypage,257
2935,u478,/home,268
2936,u341,/mypage,269
2937,u129,/event,47
2938,u122,/mypage,63
2939,u396,/cart,169
2940,u427,/mypage,200
2941,u413,/product,217
2942,u112,/product,55
2943,u090,/product,141
2944,u226,/event,131
2945,u442,/mypage,29
2946,u252,/mypage,192
2947,u359,/home,163
2948,u280,/event,244
2949,u350,/product,143
2950,u451,/product,186
2951,u244,/cart,158
2952,u011,/mypage,18
2953,u431,/home,123
2954,u130,/mypage,197
2955,u159,/cart,63
2956,u274,/product,227
2957,u199,/home,202
2958,u475,/cart,155
2959,u047,/product,153
2960,u108,/product,225
2961,u324,/cart,209
2962,u405,/home,141
2963,u444,/home,252
2964,u242,/event,171
2965,u368,/event,52
2966,u423,/product,134
2967,u260,/home,181
2968,u216,/mypage,281
2969,u378,/cart,233
2970,u356,/home,27
2971,u329,/product,228
2972,u406,/product,2
2973,u206,/product,157
2974,u161,/mypage,43
2975,u057,/product,128
2976,u265,/product,211
2977,u406,/cart,232
2978,u245,/product,134
2979,u089,/mypage,168
2980,u410,/cart,102
2981,u044,/event,189
2982,u094,/event,194
2983,u484,/mypage,115
2984,u011,/home,286
2985,u332,/mypage,118
2986,u465,/home,237
2987,u102,/cart,87
2988,u026,/event,220
2989,u308,/cart,77
2990,u046,/cart,88
2991,u485,/mypage,61
2992,u008,/mypage,223
2993,u396,/event,254
2994,u061,/product,105
2995,u098,/cart,148
2996,u383,/event,196
2997,u067,/event,106
2998,u308,/product,145
2999,u373,/product,215
3000,u093,/event,75
3001,u015,/cart,135
3002,u121,/mypage,231
3003,u465,/product,190
3004,u299,/event,44
3005,u006,/event,69
3006,u447,/cart,204
3007,u352,/product,197
3008,u363,/event,132
3009,u038,/home,286
3010,u031,/home,171
3011,u477,/product,242
3012,u466,/cart,24
3013,u003,/cart,259
3014,u318,/event,155
3015,u203,/cart,68
3016,u496,/mypage,22
3017,u298,/product,134
3018,u087,/mypage,253
3019,u477,/cart,240
3020,u068,/home,163
3021,u364,/mypage,222
3022,u073,/cart,60
3023,u161,/home,66
3024,u256,/cart,185
3025,u475,/event,145
3026,u463,/cart,136
3027,u265,/cart,224
3028,u458,/product,162
3029,u378,/event,78
3030,u285,/event,28
3031,u097,/product,28
3032,u118,/product,19
3033,u241,/cart,84
3034,u362,/event,224
3035,u060,/event,21
3036,u227,/cart,288
3037,u249,/event,253
3038,u058,/product,64
3039,u179,/home,105
3040,u445,/cart,93
3041,u428,/product,261
3042,u422,/cart,289
3043,u457,/mypage,109
3044,u299,/home,270
3045,u393,/mypage,93
3046,u214,/home,127
3047,u394,/event,49
3048,u455,/cart,14
3049,u146,/home,202
3050,u192,/mypage,55
3051,u429,/cart,79
3052,u015,/home,236
3053,u426,/event,233
3054,u322,/cart,3
3055,u169,/home,232
3056,u167,/mypage,67
3057,u109,/home,145
3058,u166,/home,37
3059,u281,/mypage,196
3060,u048,/event,131
3061,u092,/product,205
3062,u046,/home,107
3063,u084,/event,207
3064,u146,/product,62
3065,u153,/event,222
3066,u377,/cart,68
3067,u184,/home,189
3068,u263,/product,251
3069,u229,/event,244
3070,u138,/mypage,217
3071,u047,/event,189
3072,u315,/product,223
3073,u323,/event,48
3074,u021,/mypage,175
3075,u499,/event,115
3076,u332,/product,254
3077,u270,/mypage,43
3078,u149,/event,224
3079,u041,/event,154
3080,u077,/product,154
3081,u431,/product,268
3082,u219,/cart,292
3083,u025,/mypage,40
3084,u470,/home,263
3085,u056,/mypage,218
3086,u212,/home,238
3087,u339,/mypage,130
3088,u182,/cart,300
3089,u042,/mypage,9
3090,u059,/event,92
3091,u403,/product,202
3092,u024,/home,214
3093,u449,/cart,161
3094,u301,/event,231
3095,u320,/cart,175
3096,u495,/product,109
3097,u095,/home,133
3098,u447,/home,223
3099,u274,/home,3
3100,u203,/home,7
3101,u088,/event,236
3102,u355,/event,250
3103,u156,/mypage,185
3104,u354,/event,155
3105,u045,/product,70
3106,u008,/product,58
3107,u418,/home,97
3108,u440,/home,108
3109,u247,/product,124
3110,u224,/mypage,98
3111,u045,/cart,238
3112,u076,/event,217
3113,u012,/home,86
3114,u463,/product,228
3115,u494,/event,242
3116,u011,/event,300
3117,u125,/product,151
3118,u292,/event,27
3119,u171,/home,53
3120,u323,/event,213
3121,u435,/event,297
3122,u306,/mypage,149
3123,u019,/event,205
3124,u249,/mypage,250
3125,u119,/home,271
3126,u010,/event,296
3127,u162,/mypage,33
3128,u138,/event,243
3129,u060,/event,178
3130,u230,/event,11
3131,u083,/cart,99
3132,u241,/cart,225
3133,u119,/mypage,113
3134,u301,/cart,240
3135,u068,/cart,200
3136,u492,/event,185
3137,u408,/event,83
3138,u319,/product,145
3139,u354,/home,248
3140,u067,/product,103
3141,u081,/mypage,252
3142,u052,/event,253
3143,u156,/product,108
3144,u286,/home,10
3145,u184,/cart,183
3146,u347,/product,90
3147,u424,/mypage,17
3148,u414,/home,173
3149,u221,/home,117
3150,u062,/mypage,115
3151,u250,/cart,175
3152,u402,/cart,24
3153,u395,/mypage,137
3154,u459,/product,264
3155,u310,/home,26
3156,u475,/event,235
3157,u493,/home,55
3158,u401,/mypage,53
3159,u422,/mypage,22
3160,u260,/home,86
3161,u323,/home,106
3162,u467,/cart,81
3163,u373,/cart,227
3164,u391,/mypage,256
3165,u376,/home,79
3166,u332,/cart,172
3167,u420,/product,63
3168,u435,/product,225
3169,u497,/event,4
3170,u126,/event,175
3171,u147,/mypage,88
3172,u044,/cart,191
3173,u367,/event,185
3174,u323,/product,78
3175,u386,/mypage,216
3176,u404,/product,71
3177,u411,/event,212
3178,u471,/event,235
3179,u488,/mypage,186
3180,u484,/home,227
3181,u075,/home,265
3182,u484,/home,44
3183,u174,/cart,206
3184,u396,/product,223
3185,u032,/event,19
3186,u339,/product,295
3187,u030,/mypage,152
3188,u215,/event,284
3189,u448,/cart,161
3190,u466,/cart,5
3191,u424,/cart,271
3192,u313,/product,207
3193,u229,/product,279
3194,u320,/mypage,227
3195,u358,/cart,208
3196,u398,/product,155
3197,u044,/home,276
3198,u172,/event,65
3199,u267,/mypage,146
3200,u110,/home,262
3201,u283,/cart,267
3202,u175,/product,12
3203,u015,/mypage,133
3204,u124,/cart,217
3205,u259,/home,31
3206,u431,/cart,133
3207,u322,/mypage,182
3208,u064,/home,64
3209,u230,/cart,294
3210,u378,/home,233
3211,u174,/product,298
3212,u290,/mypage,120
3213,u180,/cart,146
3214,u342,/mypage,72
3215,u366,/event,267
3216,u378,/product,54
3217,u168,/mypage,299
3218,u099,/cart,233
3219,u051,/product,218
3220,u425,/event,42
3221,u048,/home,218
3222,u455,/product,244
3223,u110,/event,40
3224,u190,/mypage,207
3225,u302,/mypage,266
3226,u399,/event,136
3227,u300,/event,217
3228,u226,/event,214
3229,u422,/product,74
3230,u259,/product,249
3231,u365,/event,67
3232,u496,/mypage,271
3233,u061,/product,234
3234,u243,/home,81
3235,u484,/mypage,190
3236,u472,/home,210
3237,u057,/home,190
3238,u293,/cart,21
3239,u268,/product,61
3240,u191,/cart,192
3241,u156,/cart,249
3242,u015,/product,73
3243,u402,/mypage,216
3244,u025,/cart,146
3245,u111,/product,251
3246,u002,/home,281
3247,u179,/home,23
3248,u214,/event,294
3249,u159,/mypage,232
3250,u461,/cart,194
3251,u244,/mypage,68
3252,u391,/product,259
3253,u326,/event,231
3254,u342,/event,77
3255,u444,/cart,46
3256,u410,/mypage,210
3257,u199,/product,203
3258,u174,/mypage,24
3259,u491,/event,143
3260,u331,/home,85
3261,u363,/home,293
3262,u323,/cart,288
3263,u331,/home,287
3264,u044,/product,278
3265,u296,/home,292
3266,u268,/product,244
3267,u258,/home,62
3268,u338,/mypage,93
3269,u493,/home,141
3270,u403,/product,126
3271,u425,/mypage,228
3272,u044,/mypage,165
3273,u206,/mypage,24
3274,u252,/home,175
3275,u224,/product,213
3276,u013,/mypage,163
3277,u196,/cart,47
3278,u059,/home,278
3279,u087,/cart,74
3280,u094,/cart,46
3281,u079,/cart,209
3282,u348,/product,31
3283,u315,/cart,93
3284,u014,/home,153
3285,u200,/home,164
3286,u073,/event,166
3287,u133,/event,62
3288,u027,/product,123
3289,u386,/mypage,122
3290,u253,/mypage,259
3291,u198,/home,138
3292,u032,/cart,238
3293,u284,/event,34
3294,u248,/home,209
3295,u325,/product,10
3296,u138,/mypage,52
3297,u127,/mypage,65
3298,u156,/mypage,209
3299,u229,/home,257
3300,u105,/product,192
3301,u277,/product,126
3302,u276,/event,285
3303,u232,/home,1
3304,u417,/event,149
3305,u335,/product,1
3306,u031,/event,140
3307,u307,/cart,195
3308,u180,/product,300
3309,u431,/mypage,145
3310,u024,/product,274
3311,u289,/home,154
3312,u046,/event,63
3313,u426,/product,285
3314,u144,/event,108
3315,u313,/mypage,163
3316,u453,/cart,134
3317,u386,/event,140
3318,u126,/cart,175
3319,u108,/event,169
3320,u009,/product,2
3321,u312,/event,3
3322,u462,/home,89
3323,u212,/mypage,251
3324,u391,/event,276
3325,u042,/home,276
3326,u016,/event,64
3327,u181,/event,184
3328,u199,/product,5
3329,u064,/event,190
3330,u480,/product,228
3331,u005,/product,11
3332,u389,/cart,184
3333,u099,/home,156
3334,u414,/product,120
3335,u253,/cart,19
3336,u144,/event,108
3337,u004,/product,203
3338,u057,/cart,292
3339,u257,/event,88
3340,u283,/product,290
3341,u345,/mypage,290
3342,u090,/home,66
3343,u382,/home,66
3344,u133,/mypage,117
3345,u452,/mypage,141
3346,u099,/home,273
3347,u315,/cart,287
3348,u453,/event,2
3349,u481,/event,27
3350,u438,/cart,222
3351,u433,/event,141
3352,u063,/mypage,239
3353,u254,/cart,265
3354,u389,/home,115
3355,u025,/cart,216
3356,u273,/event,162
3357,u003,/event,100
3358,u172,/home,293
3359,u414,/home,116
3360,u354,/event,39
3361,u470,/product,101
3362,u085,/cart,160
3363,u033,/home,15
3364,u246,/event,13
3365,u304,/cart,129
3366,u127,/home,243
3367,u123,/cart,28
3368,u421,/cart,267
3369,u407,/product,38
3370,u398,/mypage,225
3371,u392,/home,229
3372,u297,/home,44
3373,u499,/home,18
3374,u194,/cart,34
3375,u401,/product,32
3376,u471,/event,29
3377,u155,/mypage,222
3378,u034,/home,29
3379,u287,/home,151
3380,u436,/event,206
3381,u050,/mypage,211
3382,u120,/mypage,6
3383,u233,/event,238
3384,u408,/event,52
3385,u174,/home,233
3386,u265,/cart,99
3387,u056,/home,7
3388,u305,/home,100
3389,u464,/mypage,65
3390,u327,/mypage,132
3391,u182,/event,247
3392,u372,/mypage,228
3393,u096,/product,71
3394,u409,/home,31
3395,u066,/cart,300
3396,u224,/mypage,184
3397,u160,/mypage,278
3398,u398,/product,76
3399,u241,/cart,176
3400,u150,/cart,5
3401,u266,/mypage,75
3402,u030,/product,260
3403,u420,/mypage,28
3404,u217,/cart,101
3405,u500,/product,104
3406,u403,/home,175
3407,u097,/event,240
3408,u308,/cart,297
3409,u290,/cart,154
3410,u215,/cart,84
3411,u054,/event,22
3412,u254,/product,2
3413,u328,/product,118
3414,u239,/mypage,110
3415,u123,/event,170
3416,u414,/event,106
3417,u205,/product,4
3418,u186,/home,38
3419,u184,/home,285
3420,u059,/product,149
3421,u226,/product,300
3422,u468,/cart,23
3423,u500,/home,102
3424,u102,/cart,90
3425,u113,/cart,90
3426,u174,/mypage,126
3427,u092,/product,12
3428,u091,/cart,52
3429,u011,/product,195
3430,u336,/home,174
3431,u480,/product,157
3432,u234,/product,190
3433,u415,/cart,88
3434,u482,/mypage,223
3435,u450,/home,61
3436,u074,/product,98
3437,u099,/mypage,194
3438,u356,/cart,163
3439,u307,/event,126
3440,u472,/home,97
3441,u438,/mypage,151
3442,u405,/product,168
3443,u127,/home,144
3444,u447,/product,261
3445,u496,/mypage,251
3446,u108,/home,241
3447,u405,/mypage,34
3448,u086,/mypage,199
3449,u385,/mypage,192
3450,u256,/mypage,238
3451,u092,/cart,192
3452,u270,/event,254
3453,u243,/cart,298
3454,u206,/mypage,19
3455,u107,/product,104
3456,u232,/product,203
3457,u112,/cart,218
3458,u456,/event,293
3459,u081,/cart,131
3460,u282,/home,69
3461,u385,/home,152
3462,u228,/mypage,181
3463,u118,/mypage,22
3464,u239,/mypage,173
3465,u219,/event,240
3466,u222,/event,189
3467,u412,/event,163
3468,u140,/event,13
3469,u092,/event,120
3470,u136,/home,184
3471,u462,/home,151
3472,u432,/mypage,263
3473,u280,/home,142
3474,u475,/product,51
3475,u061,/home,185
3476,u020,/mypage,103
3477,u171,/product,169
3478,u129,/cart,141
3479,u098,/mypage,71
3480,u438,/mypage,134
3481,u005,/cart,145
3482,u422,/cart,207
3483,u485,/event,297
3484,u388,/home,242
3485,u335,/mypage,77
3486,u444,/event,117
3487,u117,/product,243
3488,u120,/mypage,283
3489,u388,/event,237
3490,u175,/home,161
3491,u434,/product,220
3492,u395,/event,108
3493,u225,/event,286
3494,u016,/cart,72
3495,u296,/product,157
3496,u483,/home,256
3497,u415,/cart,174
3498,u116,/event,218
3499,u352,/event,276
3500,u154,/cart,12
3501,u291,/home,72
3502,u079,/cart,291
3503,u323,/mypage,294
3504,u444,/event,196
3505,u105,/event,33
3506,u274,/event,97
3507,u244,/home,169
3508,u292,/event,156
3509,u048,/product,54
3510,u346,/mypage,91
3511,u017,/mypage,251
3512,u014,/product,102
3513,u036,/event,146
3514,u106,/product,150
3515,u338,/mypage,36
3516,u233,/home,189
3517,u266,/home,88
3518,u168,/event,201
3519,u081,/home,67
3520,u275,/event,245
3521,u381,/home,200
3522,u490,/product,67
3523,u446,/product,159
3524,u222,/event,82
3525,u310,/mypage,159
3526,u301,/product,258
3527,u367,/event,142
3528,u104,/home,74
3529,u229,/home,205
3530,u310,/product,270
3531,u169,/mypage,252
3532,u236,/event,295
3533,u021,/home,148
3534,u331,/event,178
3535,u359,/cart,201
3536,u314,/product,213
3537,u128,/product,222
3538,u235,/event,94
3539,u358,/mypage,49
3540,u202,/home,123
3541,u454,/product,141
3542,u452,/mypage,150
3543,u342,/home,112
3544,u466,/event,211
3545,u391,/mypage,63
3546,u189,/home,54
3547,u259,/cart,210
3548,u231,/product,130
3549,u107,/mypage,23
3550,u237,/home,38
3551,u328,/event,196
3552,u176,/event,100
3553,u204,/home,6
3554,u129,/home,70
3555,u168,/event,249
3556,u237,/home,43
3557,u281,/product,225
3558,u072,/event,143
3559,u431,/product,88
3560,u430,/home,52
3561,u091,/cart,64
3562,u274,/event,87
3563,u040,/home,140
3564,u079,/event,184
3565,u092,/product,18
3566,u458,/mypage,111
3567,u227,/home,268
3568,u329,/home,200
3569,u354,/cart,228
3570,u027,/mypage,3
3571,u025,/event,104
3572,u476,/product,192
3573,u466,/product,103
3574,u047,/home,216
3575,u015,/home,173
3576,u421,/product,33
3577,u113,/home,86
3578,u371,/product,23
3579,u213,/mypage,56
3580,u418,/cart,166
3581,u288,/product,107
3582,u479,/mypage,203
3583,u481,/event,62
3584,u119,/product,55
3585,u183,/cart,89
3586,u008,/event,162
3587,u007,/event,109
3588,u235,/product,34
3589,u337,/cart,189
3590,u023,/home,112
3591,u211,/cart,256
3592,u053,/mypage,292
3593,u088,/cart,49
3594,u308,/cart,199
3595,u348,/product,171
3596,u090,/cart,247
3597,u035,/cart,10
3598,u312,/mypage,230
3599,u196,/mypage,120
3600,u258,/mypage,7
3601,u120,/home,64
3602,u159,/product,220
3603,u388,/product,41
3604,u031,/product,192
3605,u256,/cart,104
3606,u078,/event,105
3607,u329,/home,122
3608,u473,/mypage,228
3609,u379,/cart,69
3610,u143,/cart,21
3611,u267,/event,148
3612,u385,/home,118
3613,u434,/cart,176
3614,u125,/product,277
3615,u028,/product,114
3616,u312,/event,267
3617,u165,/product,227
3618,u323,/home,34
3619,u446,/event,36
3620,u489,/product,27
3621,u325,/product,105
3622,u065,/home,89
3623,u304,/mypage,105
3624,u121,/mypage,41
3625,u219,/event,160
3626,u085,/product,126
3627,u218,/product,128
3628,u156,/cart,296
3629,u230,/product,140
3630,u442,/event,41
3631,u487,/cart,204
3632,u194,/product,242
3633,u226,/event,259
3634,u313,/event,80
3635,u420,/event,11
3636,u391,/event,219
3637,u438,/home,154
3638,u305,/mypage,79
3639,u284,/product,132
3640,u195,/event,157
3641,u233,/cart,193
3642,u288,/mypage,247
3643,u037,/cart,70
3644,u367,/event,101
3645,u080,/product,3
3646,u007,/mypage,192
3647,u252,/event,213
3648,u482,/event,192
3649,u197,/event,158
3650,u329,/mypage,37
3651,u210,/home,64
3652,u198,/mypage,84
3653,u100,/event,131
3654,u395,/cart,261
3655,u364,/event,189
3656,u357,/home,198
3657,u475,/event,127
3658,u125,/event,18
3659,u472,/cart,15
3660,u358,/product,134
3661,u310,/event,76
3662,u131,/product,297
3663,u488,/product,7
3664,u060,/home,197
3665,u204,/mypage,42
3666,u266,/product,217
3667,u085,/event,130
3668,u355,/cart,257
3669,u496,/mypage,196
3670,u301,/cart,211
3671,u386,/home,56
3672,u326,/mypage,177
3673,u417,/product,138
3674,u384,/product,204
3675,u358,/cart,4
3676,u087,/event,1
3677,u050,/home,214
3678,u269,/event,148
3679,u376,/event,88
3680,u091,/cart,96
3681,u361,/product,102
3682,u250,/product,258
3683,u486,/home,231
3684,u291,/product,96
3685,u103,/home,94
3686,u415,/product,133
3687,u462,/event,226
3688,u321,/mypage,56
3689,u445,/product,41
3690,u151,/home,194
3691,u064,/cart,33
3692,u176,/home,300
3693,u121,/event,249
3694,u345,/home,5
3695,u032,/cart,4
3696,u341,/mypage,22
3697,u050,/product,268
3698,u406,/home,193
3699,u309,/mypage,137
3700,u478,/event,243
3701,u388,/cart,220
3702,u173,/cart,176
3703,u162,/product,185
3704,u341,/event,194
3705,u313,/home,183
3706,u448,/cart,52
3707,u002,/event,206
3708,u372,/product,14
3709,u309,/home,272
3710,u144,/product,189
3711,u232,/mypage,244
3712,u264,/event,97
3713,u002,/cart,9
3714,u325,/cart,24
3715,u497,/cart,228
3716,u120,/mypage,249
3717,u205,/mypage,42
3718,u179,/event,244
3719,u338,/home,198
3720,u151,/mypage,100
3721,u365,/product,267
3722,u449,/mypage,259
3723,u017,/product,255
3724,u408,/home,155
3725,u427,/mypage,240
3726,u087,/event,60
3727,u247,/mypage,124
3728,u125,/product,88
3729,u386,/home,55
3730,u223,/home,83
3731,u476,/cart,197
3732,u393,/cart,113
3733,u369,/cart,244
3734,u488,/home,70
3735,u473,/mypage,252
3736,u047,/cart,115
3737,u478,/mypage,34
3738,u330,/cart,194
3739,u467,/event,288
3740,u495,/event,120
3741,u115,/cart,60
3742,u149,/home,58
3743,u046,/cart,97
3744,u382,/home,294
3745,u189,/product,161
3746,u489,/event,296
3747,u378,/home,160
3748,u032,/mypage,275
3749,u098,/event,217
3750,u164,/cart,65
3751,u267,/mypage,114
3752,u055,/event,5
3753,u276,/event,162
3754,u075,/cart,113
3755,u256,/event,76
3756,u308,/cart,75
3757,u383,/home,164
3758,u159,/mypage,64
3759,u141,/mypage,245
3760,u324,/product,254
3761,u150,/event,31
3762,u415,/cart,79
3763,u424,/product,116
3764,u359,/home,92
3765,u439,/event,201
3766,u154,/product,12
3767,u281,/event,173
3768,u217,/event,179
3769,u388,/event,201
3770,u037,/mypage,145
3771,u145,/product,281
3772,u202,/home,68
3773,u166,/mypage,28
3774,u436,/cart,235
3775,u336,/product,296
3776,u071,/event,248
3777,u150,/product,108
3778,u112,/product,5
3779,u186,/mypage,53
3780,u348,/product,193
3781,u487,/event,87
3782,u475,/home,50
3783,u183,/event,92
3784,u484,/home,61
3785,u264,/cart,223
3786,u497,/product,207
3787,u126,/home,61
3788,u124,/event,251
3789,u155,/mypage,89
3790,u335,/event,46
3791,u399,/event,196
3792,u141,/event,189
3793,u006,/home,60
3794,u043,/home,251
3795,u329,/mypage,116
3796,u012,/mypage,294
3797,u294,/event,141
3798,u356,/home,93
3799,u197,/event,223
3800,u153,/mypage,65
3801,u051,/cart,33
3802,u366,/mypage,95
3803,u208,/home,202
3804,u285,/mypage,272
3805,u251,/home,266
3806,u429,/mypage,276
3807,u366,/home,107
3808,u495,/home,93
3809,u442,/mypage,93
3810,u003,/mypage,229
3811,u410,/cart,63
3812,u021,/product,295
3813,u106,/product,45
3814,u288,/cart,18
3815,u044,/home,260
3816,u153,/cart,279
3817,u088,/event,1
3818,u128,/cart,24
3819,u485,/mypage,151
3820,u338,/mypage,228
3821,u072,/mypage,252
3822,u356,/cart,268
3823,u467,/cart,276
3824,u262,/product,51
3825,u340,/home,122
3826,u019,/product,73
3827,u154,/product,69
3828,u309,/mypage,111
3829,u303,/cart,143
3830,u066,/mypage,217
3831,u039,/mypage,131
3832,u134,/event,84
3833,u205,/event,43
3834,u484,/cart,218
3835,u482,/product,275
3836,u105,/home,138
3837,u325,/product,191
3838,u289,/mypage,84
3839,u215,/product,162
3840,u404,/event,195
3841,u014,/mypage,127
3842,u040,/cart,64
3843,u273,/home,281
3844,u209,/home,169
3845,u328,/home,186
3846,u466,/cart,140
3847,u075,/product,141
3848,u006,/home,194
3849,u497,/product,194
3850,u488,/home,64
3851,u090,/mypage,157
3852,u302,/event,49
3853,u271,/cart,293
3854,u444,/cart,283
3855,u139,/mypage,51
3856,u460,/home,88
3857,u163,/event,93
3858,u177,/mypage,283
3859,u305,/event,245
3860,u304,/product,133
3861,u005,/mypage,80
3862,u337,/product,74
3863,u194,/mypage,137
3864,u028,/cart,128
3865,u348,/mypage,215
3866,u362,/event,94
3867,u225,/cart,240
3868,u258,/cart,142
3869,u488,/event,267
3870,u483,/product,157
3871,u326,/home,157
3872,u209,/cart,47
3873,u325,/home,40
3874,u374,/product,48
3875,u085,/mypage,30
3876,u044,/cart,284
3877,u476,/event,6
3878,u493,/event,261
3879,u478,/product,246
3880,u255,/mypage,273
3881,u358,/home,208
3882,u008,/mypage,98
3883,u467,/home,218
3884,u360,/mypage,177
3885,u126,/mypage,22
3886,u311,/event,87
3887,u346,/mypage,116
3888,u090,/home,188
3889,u430,/product,264
3890,u181,/home,217
3891,u254,/event,88
3892,u192,/home,174
3893,u468,/product,277
3894,u436,/home,149
3895,u154,/event,151
3896,u136,/product,2
3897,u378,/mypage,202
3898,u112,/cart,264
3899,u423,/home,238
3900,u457,/mypage,250
3901,u030,/cart,4
3902,u316,/event,169
3903,u153,/cart,55
3904,u003,/cart,96
3905,u206,/cart,5
3906,u052,/event,252
3907,u102,/home,271
3908,u264,/product,211
3909,u064,/event,4
3910,u080,/cart,116
3911,u241,/event,192
3912,u154,/cart,220
3913,u457,/product,275
3914,u416,/cart,56
3915,u225,/event,83
3916,u072,/cart,223
3917,u003,/cart,102
3918,u057,/product,146
3919,u021,/product,203
3920,u216,/cart,17
3921,u083,/product,246
3922,u492,/cart,61
3923,u216,/event,282
3924,u254,/product,167
3925,u385,/event,257
3926,u372,/event,68
3927,u057,/home,11
3928,u065,/product,177
3929,u257,/home,122
3930,u027,/cart,220
3931,u500,/mypage,5
3932,u223,/event,149
3933,u145,/event,43
3934,u390,/event,127
3935,u317,/product,262
3936,u096,/product,144
3937,u393,/home,135
3938,u359,/product,220
3939,u102,/event,53
3940,u359,/mypage,93
3941,u097,/mypage,77
3942,u118,/home,68
3943,u206,/home,141
3944,u099,/product,219
3945,u010,/mypage,103
3946,u047,/home,195
3947,u209,/mypage,157
3948,u359,/product,114
3949,u173,/event,246
3950,u032,/mypage,219
3951,u330,/home,156
3952,u057,/cart,187
3953,u144,/cart,215
3954,u127,/cart,25
3955,u094,/home,1
3956,u027,/cart,109
3957,u147,/event,144
3958,u466,/mypage,52
3959,u221,/product,130
3960,u486,/event,187
3961,u172,/cart,58
3962,u050,/home,283
3963,u395,/product,170
3964,u185,/cart,271
3965,u310,/cart,122
3966,u333,/cart,108
3967,u300,/event,45
3968,u455,/home,67
3969,u323,/mypage,62
3970,u022,/mypage,98
3971,u099,/event,51
3972,u039,/mypage,176
3973,u155,/event,104
3974,u274,/product,23
3975,u066,/product,215
3976,u282,/cart,287
3977,u500,/cart,188
3978,u230,/home,224
3979,u035,/event,215
3980,u269,/mypage,12
3981,u086,/mypage,141
3982,u357,/product,149
3983,u024,/mypage,32
3984,u407,/product,204
3985,u254,/mypage,263
3986,u498,/home,85
3987,u225,/mypage,197
3988,u288,/event,206
3989,u311,/cart,106
3990,u095,/home,82
3991,u293,/product,5
3992,u451,/mypage,234
3993,u258,/mypage,133
3994,u156,/product,152
3995,u363,/cart,283
3996,u061,/product,115
3997,u024,/mypage,122
3998,u150,/home,76
3999,u483,/cart,69
4000,u139,/home,128
4001,u422,/product,274
4002,u060,/home,178
4003,u324,/mypage,189
4004,u167,/home,282
4005,u136,/product,210
4006,u460,/mypage,151
4007,u167,/home,6
4008,u422,/cart,113
4009,u375,/cart,91
4010,u132,/home,276
4011,u337,/mypage,55
4012,u370,/event,132
4013,u446,/mypage,283
4014,u106,/event,113
4015,u167,/cart,105
4016,u298,/event,80
4017,u229,/product,223
4018,u189,/product,246
4019,u048,/event,93
4020,u236,/product,91
4021,u097,/mypage,252
4022,u483,/product,145
4023,u011,/cart,84
4024,u454,/product,202
4025,u352,/mypage,97
4026,u036,/product,37
4027,u219,/product,233
4028,u466,/event,52
4029,u371,/mypage,71
4030,u373,/home,52
4031,u194,/event,11
4032,u057,/home,23
4033,u068,/product,43
4034,u138,/product,7
4035,u406,/home,55
4036,u278,/cart,44
4037,u104,/product,246
4038,u389,/mypage,228
4039,u418,/product,158
4040,u170,/event,80
4041,u125,/home,279
4042,u355,/cart,279
4043,u064,/home,23
4044,u053,/mypage,152
4045,u053,/mypage,213
4046,u073,/home,115
4047,u013,/product,219
4048,u198,/product,181
4049,u336,/cart,116
4050,u472,/event,58
4051,u252,/product,57
4052,u115,/home,145
4053,u183,/home,171
4054,u061,/cart,44
4055,u459,/home,78
4056,u092,/event,272
4057,u172,/mypage,93
4058,u348,/event,77
4059,u458,/cart,147
4060,u179,/home,139
4061,u470,/event,189
4062,u478,/cart,40
4063,u404,/home,77
4064,u399,/product,164
4065,u076,/event,229
4066,u370,/event,35
4067,u058,/mypage,219
4068,u492,/cart,75
4069,u047,/cart,66
4070,u094,/event,181
4071,u164,/event,218
4072,u247,/event,171
4073,u071,/product,197
4074,u215,/mypage,255
4075,u276,/mypage,253
4076,u273,/mypage,118
4077,u197,/home,298
4078,u367,/event,270
4079,u296,/product,45
4080,u121,/cart,2
4081,u105,/home,186
4082,u286,/event,69
4083,u472,/home,31
4084,u467,/cart,185
4085,u435,/product,151
4086,u236,/product,283
4087,u498,/event,125
4088,u108,/product,29
4089,u383,/product,61
4090,u493,/product,194
4091,u376,/home,218
4092,u191,/home,55
4093,u340,/mypage,38
4094,u245,/mypage,81
4095,u016,/product,188
4096,u073,/home,126
4097,u040,/home,292
4098,u426,/event,77
4099,u392,/product,241
4100,u381,/product,271
4101,u358,/cart,241
4102,u211,/cart,228
4103,u401,/home,147
4104,u057,/product,31
4105,u452,/home,89
4106,u258,/product,6
4107,u203,/event,233
4108,u284,/cart,293
4109,u257,/cart,117
4110,u217,/product,140
4111,u499,/home,268
4112,u194,/product,109
4113,u206,/mypage,29
4114,u113,/event,95
4115,u422,/mypage,40
4116,u419,/event,245
4117,u161,/event,195
4118,u085,/home,191
4119,u332,/event,100
4120,u139,/home,54
4121,u040,/cart,172
4122,u015,/product,145
4123,u084,/mypage,55
4124,u034,/product,6
4125,u388,/cart,97
4126,u283,/product,17
4127,u124,/cart,44
4128,u292,/mypage,23
4129,u289,/event,24
4130,u025,/cart,48
4131,u484,/cart,5
4132,u183,/cart,204
4133,u257,/product,162
4134,u385,/event,183
4135,u499,/product,50
4136,u170,/event,258
4137,u052,/mypage,77
4138,u013,/mypage,196
4139,u245,/mypage,20
4140,u149,/product,78
4141,u350,/event,41
4142,u454,/home,119
4143,u453,/product,73
4144,u394,/product,257
4145,u265,/mypage,268
4146,u477,/cart,230
4147,u403,/product,174
4148,u149,/cart,221
4149,u021,/event,123
4150,u107,/mypage,39
4151,u491,/product,291
4152,u322,/event,50
4153,u413,/home,74
4154,u393,/cart,281
4155,u445,/home,256
4156,u049,/event,161
4157,u087,/cart,83
4158,u035,/cart,296
4159,u187,/cart,46
4160,u037,/product,236
4161,u133,/event,132
4162,u391,/event,72
4163,u482,/home,292
4164,u250,/home,187
4165,u440,/cart,206
4166,u210,/mypage,67
4167,u226,/cart,263
4168,u433,/mypage,161
4169,u192,/home,212
4170,u260,/event,135
4171,u450,/home,30
4172,u380,/product,288
4173,u005,/product,54
4174,u149,/event,82
4175,u292,/event,38
4176,u115,/event,237
4177,u343,/home,179
4178,u239,/event,274
4179,u461,/event,56
4180,u044,/product,56
4181,u470,/event,222
4182,u103,/event,169
4183,u034,/cart,176
4184,u310,/event,109
4185,u360,/event,59
4186,u143,/event,20
4187,u280,/product,241
4188,u075,/product,164
4189,u291,/home,195
4190,u032,/cart,221
4191,u243,/product,28
4192,u109,/home,217
4193,u139,/cart,91
4194,u043,/product,36
4195,u141,/event,42
4196,u153,/event,215
4197,u269,/product,133
4198,u095,/home,48
4199,u459,/event,176
4200,u494,/cart,85
4201,u102,/cart,215
4202,u247,/event,275
4203,u353,/product,224
4204,u182,/mypage,200
4205,u422,/home,288
4206,u401,/mypage,102
4207,u040,/mypage,75
4208,u166,/cart,8
4209,u078,/event,76
4210,u256,/cart,59
4211,u406,/event,135
4212,u267,/home,231
4213,u483,/product,231
4214,u328,/mypage,50
4215,u019,/product,97
4216,u216,/mypage,86
4217,u308,/event,111
4218,u179,/product,98
4219,u498,/mypage,8
4220,u190,/cart,9
4221,u155,/cart,258
4222,u420,/home,256
4223,u333,/event,212
4224,u211,/cart,181
4225,u425,/mypage,219
4226,u268,/cart,59
4227,u475,/product,235
4228,u220,/cart,91
4229,u284,/mypage,84
4230,u278,/event,196
4231,u146,/event,146
4232,u360,/mypage,51
4233,u045,/home,46
4234,u333,/home,211
4235,u054,/event,279
4236,u052,/event,258
4237,u298,/home,149
4238,u437,/event,109
4239,u115,/event,283
4240,u196,/home,101
4241,u439,/event,64
4242,u180,/event,212
4243,u465,/event,4
4244,u482,/cart,115
4245,u260,/cart,138
4246,u451,/cart,158
4247,u430,/event,124
4248,u003,/event,17
4249,u008,/home,79
4250,u405,/cart,266
4251,u420,/mypage,163
4252,u172,/product,293
4253,u221,/product,285
4254,u499,/event,99
4255,u316,/event,27
4256,u411,/mypage,220
4257,u066,/event,89
4258,u207,/cart,265
4259,u082,/event,119
4260,u051,/product,259
4261,u061,/mypage,201
4262,u432,/cart,284
4263,u082,/cart,105
4264,u048,/home,14
4265,u224,/home,79
4266,u015,/mypage,279
4267,u472,/home,293
4268,u196,/home,67
4269,u233,/cart,96
4270,u123,/product,153
4271,u100,/mypage,126
4272,u372,/event,134
4273,u338,/home,141
4274,u043,/product,12
4275,u327,/mypage,53
4276,u057,/event,63
4277,u055,/product,145
4278,u135,/product,48
4279,u040,/event,186
4280,u468,/product,201
4281,u052,/event,12
4282,u212,/home,250
4283,u492,/home,108
4284,u352,/event,193
4285,u456,/cart,231
4286,u414,/product,93
4287,u153,/home,92
4288,u338,/mypage,17
4289,u061,/cart,178
4290,u248,/mypage,280
4291,u003,/product,268
4292,u380,/cart,63
4293,u099,/mypage,16
4294,u275,/home,266
4295,u263,/product,111
4296,u444,/cart,59
4297,u461,/product,16
4298,u168,/product,113
4299,u043,/product,138
4300,u141,/event,103
4301,u489,/home,179
4302,u363,/mypage,151
4303,u240,/event,224
4304,u263,/event,99
4305,u129,/product,102
4306,u352,/cart,202
4307,u053,/mypage,160
4308,u085,/product,250
4309,u222,/event,217
4310,u306,/cart,164
4311,u319,/home,197
4312,u220,/product,291
4313,u181,/cart,33
4314,u231,/product,18
4315,u491,/mypage,130
4316,u301,/event,151
4317,u310,/mypage,181
4318,u204,/home,59
4319,u093,/cart,220
4320,u405,/product,184
4321,u126,/home,111
4322,u337,/cart,191
4323,u075,/cart,63
4324,u005,/cart,6
4325,u368,/cart,110
4326,u239,/mypage,165
4327,u461,/product,288
4328,u034,/event,146
4329,u309,/product,270
4330,u112,/home,288
4331,u143,/mypage,39
4332,u294,/event,223
4333,u163,/cart,102
4334,u101,/home,253
4335,u256,/home,141
4336,u216,/home,64
4337,u232,/product,168
4338,u303,/event,122
4339,u296,/home,146
4340,u010,/mypage,3
4341,u467,/event,146
4342,u068,/event,19
4343,u459,/mypage,271
4344,u021,/cart,9
4345,u036,/event,49
4346,u425,/event,155
4347,u141,/cart,178
4348,u205,/home,285
4349,u397,/cart,253
4350,u314,/home,202
4351,u153,/event,253
4352,u435,/home,192
4353,u481,/mypage,53
4354,u015,/product,25
4355,u423,/home,72
4356,u054,/cart,224
4357,u116,/product,46
4358,u098,/cart,276
4359,u003,/home,133
4360,u453,/home,57
4361,u025,/cart,39
4362,u136,/cart,195
4363,u139,/product,71
4364,u299,/event,62
4365,u065,/cart,76
4366,u386,/mypage,212
4367,u327,/event,63
4368,u268,/mypage,124
4369,u296,/event,251
4370,u500,/cart,165
4371,u396,/event,116
4372,u048,/cart,152
4373,u365,/home,181
4374,u286,/product,106
4375,u356,/home,39
4376,u498,/event,31
4377,u109,/home,111
4378,u240,/event,97
4379,u250,/home,175
4380,u107,/mypage,271
4381,u264,/cart,160
4382,u363,/event,79
4383,u435,/mypage,55
4384,u469,/product,113
4385,u470,/cart,198
4386,u500,/event,263
4387,u104,/event,97
4388,u036,/cart,217
4389,u085,/cart,296
4390,u332,/home,76
4391,u237,/home,57
4392,u124,/home,236
4393,u096,/cart,15
4394,u244,/mypage,232
4395,u181,/cart,61
4396,u475,/mypage,44
4397,u182,/event,109
4398,u078,/event,258
4399,u221,/mypage,171
4400,u028,/event,140
4401,u190,/home,26
4402,u333,/event,217
4403,u100,/cart,97
4404,u207,/product,142
4405,u272,/mypage,253
4406,u266,/event,56
4407,u349,/home,128
4408,u491,/home,113
4409,u059,/home,19
4410,u295,/cart,123
4411,u034,/mypage,52
4412,u142,/product,208
4413,u201,/event,52
4414,u113,/cart,254
4415,u106,/product,105
4416,u178,/cart,148
4417,u376,/home,49
4418,u095,/mypage,245
4419,u379,/cart,123
4420,u088,/cart,36
4421,u086,/product,171
4422,u461,/event,73
4423,u493,/home,243
4424,u220,/cart,11
4425,u091,/cart,40
4426,u088,/home,181
4427,u497,/event,299
4428,u001,/event,127
4429,u242,/home,24
4430,u420,/home,291
4431,u349,/cart,117
4432,u269,/mypage,86
4433,u387,/product,49
4434,u052,/cart,172
4435,u232,/event,180
4436,u280,/cart,250
4437,u130,/cart,235
4438,u007,/cart,155
4439,u364,/cart,266
4440,u397,/mypage,248
4441,u058,/cart,266
4442,u373,/home,76
4443,u211,/product,73
4444,u183,/event,16
4445,u126,/mypage,221
4446,u185,/product,46
4447,u100,/event,56
4448,u495,/cart,279
4449,u461,/event,270
4450,u090,/cart,179
4451,u455,/cart,201
4452,u302,/event,142
4453,u159,/product,22
4454,u297,/mypage,176
4455,u428,/mypage,63
4456,u222,/event,291
4457,u496,/cart,148
4458,u057,/home,256
4459,u475,/product,239
4460,u349,/product,268
4461,u495,/cart,286
4462,u341,/product,156
4463,u250,/cart,34
4464,u410,/cart,8
4465,u233,/home,112
4466,u145,/mypage,64
4467,u028,/event,157
4468,u003,/event,181
4469,u339,/home,26
4470,u129,/product,180
4471,u450,/cart,258
4472,u341,/mypage,80
4473,u489,/home,139
4474,u074,/product,222
4475,u300,/home,149
4476,u113,/home,243
4477,u478,/cart,128
4478,u416,/event,217
4479,u205,/home,134
4480,u472,/cart,160
4481,u089,/mypage,224
4482,u348,/cart,297
4483,u072,/product,129
4484,u070,/event,284
4485,u103,/cart,157
4486,u044,/cart,291
4487,u475,/event,280
4488,u094,/event,224
4489,u050,/product,270
4490,u227,/cart,258
4491,u479,/cart,240
4492,u182,/event,239
4493,u216,/event,237
4494,u015,/mypage,14
4495,u491,/event,46
4496,u387,/product,155
4497,u403,/product,298
4498,u263,/cart,66
4499,u318,/mypage,290
4500,u450,/cart,28
4501,u387,/event,65
4502,u207,/home,237
4503,u414,/mypage,236
4504,u430,/home,44
4505,u029,/cart,55
4506,u171,/mypage,50
4507,u421,/cart,290
4508,u247,/cart,32
4509,u063,/mypage,262
4510,u379,/home,105
4511,u265,/product,288
4512,u380,/event,70
4513,u115,/product,155
4514,u322,/cart,4
4515,u413,/event,103
4516,u059,/home,1
4517,u079,/mypage,62
4518,u267,/home,127
4519,u105,/home,243
4520,u013,/mypage,228
4521,u201,/home,63
4522,u154,/event,248
4523,u095,/product,280
4524,u134,/mypage,225
4525,u440,/mypage,64
4526,u222,/product,12
4527,u095,/product,124
4528,u088,/mypage,280
4529,u103,/event,246
4530,u149,/cart,52
4531,u492,/mypage,253
4532,u189,/cart,201
4533,u198,/home,238
4534,u214,/event,76
4535,u015,/cart,235
4536,u062,/mypage,200
4537,u006,/mypage,156
4538,u018,/mypage,228
4539,u022,/cart,72
4540,u240,/event,142
4541,u005,/product,184
4542,u257,/mypage,108
4543,u179,/mypage,200
4544,u263,/home,90
4545,u336,/product,181
4546,u336,/mypage,174
4547,u236,/product,143
4548,u402,/cart,202
4549,u035,/event,193
4550,u493,/event,93
4551,u295,/mypage,270
4552,u133,/product,166
4553,u302,/mypage,179
4554,u300,/mypage,207
4555,u035,/home,16
4556,u437,/product,119
4557,u050,/home,256
4558,u479,/event,166
4559,u390,/product,122
4560,u054,/product,197
4561,u387,/event,33
4562,u032,/mypage,129
4563,u059,/home,38
4564,u227,/cart,16
4565,u473,/product,165
4566,u056,/event,194
4567,u069,/mypage,285
4568,u103,/product,130
4569,u252,/event,147
4570,u116,/product,83
4571,u223,/mypage,99
4572,u045,/mypage,13
4573,u323,/home,105
4574,u018,/product,3
4575,u185,/event,291
4576,u280,/home,175
4577,u095,/mypage,255
4578,u098,/product,293
4579,u424,/event,257
4580,u181,/cart,287
4581,u437,/product,35
4582,u225,/event,193
4583,u448,/home,292
4584,u041,/product,265
4585,u153,/home,61
4586,u256,/product,27
4587,u308,/mypage,170
4588,u012,/product,149
4589,u473,/cart,200
4590,u361,/cart,35
4591,u447,/product,148
4592,u039,/mypage,295
4593,u124,/mypage,257
4594,u160,/event,30
4595,u280,/home,299
4596,u242,/cart,16
4597,u017,/cart,216
4598,u134,/product,172
4599,u455,/home,72
4600,u105,/mypage,169
4601,u474,/home,121
4602,u253,/home,289
4603,u464,/mypage,19
4604,u178,/home,214
4605,u307,/mypage,42
4606,u455,/mypage,246
4607,u485,/product,139
4608,u371,/home,54
4609,u019,/event,260
4610,u116,/cart,221
4611,u245,/cart,117
4612,u011,/home,14
4613,u397,/product,274
4614,u312,/event,10
4615,u283,/event,27
4616,u199,/event,65
4617,u221,/event,282
4618,u071,/home,225
4619,u061,/mypage,189
4620,u181,/product,176
4621,u224,/home,122
4622,u119,/home,6
4623,u117,/event,275
4624,u291,/home,8
4625,u448,/product,30
4626,u040,/home,65
4627,u225,/product,145
4628,u023,/cart,180
4629,u309,/product,150
4630,u067,/mypage,204
4631,u246,/home,40
4632,u040,/cart,279
4633,u106,/event,183
4634,u460,/product,228
4635,u366,/cart,188
4636,u400,/mypage,150
4637,u445,/product,270
4638,u458,/cart,164
4639,u358,/mypage,258
4640,u054,/home,178
4641,u462,/event,249
4642,u144,/home,105
4643,u467,/product,267
4644,u119,/cart,284
4645,u108,/home,191
4646,u372,/product,19
4647,u121,/event,233
4648,u488,/home,11
4649,u256,/home,139
4650,u143,/mypage,197
4651,u154,/home,31
4652,u143,/mypage,197
4653,u254,/home,196
4654,u197,/event,23
4655,u115,/product,195
4656,u095,/event,273
4657,u027,/cart,17
4658,u278,/cart,14
4659,u466,/mypage,173
4660,u473,/cart,111
4661,u388,/home,175
4662,u372,/mypage,223
4663,u444,/event,30
4664,u414,/home,284
4665,u199,/cart,274
4666,u238,/event,294
4667,u369,/mypage,266
4668,u134,/product,196
4669,u240,/product,68
4670,u465,/home,144
4671,u410,/cart,44
4672,u128,/mypage,152
4673,u173,/mypage,203
4674,u020,/mypage,141
4675,u186,/cart,129
4676,u401,/mypage,7
4677,u064,/cart,292
4678,u339,/cart,136
4679,u434,/product,228
4680,u237,/home,226
4681,u005,/event,19
4682,u495,/cart,246
4683,u327,/mypage,112
4684,u210,/home,297
4685,u481,/home,142
4686,u460,/mypage,283
4687,u161,/home,226
4688,u093,/cart,142
4689,u133,/event,66
4690,u117,/product,76
4691,u447,/mypage,26
4692,u120,/home,20
4693,u095,/mypage,226
4694,u297,/cart,22
4695,u284,/product,32
4696,u488,/cart,132
4697,u009,/cart,277
4698,u368,/home,121
4699,u180,/home,40
4700,u260,/event,58
4701,u262,/home,122
4702,u105,/cart,293
4703,u191,/event,37
4704,u329,/event,145
4705,u074,/home,168
4706,u311,/cart,172
4707,u500,/event,192
4708,u241,/cart,16
4709,u083,/cart,23
4710,u149,/product,14
4711,u055,/mypage,109
4712,u414,/cart,262
4713,u367,/mypage,298
4714,u365,/cart,111
4715,u194,/mypage,17
4716,u337,/product,196
4717,u391,/home,40
4718,u491,/product,290
4719,u258,/mypage,281
4720,u376,/event,276
4721,u376,/home,271
4722,u409,/home,242
4723,u338,/mypage,267
4724,u226,/cart,138
4725,u100,/mypage,151
4726,u467,/product,169
4727,u125,/cart,119
4728,u234,/cart,60
4729,u355,/product,228
4730,u376,/event,186
4731,u041,/cart,287
4732,u259,/home,186
4733,u335,/event,118
4734,u230,/event,118
4735,u292,/product,276
4736,u126,/event,300
4737,u341,/product,134
4738,u408,/cart,175
4739,u161,/home,42
4740,u210,/event,259
4741,u076,/mypage,254
4742,u324,/product,93
4743,u449,/event,8
4744,u086,/home,215
4745,u135,/mypage,241
4746,u381,/home,65
4747,u446,/home,221
4748,u013,/product,38
4749,u068,/mypage,272
4750,u471,/event,217
4751,u182,/product,206
4752,u357,/mypage,124
4753,u365,/cart,61
4754,u173,/cart,56
4755,u370,/home,38
4756,u379,/cart,230
4757,u467,/event,231
4758,u380,/event,149
4759,u388,/event,69
4760,u376,/product,261
4761,u043,/product,4
4762,u304,/mypage,190
4763,u346,/event,195
4764,u165,/event,91
4765,u261,/mypage,144
4766,u484,/home,119
4767,u153,/event,175
4768,u025,/mypage,266
4769,u460,/mypage,297
4770,u261,/event,147
4771,u166,/event,164
4772,u388,/product,74
4773,u022,/product,221
4774,u266,/cart,295
4775,u451,/mypage,161
4776,u051,/cart,146
4777,u085,/home,148
4778,u141,/event,225
4779,u115,/product,148
4780,u481,/cart,55
4781,u474,/product,143
4782,u073,/home,106
4783,u283,/mypage,87
4784,u015,/mypage,21
4785,u492,/mypage,276
4786,u410,/product,4
4787,u251,/home,190
4788,u105,/cart,293
4789,u219,/event,267
4790,u065,/event,152
4791,u471,/home,62
4792,u228,/event,253
4793,u135,/home,71
4794,u143,/home,182
4795,u412,/home,114
4796,u373,/home,168
4797,u081,/mypage,172
4798,u142,/event,263
4799,u345,/home,162
4800,u457,/home,222
4801,u052,/mypage,163
4802,u098,/mypage,19
4803,u486,/home,126
4804,u071,/mypage,193
4805,u447,/product,101
4806,u136,/event,78
4807,u249,/product,255
4808,u145,/product,102
4809,u326,/home,265
4810,u439,/product,2
4811,u223,/home,252
4812,u286,/mypage,107
4813,u364,/product,20
4814,u215,/cart,195
4815,u324,/mypage,121
4816,u327,/cart,248
4817,u272,/product,154
4818,u431,/product,150
4819,u343,/event,251
4820,u408,/event,183
4821,u279,/event,152
4822,u050,/product,58
4823,u494,/cart,215
4824,u497,/event,167
4825,u127,/event,60
4826,u091,/event,164
4827,u339,/home,178
4828,u357,/event,66
4829,u397,/event,251
4830,u308,/event,121
4831,u015,/cart,138
4832,u260,/product,210
4833,u032,/mypage,166
4834,u134,/cart,211
4835,u201,/event,218
4836,u205,/cart,28
4837,u138,/event,113
4838,u174,/home,158
4839,u230,/event,114
4840,u294,/product,275
4841,u106,/home,169
4842,u067,/mypage,277
4843,u011,/home,195
4844,u047,/cart,181
4845,u393,/mypage,33
4846,u336,/home,266
4847,u108,/cart,275
4848,u102,/product,275
4849,u203,/product,149
4850,u411,/product,192
4851,u170,/event,111
4852,u284,/product,7
4853,u019,/home,270
4854,u053,/mypage,204
4855,u406,/event,22
4856,u081,/cart,155
4857,u013,/product,127
4858,u018,/cart,64
4859,u417,/event,206
4860,u068,/cart,44
4861,u040,/home,259
4862,u370,/event,11
4863,u008,/mypage,78
4864,u049,/mypage,201
4865,u100,/mypage,160
4866,u402,/cart,218
4867,u263,/home,155
4868,u141,/event,104
4869,u052,/cart,296
4870,u242,/event,150
4871,u220,/home,114
4872,u496,/event,288
4873,u143,/event,146
4874,u465,/mypage,260
4875,u126,/event,9
4876,u255,/event,191
4877,u391,/mypage,56
4878,u232,/product,296
4879,u500,/home,204
4880,u395,/product,229
4881,u190,/event,289
4882,u056,/cart,171
4883,u074,/home,49
4884,u288,/product,107
4885,u443,/event,128
4886,u043,/product,207
4887,u316,/event,268
4888,u371,/mypage,120
4889,u031,/event,130
4890,u211,/cart,173
4891,u428,/product,19
4892,u165,/mypage,209
4893,u447,/home,138
4894,u354,/product,288
4895,u407,/event,280
4896,u256,/cart,121
4897,u165,/event,248
4898,u264,/mypage,42
4899,u472,/home,218
4900,u359,/home,193
4901,u066,/home,83
4902,u267,/home,86
4903,u102,/event,59
4904,u020,/event,254
4905,u088,/mypage,250
4906,u072,/mypage,215
4907,u205,/home,152
4908,u061,/event,151
4909,u369,/cart,268
4910,u166,/mypage,191
4911,u289,/product,73
4912,u149,/mypage,105
4913,u412,/mypage,191
4914,u266,/mypage,129
4915,u242,/event,108
4916,u480,/cart,70
4917,u085,/mypage,243
4918,u006,/cart,214
4919,u092,/product,241
4920,u035,/home,160
4921,u360,/product,103
4922,u356,/home,276
4923,u235,/cart,49
4924,u032,/mypage,240
4925,u305,/product,35
4926,u180,/mypage,116
4927,u177,/home,99
4928,u141,/cart,219
4929,u300,/cart,189
4930,u320,/event,131
4931,u288,/mypage,104
4932,u040,/mypage,79
4933,u053,/product,144
4934,u092,/cart,289
4935,u053,/product,268
4936,u301,/event,170
4937,u295,/mypage,142
4938,u495,/mypage,243
4939,u108,/product,2
4940,u402,/product,111
4941,u047,/mypage,76
4942,u074,/product,244
4943,u448,/home,166
4944,u040,/home,71
4945,u262,/event,218
4946,u341,/event,168
4947,u155,/mypage,61
4948,u124,/mypage,202
4949,u194,/event,243
4950,u182,/cart,268
4951,u163,/mypage,41
4952,u453,/mypage,110
4953,u490,/product,143
4954,u365,/product,224
4955,u287,/event,251
4956,u356,/cart,62
4957,u286,/event,179
4958,u092,/home,188
4959,u438,/event,178
4960,u373,/event,110
4961,u316,/mypage,98
4962,u196,/cart,92
4963,u478,/home,101
4964,u227,/cart,270
4965,u100,/home,159
4966,u169,/home,189
4967,u469,/cart,258
4968,u472,/home,140
4969,u018,/cart,246
4970,u204,/home,130
4971,u141,/home,293
4972,u422,/home,242
4973,u312,/event,252
4974,u089,/event,280
4975,u414,/home,20
4976,u190,/home,79
4977,u362,/product,68
4978,u043,/event,62
4979,u029,/event,32
4980,u161,/home,279
4981,u143,/product,9
4982,u171,/cart,87
4983,u464,/mypage,188
4984,u265,/home,207
4985,u214,/home,34
4986,u099,/mypage,76
4987,u374,/cart,43
4988,u089,/event,23
4989,u142,/mypage,102
4990,u353,/mypage,210
4991,u089,/home,160
4992,u141,/mypage,180
4993,u061,/cart,239
4994,u291,/home,290
4995,u477,/event,46
4996,u060,/home,94
4997,u374,/home,96
4998,u163,/mypage,11
4999,u393,/product,6
5000,u112,/cart,236
5001,u042,/product,158
5002,u429,/product,68
5003,u159,/home,195
5004,u362,/cart,92
5005,u143,/product,290
5006,u162,/event,116
5007,u428,/product,140
5008,u453,/product,91
5009,u152,/cart,226
5010,u136,/home,251
5011,u182,/mypage,187
5012,u179,/mypage,231
5013,u425,/product,19
5014,u487,/mypage,198
5015,u080,/mypage,292
5016,u108,/event,178
5017,u331,/cart,107
5018,u176,/mypage,283
5019,u425,/cart,47
5020,u263,/product,133
5021,u112,/event,134
5022,u017,/home,265
5023,u338,/product,244
5024,u072,/event,166
5025,u191,/mypage,194
5026,u338,/mypage,18
5027,u166,/home,184
5028,u446,/home,82
5029,u216,/event,172
5030,u173,/home,96
5031,u468,/cart,157
5032,u084,/event,280
5033,u096,/home,225
5034,u415,/mypage,234
5035,u304,/mypage,223
5036,u375,/event,243
5037,u428,/product,130
5038,u371,/cart,173
5039,u248,/event,154
5040,u021,/product,260
5041,u056,/event,219
5042,u397,/cart,296
5043,u206,/mypage,15
5044,u084,/mypage,86
5045,u473,/cart,269
5046,u102,/mypage,72
5047,u067,/cart,28
5048,u497,/home,159
5049,u406,/product,178
5050,u235,/event,85
5051,u236,/home,76
5052,u103,/product,155
5053,u158,/home,95
5054,u121,/product,224
5055,u047,/product,79
5056,u351,/mypage,192
5057,u003,/event,82
5058,u177,/home,242
5059,u282,/event,109
5060,u468,/event,193
5061,u426,/event,125
5062,u391,/home,199
5063,u066,/cart,69
5064,u205,/cart,145
5065,u420,/event,202
5066,u274,/home,178
5067,u251,/mypage,14
5068,u114,/mypage,92
5069,u394,/product,189
5070,u186,/cart,257
5071,u422,/home,204
5072,u469,/home,118
5073,u071,/event,97
5074,u023,/product,155
5075,u223,/home,174
5076,u197,/product,218
5077,u078,/cart,160
5078,u199,/event,18
5079,u134,/event,92
5080,u084,/event,265
5081,u428,/home,239
5082,u413,/home,178
5083,u352,/home,208
5084,u412,/home,83
5085,u164,/product,295
5086,u260,/event,233
5087,u006,/event,206
5088,u217,/home,156
5089,u218,/cart,60
5090,u310,/event,258
5091,u191,/event,172
5092,u433,/mypage,187
5093,u058,/product,218
5094,u273,/event,41
5095,u077,/home,173
5096,u486,/mypage,133
5097,u102,/mypage,233
5098,u223,/home,238
5099,u145,/home,63
5100,u445,/event,236
5101,u188,/home,190
5102,u130,/event,173
5103,u346,/cart,13
5104,u278,/cart,92
5105,u151,/cart,214
5106,u009,/event,167
5107,u153,/home,58
5108,u183,/home,273
5109,u379,/event,128
5110,u090,/home,274
5111,u049,/product,75
5112,u325,/event,221
5113,u458,/cart,177
5114,u498,/event,125
5115,u471,/mypage,292
5116,u235,/home,40
5117,u168,/cart,20
5118,u076,/mypage,52
5119,u196,/mypage,41
5120,u173,/cart,217
5121,u206,/home,95
5122,u487,/cart,41
5123,u429,/event,60
5124,u407,/product,293
5125,u134,/cart,264
5126,u277,/product,26
5127,u192,/mypage,243
5128,u111,/event,141
5129,u383,/product,142
5130,u257,/home,205
5131,u466,/product,146
5132,u140,/home,209
5133,u107,/home,213
5134,u337,/product,141
5135,u137,/event,163
5136,u050,/product,116
5137,u010,/cart,114
5138,u033,/mypage,148
5139,u373,/mypage,236
5140,u302,/event,169
5141,u278,/event,244
5142,u477,/mypage,7
5143,u176,/cart,164
5144,u178,/event,78
5145,u237,/event,108
5146,u273,/product,200
5147,u131,/event,17
5148,u339,/mypage,41
5149,u324,/event,288
5150,u177,/home,107
5151,u383,/mypage,190
5152,u156,/cart,162
5153,u232,/event,16
5154,u080,/mypage,300
5155,u086,/mypage,181
5156,u290,/event,213
5157,u392,/home,146
5158,u285,/event,121
5159,u193,/mypage,68
5160,u194,/mypage,64
5161,u050,/event,112
5162,u109,/home,293
5163,u149,/product,82
5164,u393,/event,282
5165,u210,/cart,112
5166,u215,/mypage,143
5167,u164,/cart,55
5168,u341,/cart,258
5169,u275,/mypage,201
5170,u116,/event,254
5171,u388,/event,147
5172,u423,/event,81
5173,u474,/product,205
5174,u148,/home,273
5175,u425,/cart,238
5176,u336,/product,51
5177,u197,/mypage,215
5178,u499,/event,211
5179,u097,/home,115
5180,u071,/mypage,258
5181,u042,/mypage,293
5182,u375,/event,12
5183,u167,/mypage,128
5184,u086,/mypage,242
5185,u351,/home,190
5186,u012,/mypage,200
5187,u283,/mypage,99
5188,u436,/product,235
5189,u189,/product,90
5190,u242,/product,166
5191,u068,/cart,34
5192,u458,/home,106
5193,u296,/event,236
5194,u126,/mypage,228
5195,u124,/product,237
5196,u257,/home,170
5197,u447,/product,126
5198,u237,/home,4
5199,u384,/home,209
5200,u444,/mypage,241
5201,u442,/event,37
5202,u401,/event,134
5203,u453,/mypage,62
5204,u367,/mypage,274
5205,u366,/home,225
5206,u247,/home,150
5207,u416,/event,21
5208,u187,/event,262
5209,u323,/event,220
5210,u404,/home,54
5211,u075,/cart,297
5212,u386,/home,87
5213,u188,/event,174
5214,u073,/product,248
5215,u108,/cart,50
5216,u169,/home,235
5217,u461,/event,126
5218,u388,/cart,176
5219,u152,/event,170
5220,u404,/event,133
5221,u291,/cart,19
5222,u390,/product,76
5223,u268,/cart,14
5224,u114,/cart,289
5225,u186,/cart,158
5226,u484,/product,291
5227,u325,/cart,244
5228,u366,/event,151
5229,u080,/product,76
5230,u312,/cart,197
5231,u132,/product,15
5232,u436,/product,299
5233,u156,/product,300
5234,u007,/cart,187
5235,u370,/mypage,265
5236,u208,/event,88
5237,u498,/cart,80
5238,u301,/mypage,161
5239,u268,/cart,194
5240,u444,/event,87
5241,u446,/mypage,247
5242,u090,/event,195
5243,u008,/home,176
5244,u116,/cart,106
5245,u115,/product,143
5246,u312,/home,101
5247,u183,/event,236
5248,u292,/home,269
5249,u460,/product,104
5250,u187,/home,205
5251,u321,/home,169
5252,u260,/home,139
5253,u284,/mypage,276
5254,u447,/home,29
5255,u229,/mypage,268
5256,u127,/product,132
5257,u409,/product,126
5258,u117,/event,91
5259,u021,/mypage,137
5260,u283,/cart,47
5261,u381,/product,33
5262,u464,/product,268
5263,u156,/home,107
5264,u117,/product,300
5265,u390,/mypage,245
5266,u238,/home,275
5267,u452,/home,164
5268,u405,/home,101
5269,u245,/home,227
5270,u043,/event,102
5271,u052,/mypage,111
5272,u307,/event,154
5273,u292,/home,298
5274,u221,/home,227
5275,u399,/product,234
5276,u001,/cart,209
5277,u308,/cart,253
5278,u324,/product,169
5279,u260,/event,264
5280,u146,/cart,136
5281,u445,/mypage,128
5282,u175,/cart,288
5283,u258,/cart,226
5284,u058,/product,250
5285,u004,/cart,261
5286,u241,/event,84
5287,u092,/home,222
5288,u345,/cart,49
5289,u474,/event,176
5290,u327,/mypage,94
5291,u100,/home,119
5292,u110,/cart,257
5293,u157,/cart,272
5294,u242,/home,154
5295,u475,/mypage,108
5296,u293,/product,166
5297,u081,/product,203
5298,u403,/product,81
5299,u313,/product,167
5300,u490,/mypage,243
5301,u335,/mypage,214
5302,u400,/cart,118
5303,u478,/cart,242
5304,u479,/cart,190
5305,u075,/cart,171
5306,u373,/cart,162
5307,u231,/cart,218
5308,u289,/event,214
5309,u003,/event,29
5310,u496,/event,182
5311,u331,/product,234
5312,u393,/cart,10
5313,u420,/product,107
5314,u339,/cart,151
5315,u427,/cart,13
5316,u165,/event,196
5317,u167,/mypage,287
5318,u379,/product,111
5319,u317,/mypage,226
5320,u439,/cart,55
5321,u039,/product,83
5322,u167,/event,241
5323,u488,/home,200
5324,u353,/event,128
5325,u144,/mypage,193
5326,u031,/home,29
5327,u328,/cart,142
5328,u276,/cart,225
5329,u473,/cart,57
5330,u242,/product,38
5331,u167,/event,78
5332,u448,/product,154
5333,u294,/product,288
5334,u046,/event,126
5335,u168,/mypage,280
5336,u391,/cart,286
5337,u272,/cart,12
5338,u072,/home,161
5339,u491,/cart,229
5340,u383,/product,95
5341,u165,/event,117
5342,u236,/cart,171
5343,u102,/cart,131
5344,u310,/home,72
5345,u062,/event,219
5346,u203,/event,25
5347,u426,/mypage,31
5348,u468,/mypage,192
5349,u009,/mypage,224
5350,u017,/mypage,168
5351,u405,/mypage,252
5352,u145,/mypage,171
5353,u325,/home,39
5354,u290,/home,286
5355,u400,/home,273
5356,u082,/mypage,45
5357,u294,/event,98
5358,u385,/home,221
5359,u419,/cart,239
5360,u232,/product,170
5361,u038,/product,295
5362,u174,/event,271
5363,u400,/event,11
5364,u206,/mypage,151
5365,u004,/mypage,200
5366,u010,/home,116
5367,u166,/event,78
5368,u133,/product,300
5369,u346,/cart,273
5370,u235,/product,295
5371,u474,/cart,296
5372,u079,/product,76
5373,u106,/cart,93
5374,u052,/home,274
5375,u309,/home,66
5376,u277,/cart,36
5377,u168,/cart,118
5378,u337,/product,104
5379,u156,/product,218
5380,u139,/product,112
5381,u396,/cart,14
5382,u071,/event,64
5383,u428,/event,14
5384,u228,/product,195
5385,u026,/event,225
5386,u205,/product,106
5387,u395,/event,64
5388,u048,/product,260
5389,u468,/mypage,265
5390,u063,/product,108
5391,u062,/event,184
5392,u384,/cart,213
5393,u098,/product,47
5394,u410,/mypage,185
5395,u245,/cart,261
5396,u058,/event,9
5397,u004,/event,216
5398,u205,/home,182
5399,u185,/cart,34
5400,u223,/cart,118
5401,u360,/home,200
5402,u449,/event,9
5403,u488,/cart,166
5404,u024,/product,128
5405,u091,/mypage,5
5406,u066,/mypage,80
5407,u072,/event,20
5408,u032,/mypage,108
5409,u444,/cart,191
5410,u317,/event,81
5411,u215,/product,90
5412,u480,/mypage,78
5413,u380,/product,187
5414,u451,/home,84
5415,u016,/event,105
5416,u157,/event,192
5417,u466,/cart,165
5418,u015,/home,170
5419,u015,/event,18
5420,u377,/product,209
5421,u024,/mypage,194
5422,u391,/mypage,269
5423,u087,/product,52
5424,u008,/cart,115
5425,u048,/event,34
5426,u058,/event,238
5427,u213,/mypage,226
5428,u069,/mypage,1
5429,u160,/event,241
5430,u461,/cart,66
5431,u166,/mypage,188
5432,u490,/mypage,50
5433,u245,/event,293
5434,u101,/product,113
5435,u264,/product,74
5436,u116,/home,49
5437,u368,/event,145
5438,u455,/mypage,54
5439,u128,/product,129
5440,u095,/cart,169
5441,u364,/event,267
5442,u265,/mypage,137
5443,u390,/product,168
5444,u217,/cart,75
5445,u297,/home,198
5446,u324,/home,102
5447,u094,/home,74
5448,u325,/home,122
5449,u083,/event,166
5450,u006,/mypage,247
5451,u248,/cart,97
5452,u322,/mypage,208
5453,u232,/product,233
5454,u319,/cart,280
5455,u226,/home,144
5456,u336,/mypage,173
5457,u173,/product,131
5458,u175,/event,282
5459,u234,/home,176
5460,u391,/mypage,135
5461,u033,/cart,219
5462,u329,/home,279
5463,u065,/home,117
5464,u500,/event,57
5465,u062,/mypage,152
5466,u065,/cart,158
5467,u232,/event,284
5468,u482,/home,259
5469,u094,/event,262
5470,u100,/product,114
5471,u398,/home,102
5472,u376,/cart,270
5473,u308,/product,289
5474,u441,/mypage,269
5475,u025,/mypage,186
5476,u277,/product,272
5477,u086,/cart,82
5478,u052,/product,116
5479,u432,/product,277
5480,u483,/mypage,218
5481,u440,/product,143
5482,u026,/event,152
5483,u200,/mypage,216
5484,u458,/event,240
5485,u165,/product,154
5486,u001,/home,129
5487,u363,/mypage,160
5488,u107,/mypage,35
5489,u031,/event,72
5490,u074,/event,83
5491,u392,/product,201
5492,u403,/product,215
5493,u201,/mypage,100
5494,u128,/cart,37
5495,u116,/cart,72
5496,u458,/event,64
5497,u372,/mypage,78
5498,u106,/event,73
5499,u345,/cart,168
5500,u006,/home,267
5501,u160,/mypage,53
5502,u396,/mypage,242
5503,u119,/event,153
5504,u421,/home,278
5505,u381,/mypage,233
5506,u079,/home,175
5507,u449,/cart,21
5508,u196,/cart,58
5509,u321,/event,219
5510,u300,/product,250
5511,u389,/cart,116
5512,u268,/home,46
5513,u375,/mypage,186
5514,u124,/event,222
5515,u216,/home,54
5516,u443,/cart,142
5517,u464,/cart,261
5518,u169,/event,129
5519,u183,/home,7
5520,u052,/event,125
5521,u300,/event,114
5522,u303,/event,137
5523,u054,/event,288
5524,u311,/mypage,193
5525,u311,/mypage,196
5526,u022,/mypage,56
5527,u303,/home,295
5528,u049,/home,123
5529,u185,/mypage,216
5530,u418,/event,21
5531,u178,/event,236
5532,u294,/mypage,20
5533,u482,/event,222
5534,u343,/home,111
5535,u291,/product,13
5536,u323,/cart,51
5537,u150,/event,15
5538,u374,/event,130
5539,u184,/cart,181
5540,u499,/product,142
5541,u229,/home,167
5542,u235,/cart,83
5543,u108,/mypage,281
5544,u332,/cart,206
5545,u386,/cart,89
5546,u433,/event,46
5547,u171,/cart,276
5548,u379,/product,163
5549,u425,/cart,52
5550,u469,/home,208
5551,u161,/mypage,255
5552,u328,/product,196
5553,u104,/cart,249
5554,u180,/cart,225
5555,u459,/cart,82
5556,u492,/product,166
5557,u009,/home,98
5558,u298,/cart,260
5559,u359,/mypage,152
5560,u388,/mypage,276
5561,u092,/event,39
5562,u102,/home,47
5563,u365,/mypage,208
5564,u437,/cart,75
5565,u367,/cart,273
5566,u182,/event,69
5567,u472,/event,54
5568,u433,/cart,292
5569,u498,/home,166
5570,u116,/event,21
5571,u126,/mypage,80
5572,u342,/cart,14
5573,u254,/product,113
5574,u126,/product,226
5575,u332,/product,75
5576,u007,/cart,125
5577,u494,/home,248
5578,u430,/event,213
5579,u285,/mypage,291
5580,u099,/event,96
5581,u435,/mypage,298
5582,u205,/mypage,199
5583,u383,/cart,187
5584,u412,/cart,221
5585,u190,/cart,121
5586,u164,/mypage,183
5587,u040,/product,165
5588,u441,/product,276
5589,u297,/product,50
5590,u470,/mypage,244
5591,u275,/cart,54
5592,u414,/mypage,117
5593,u369,/cart,284
5594,u421,/product,239
5595,u138,/mypage,28
5596,u236,/mypage,225
5597,u255,/mypage,224
5598,u034,/product,12
5599,u287,/event,287
5600,u333,/home,178
5601,u245,/product,33
5602,u350,/cart,34
5603,u489,/cart,292
5604,u130,/home,252
5605,u221,/product,203
5606,u111,/event,159
5607,u276,/cart,170
5608,u120,/mypage,261
5609,u485,/event,74
5610,u393,/mypage,162
5611,u442,/home,28
5612,u365,/cart,62
5613,u397,/home,33
5614,u272,/event,83
5615,u376,/product,128
5616,u308,/product,93
5617,u016,/event,62
5618,u170,/home,49
5619,u485,/event,294
5620,u359,/event,209
5621,u196,/event,71
5622,u434,/cart,94
5623,u050,/cart,182
5624,u091,/event,130
5625,u256,/home,95
5626,u134,/event,103
5627,u117,/cart,42
5628,u174,/event,49
5629,u269,/cart,11
5630,u451,/mypage,32
5631,u286,/home,192
5632,u049,/product,1
5633,u494,/mypage,7
5634,u003,/cart,197
5635,u157,/home,291
5636,u289,/cart,36
5637,u490,/product,97
5638,u326,/mypage,256
5639,u094,/mypage,112
5640,u500,/cart,50
5641,u447,/product,192
5642,u294,/product,226
5643,u362,/product,260
5644,u077,/event,16
5645,u319,/home,276
5646,u455,/home,160
5647,u479,/cart,56
5648,u179,/product,266
5649,u086,/home,255
5650,u099,/mypage,80
5651,u314,/cart,233
5652,u476,/mypage,200
5653,u402,/event,60
5654,u343,/mypage,34
5655,u174,/product,188
5656,u073,/product,252
5657,u097,/event,22
5658,u184,/home,246
5659,u416,/mypage,51
5660,u435,/mypage,47
5661,u340,/cart,270
5662,u289,/mypage,273
5663,u268,/event,280
5664,u330,/product,145
5665,u165,/product,230
5666,u391,/product,150
5667,u484,/event,207
5668,u223,/event,43
5669,u252,/home,252
5670,u054,/cart,288
5671,u248,/mypage,200
5672,u157,/event,148
5673,u395,/home,271
5674,u426,/home,97
5675,u485,/home,158
5676,u457,/mypage,293
5677,u278,/product,161
5678,u379,/home,274
5679,u015,/home,156
5680,u198,/product,181
5681,u494,/mypage,27
5682,u422,/event,261
5683,u269,/product,261
5684,u190,/home,110
5685,u051,/event,96
5686,u457,/product,164
5687,u038,/product,254
5688,u106,/mypage,8
5689,u024,/event,106
5690,u461,/home,149
5691,u003,/product,170
5692,u091,/event,117
5693,u191,/event,23
5694,u080,/product,127
5695,u319,/cart,217
5696,u349,/mypage,159
5697,u105,/cart,210
5698,u354,/home,213
5699,u422,/event,194
5700,u143,/product,250
5701,u130,/mypage,6
5702,u321,/event,22
5703,u357,/event,66
5704,u340,/product,37
5705,u327,/home,60
5706,u082,/event,35
5707,u094,/mypage,168
5708,u086,/cart,204
5709,u146,/mypage,147
5710,u146,/mypage,134
5711,u056,/home,203
5712,u422,/product,45
5713,u285,/event,103
5714,u066,/mypage,19
5715,u241,/event,56
5716,u058,/product,20
5717,u427,/event,95
5718,u043,/home,124
5719,u224,/mypage,190
5720,u225,/product,227
5721,u306,/home,258
5722,u393,/product,108
5723,u372,/cart,23
5724,u292,/home,79
5725,u175,/cart,90
5726,u180,/event,103
5727,u462,/home,201
5728,u195,/product,150
5729,u259,/home,116
5730,u095,/product,172
5731,u337,/event,13
5732,u447,/event,36
5733,u432,/product,271
5734,u148,/mypage,83
5735,u074,/mypage,163
5736,u030,/home,34
5737,u210,/mypage,274
5738,u009,/mypage,87
5739,u371,/cart,190
5740,u020,/product,54
5741,u351,/product,4
5742,u196,/home,289
5743,u030,/event,291
5744,u062,/product,19
5745,u289,/mypage,38
5746,u011,/event,293
5747,u331,/event,145
5748,u352,/mypage,199
5749,u231,/product,252
5750,u314,/cart,177
5751,u326,/event,246
5752,u471,/product,233
5753,u275,/cart,115
5754,u074,/cart,90
5755,u494,/event,132
5756,u452,/product,189
5757,u379,/home,222
5758,u413,/cart,74
5759,u022,/event,211
5760,u364,/mypage,117
5761,u206,/product,181
5762,u107,/event,216
5763,u453,/event,236
5764,u376,/event,228
5765,u488,/event,238
5766,u187,/cart,167
5767,u341,/event,69
5768,u371,/mypage,106
5769,u126,/product,98
5770,u292,/product,187
5771,u461,/event,281
5772,u442,/event,192
5773,u330,/cart,110
5774,u202,/product,241
5775,u056,/mypage,232
5776,u154,/mypage,212
5777,u027,/product,112
5778,u173,/mypage,81
5779,u338,/event,265
5780,u222,/product,227
5781,u013,/product,198
5782,u291,/product,140
5783,u382,/mypage,80
5784,u329,/event,295
5785,u401,/product,78
5786,u211,/cart,240
5787,u126,/product,250
5788,u162,/mypage,272
5789,u377,/home,50
5790,u403,/home,44
5791,u011,/home,28
5792,u170,/home,161
5793,u477,/cart,104
5794,u381,/product,110
5795,u158,/home,186
5796,u320,/cart,299
5797,u464,/event,244
5798,u174,/product,149
5799,u156,/home,288
5800,u082,/product,84
5801,u213,/home,273
5802,u467,/mypage,210
5803,u082,/mypage,283
5804,u322,/event,144
5805,u354,/product,59
5806,u340,/product,228
5807,u050,/home,70
5808,u451,/event,243
5809,u195,/event,88
5810,u393,/home,186
5811,u477,/event,300
5812,u293,/product,230
5813,u458,/home,252
5814,u485,/mypage,177
5815,u454,/cart,44
5816,u454,/cart,36
5817,u091,/product,154
5818,u347,/event,77
5819,u057,/product,165
5820,u150,/home,182
5821,u309,/event,9
5822,u319,/mypage,214
5823,u087,/cart,130
5824,u099,/mypage,144
5825,u267,/home,251
5826,u164,/product,27
5827,u333,/product,157
5828,u135,/event,222
5829,u173,/home,140
5830,u384,/event,42
5831,u171,/mypage,17
5832,u067,/mypage,6
5833,u377,/mypage,10
5834,u155,/event,103
5835,u464,/event,195
5836,u199,/home,139
5837,u357,/event,172
5838,u188,/mypage,218
5839,u209,/cart,68
5840,u483,/cart,134
5841,u283,/product,251
5842,u145,/cart,43
5843,u468,/event,44
5844,u413,/cart,261
5845,u459,/home,12
5846,u416,/product,55
5847,u125,/home,91
5848,u192,/home,79
5849,u293,/product,45
5850,u443,/home,5
5851,u371,/home,175
5852,u446,/mypage,37
5853,u080,/mypage,236
5854,u324,/cart,55
5855,u314,/home,29
5856,u361,/product,103
5857,u471,/home,96
5858,u047,/home,2
5859,u222,/product,108
5860,u026,/home,199
5861,u165,/mypage,99
5862,u244,/product,254
5863,u310,/product,241
5864,u148,/mypage,32
5865,u227,/product,260
5866,u004,/home,91
5867,u499,/product,135
5868,u074,/mypage,295
5869,u499,/product,64
5870,u360,/home,97
5871,u096,/cart,117
5872,u084,/event,152
5873,u308,/event,260
5874,u328,/cart,112
5875,u219,/cart,177
5876,u377,/product,272
5877,u004,/cart,145
5878,u387,/product,34
5879,u032,/home,253
5880,u177,/home,221
5881,u041,/event,7
5882,u382,/home,164
5883,u302,/cart,34
5884,u292,/cart,164
5885,u231,/cart,246
5886,u190,/event,154
5887,u391,/event,161
5888,u280,/product,117
5889,u301,/product,22
5890,u354,/cart,210
5891,u239,/event,167
5892,u473,/event,238
5893,u445,/event,232
5894,u079,/product,198
5895,u215,/home,72
5896,u404,/cart,196
5897,u446,/product,205
5898,u188,/home,223
5899,u406,/product,78
5900,u304,/product,112
5901,u049,/home,201
5902,u242,/product,139
5903,u173,/product,12
5904,u255,/event,82
5905,u156,/mypage,143
5906,u117,/product,250
5907,u311,/event,222
5908,u223,/product,250
5909,u497,/home,181
5910,u493,/home,35
5911,u488,/cart,245
5912,u312,/cart,73
5913,u121,/mypage,254
5914,u412,/product,214
5915,u252,/home,158
5916,u324,/product,174
5917,u323,/cart,220
5918,u314,/home,67
5919,u272,/cart,175
5920,u372,/cart,66
5921,u190,/mypage,243
5922,u033,/home,229
5923,u190,/event,127
5924,u108,/cart,120
5925,u466,/cart,244
5926,u403,/cart,285
5927,u175,/mypage,170
5928,u358,/product,66
5929,u495,/cart,294
5930,u498,/product,122
5931,u417,/product,251
5932,u289,/event,10
5933,u161,/mypage,49
5934,u197,/product,165
5935,u042,/mypage,252
5936,u237,/mypage,137
5937,u035,/event,200
5938,u399,/product,142
5939,u365,/product,187
5940,u435,/home,243
5941,u127,/product,2
5942,u168,/cart,248
5943,u288,/product,140
5944,u490,/cart,249
5945,u161,/mypage,275
5946,u103,/product,62
5947,u152,/home,100
5948,u269,/mypage,145
5949,u128,/event,217
5950,u359,/home,153
5951,u134,/product,74
5952,u152,/home,15
5953,u334,/event,41
5954,u189,/event,76
5955,u229,/event,285
5956,u081,/mypage,228
5957,u389,/cart,56
5958,u480,/cart,234
5959,u142,/product,233
5960,u146,/product,66
5961,u166,/home,64
5962,u027,/cart,283
5963,u245,/cart,73
5964,u162,/event,282
5965,u014,/event,166
5966,u203,/product,168
5967,u314,/home,145
5968,u166,/mypage,292
5969,u021,/mypage,29
5970,u371,/product,255
5971,u033,/home,72
5972,u078,/home,268
5973,u084,/product,48
5974,u387,/cart,183
5975,u174,/home,212
5976,u176,/home,253
5977,u206,/mypage,32
5978,u269,/event,203
5979,u356,/product,281
5980,u422,/home,107
5981,u230,/product,60
5982,u391,/cart,117
5983,u123,/home,286
5984,u013,/home,116
5985,u246,/home,22
5986,u113,/product,79
5987,u489,/product,257
5988,u164,/cart,199
5989,u388,/event,10
5990,u262,/cart,253
5991,u013,/event,282
5992,u035,/home,103
5993,u302,/home,107
5994,u118,/mypage,252
5995,u004,/cart,42
5996,u298,/cart,261
5997,u461,/product,204
5998,u109,/product,275
5999,u004,/mypage,145
6000,u137,/mypage,192
6001,u262,/event,82
6002,u428,/product,132
6003,u172,/product,168
6004,u460,/cart,202
6005,u062,/cart,232
6006,u015,/event,263
6007,u395,/event,105
6008,u095,/home,22
6009,u199,/home,106
6010,u103,/mypage,153
6011,u427,/product,156
6012,u185,/event,28
6013,u332,/product,291
6014,u456,/cart,112
6015,u262,/home,159
6016,u007,/product,93
6017,u441,/cart,106
6018,u256,/event,168
6019,u235,/event,85
6020,u472,/event,246
6021,u288,/mypage,147
6022,u408,/product,40
6023,u316,/home,1
6024,u437,/home,26
6025,u439,/home,141
6026,u477,/home,156
6027,u228,/event,291
6028,u493,/product,50
6029,u028,/cart,111
6030,u331,/product,217
6031,u380,/cart,39
6032,u144,/event,12
6033,u153,/home,62
6034,u155,/product,135
6035,u234,/product,62
6036,u471,/home,244
6037,u090,/home,58
6038,u045,/product,234
6039,u446,/mypage,286
6040,u140,/cart,12
6041,u360,/mypage,246
6042,u033,/product,111
6043,u034,/event,194
6044,u016,/home,255
6045,u222,/event,212
6046,u090,/home,296
6047,u460,/home,33
6048,u492,/cart,145
6049,u369,/event,104
6050,u411,/cart,13
6051,u344,/cart,97
6052,u121,/event,1
6053,u333,/home,289
6054,u428,/event,287
6055,u488,/event,119
6056,u367,/home,147
6057,u187,/home,189
6058,u234,/event,279
6059,u084,/cart,191
6060,u372,/mypage,277
6061,u075,/cart,178
6062,u209,/product,298
6063,u206,/cart,240
6064,u178,/cart,76
6065,u417,/event,278
6066,u209,/cart,222
6067,u045,/mypage,130
6068,u454,/product,171
6069,u474,/cart,239
6070,u231,/mypage,85
6071,u456,/home,176
6072,u260,/product,175
6073,u277,/product,294
6074,u072,/product,203
6075,u042,/event,58
6076,u257,/mypage,22
6077,u267,/home,295
6078,u003,/cart,282
6079,u341,/product,117
6080,u351,/cart,251
6081,u060,/cart,192
6082,u281,/event,268
6083,u337,/event,113
6084,u296,/cart,209
6085,u353,/home,116
6086,u328,/event,80
6087,u428,/product,1
6088,u458,/mypage,56
6089,u254,/product,37
6090,u356,/cart,124
6091,u387,/event,156
6092,u423,/product,278
6093,u327,/home,98
6094,u013,/home,16
6095,u152,/home,107
6096,u096,/home,35
6097,u130,/event,61
6098,u217,/cart,207
6099,u006,/mypage,154
6100,u176,/event,192
6101,u107,/cart,220
6102,u318,/mypage,245
6103,u326,/mypage,22
6104,u348,/event,17
6105,u256,/cart,180
6106,u016,/cart,243
6107,u441,/event,276
6108,u395,/home,217
6109,u353,/mypage,180
6110,u486,/event,14
6111,u195,/home,250
6112,u389,/home,244
6113,u130,/mypage,48
6114,u043,/product,49
6115,u233,/event,173
6116,u124,/mypage,241
6117,u018,/cart,159
6118,u283,/event,111
6119,u315,/event,49
6120,u006,/product,15
6121,u479,/mypage,228
6122,u036,/mypage,93
6123,u238,/cart,290
6124,u199,/mypage,25
6125,u130,/mypage,61
6126,u358,/mypage,252
6127,u090,/event,151
6128,u438,/product,21
6129,u149,/mypage,170
6130,u219,/home,80
6131,u496,/home,102
6132,u247,/event,128
6133,u003,/event,91
6134,u396,/event,23
6135,u155,/product,115
6136,u175,/mypage,253
6137,u118,/event,60
6138,u052,/product,72
6139,u068,/mypage,289
6140,u013,/event,255
6141,u188,/event,11
6142,u363,/mypage,189
6143,u326,/mypage,55
6144,u215,/event,18
6145,u143,/event,286
6146,u360,/event,35
6147,u034,/home,135
6148,u450,/cart,244
6149,u206,/mypage,125
6150,u465,/product,62
6151,u013,/product,45
6152,u293,/product,101
6153,u229,/mypage,192
6154,u286,/cart,245
6155,u035,/product,299
6156,u212,/home,287
6157,u021,/product,104
6158,u076,/cart,69
6159,u383,/event,6
6160,u191,/home,262
6161,u404,/home,58
6162,u269,/cart,300
6163,u272,/home,156
6164,u451,/product,164
6165,u472,/product,246
6166,u411,/product,97
6167,u340,/event,245
6168,u246,/product,51
6169,u089,/event,284
6170,u325,/mypage,37
6171,u075,/product,262
6172,u075,/home,245
6173,u263,/home,290
6174,u085,/product,212
6175,u430,/cart,116
6176,u424,/cart,209
6177,u031,/event,22
6178,u446,/cart,203
6179,u015,/product,192
6180,u201,/event,116
6181,u384,/product,246
6182,u315,/mypage,209
6183,u331,/product,124
6184,u307,/mypage,148
6185,u255,/home,222
6186,u308,/home,214
6187,u034,/mypage,44
6188,u361,/product,21
6189,u190,/cart,202
6190,u144,/event,175
6191,u156,/mypage,168
6192,u471,/cart,241
6193,u262,/event,198
6194,u388,/mypage,287
6195,u473,/mypage,294
6196,u071,/event,173
6197,u047,/event,176
6198,u273,/mypage,33
6199,u129,/cart,139
6200,u448,/cart,263
6201,u117,/cart,166
6202,u465,/product,290
6203,u098,/cart,157
6204,u099,/cart,266
6205,u347,/event,143
6206,u136,/mypage,218
6207,u343,/product,72
6208,u411,/cart,98
6209,u352,/cart,278
6210,u284,/cart,105
6211,u409,/event,298
6212,u267,/product,61
6213,u371,/cart,127
6214,u106,/mypage,173
6215,u094,/event,192
6216,u126,/event,248
6217,u368,/cart,291
6218,u236,/mypage,175
6219,u075,/cart,37
6220,u130,/home,193
6221,u417,/mypage,202
6222,u002,/home,97
6223,u416,/cart,254
6224,u233,/mypage,299
6225,u421,/cart,262
6226,u291,/event,102
6227,u137,/home,219
6228,u322,/event,56
6229,u244,/event,199
6230,u161,/home,72
6231,u093,/home,186
6232,u390,/home,22
6233,u434,/home,143
6234,u056,/mypage,275
6235,u138,/product,50
6236,u474,/event,105
6237,u021,/mypage,31
6238,u006,/home,173
6239,u320,/cart,146
6240,u221,/product,119
6241,u113,/mypage,293
6242,u385,/cart,283
6243,u182,/product,78
6244,u012,/mypage,300
6245,u163,/product,88
6246,u413,/event,105
6247,u278,/mypage,9
6248,u489,/product,47
6249,u293,/mypage,139
6250,u415,/event,64
6251,u049,/product,209
6252,u114,/product,236
6253,u313,/product,89
6254,u470,/product,144
6255,u055,/home,123
6256,u344,/cart,223
6257,u297,/mypage,198
6258,u229,/product,119
6259,u052,/home,210
6260,u365,/event,227
6261,u077,/event,195
6262,u012,/mypage,140
6263,u106,/event,224
6264,u405,/mypage,176
6265,u165,/home,256
6266,u260,/mypage,199
6267,u430,/event,106
6268,u191,/product,40
6269,u308,/event,87
6270,u404,/event,107
6271,u112,/cart,181
6272,u208,/cart,128
6273,u367,/cart,119
6274,u195,/mypage,241
6275,u492,/home,289
6276,u125,/home,232
6277,u366,/home,200
6278,u293,/cart,185
6279,u196,/home,252
6280,u224,/event,218
6281,u046,/event,131
6282,u179,/product,138
6283,u188,/cart,246
6284,u081,/product,113
6285,u438,/mypage,265
6286,u307,/mypage,101
6287,u434,/home,196
6288,u187,/home,118
6289,u047,/product,48
6290,u316,/mypage,26
6291,u129,/home,269
6292,u478,/cart,232
6293,u077,/cart,73
6294,u440,/event,143
6295,u446,/product,118
6296,u210,/cart,86
6297,u267,/home,119
6298,u447,/home,27
6299,u294,/product,148
6300,u281,/event,217
6301,u459,/product,121
6302,u009,/product,40
6303,u035,/home,138
6304,u419,/product,274
6305,u064,/event,284
6306,u390,/cart,92
6307,u079,/mypage,96
6308,u126,/home,167
6309,u438,/product,140
6310,u263,/home,257
6311,u259,/home,202
6312,u070,/product,25
6313,u241,/product,68
6314,u124,/mypage,189
6315,u294,/cart,237
6316,u126,/event,90
6317,u364,/home,128
6318,u083,/mypage,22
6319,u035,/event,70
6320,u001,/cart,236
6321,u271,/event,203
6322,u282,/mypage,207
6323,u456,/mypage,239
6324,u493,/mypage,182
6325,u403,/mypage,296
6326,u368,/event,129
6327,u269,/event,86
6328,u258,/event,65
6329,u413,/home,106
6330,u038,/mypage,189
6331,u432,/cart,60
6332,u310,/event,196
6333,u193,/cart,192
6334,u013,/cart,250
6335,u102,/home,111
6336,u223,/product,231
6337,u443,/mypage,72
6338,u333,/cart,203
6339,u126,/product,9
6340,u462,/product,225
6341,u130,/event,205
6342,u239,/event,191
6343,u452,/product,238
6344,u067,/event,27
6345,u126,/product,52
6346,u152,/cart,28
6347,u180,/event,198
6348,u455,/event,40
6349,u307,/cart,182
6350,u421,/mypage,283
6351,u245,/home,246
6352,u035,/cart,170
6353,u100,/cart,260
6354,u085,/home,52
6355,u075,/mypage,139
6356,u031,/home,261
6357,u112,/mypage,191
6358,u013,/event,207
6359,u172,/mypage,236
6360,u178,/mypage,168
6361,u146,/cart,27
6362,u411,/mypage,300
6363,u064,/event,250
6364,u222,/mypage,19
6365,u342,/mypage,290
6366,u260,/home,79
6367,u478,/event,170
6368,u339,/event,137
6369,u074,/product,101
6370,u048,/mypage,197
6371,u142,/event,113
6372,u022,/home,156
6373,u007,/product,100
6374,u215,/mypage,100
6375,u214,/product,219
6376,u281,/mypage,131
6377,u470,/product,1
6378,u034,/product,20
6379,u136,/event,34
6380,u113,/event,85
6381,u474,/event,59
6382,u041,/event,176
6383,u316,/cart,241
6384,u490,/cart,296
6385,u286,/mypage,170
6386,u324,/cart,270
6387,u080,/mypage,267
6388,u350,/cart,126
6389,u116,/home,223
6390,u248,/cart,169
6391,u482,/mypage,154
6392,u256,/event,27
6393,u488,/mypage,154
6394,u411,/cart,55
6395,u422,/product,285
6396,u115,/product,128
6397,u238,/product,51
6398,u358,/mypage,259
6399,u186,/event,205
6400,u215,/mypage,170
6401,u154,/home,125
6402,u084,/mypage,247
6403,u486,/home,161
6404,u475,/home,224
6405,u208,/event,79
6406,u213,/event,16
6407,u171,/cart,61
6408,u158,/product,250
6409,u451,/event,203
6410,u302,/product,208
6411,u221,/product,147
6412,u125,/mypage,85
6413,u173,/product,168
6414,u304,/event,43
6415,u052,/home,43
6416,u408,/home,77
6417,u277,/event,253
6418,u460,/home,78
6419,u027,/home,242
6420,u091,/home,69
6421,u150,/cart,183
6422,u342,/mypage,45
6423,u021,/product,159
6424,u170,/home,20
6425,u299,/home,21
6426,u315,/home,99
6427,u405,/product,201
6428,u422,/event,56
6429,u137,/mypage,150
6430,u316,/mypage,37
6431,u426,/mypage,146
6432,u071,/home,237
6433,u311,/cart,81
6434,u330,/mypage,50
6435,u255,/mypage,115
6436,u353,/cart,17
6437,u202,/cart,84
6438,u356,/event,232
6439,u184,/mypage,157
6440,u151,/event,215
6441,u414,/product,159
6442,u342,/cart,108
6443,u124,/event,77
6444,u361,/product,19
6445,u041,/home,61
6446,u076,/home,230
6447,u065,/product,38
6448,u145,/cart,164
6449,u297,/product,247
6450,u223,/event,63
6451,u477,/mypage,155
6452,u480,/product,243
6453,u336,/home,187
6454,u081,/event,99
6455,u177,/home,26
6456,u017,/cart,200
6457,u096,/event,238
6458,u338,/event,166
6459,u231,/product,168
6460,u382,/event,162
6461,u491,/mypage,95
6462,u004,/product,129
6463,u213,/home,250
6464,u449,/cart,76
6465,u022,/product,123
6466,u263,/mypage,254
6467,u491,/cart,104
6468,u370,/product,214
6469,u020,/home,185
6470,u365,/cart,191
6471,u173,/home,54
6472,u248,/mypage,104
6473,u109,/product,171
6474,u349,/mypage,141
6475,u272,/event,271
6476,u303,/mypage,101
6477,u223,/home,233
6478,u494,/mypage,281
6479,u149,/mypage,234
6480,u023,/cart,171
6481,u010,/event,33
6482,u243,/event,238
6483,u469,/mypage,293
6484,u119,/cart,115
6485,u231,/cart,154
6486,u457,/home,118
6487,u343,/mypage,131
6488,u203,/cart,3
6489,u272,/product,21
6490,u114,/event,123
6491,u204,/home,221
6492,u025,/home,141
6493,u275,/mypage,214
6494,u009,/mypage,157
6495,u394,/mypage,27
6496,u255,/mypage,110
6497,u274,/mypage,148
6498,u400,/home,121
6499,u474,/event,288
6500,u372,/cart,91
6501,u280,/product,8
6502,u351,/event,41
6503,u169,/product,246
6504,u011,/home,67
6505,u477,/cart,87
6506,u337,/cart,132
6507,u213,/product,219
6508,u105,/product,186
6509,u050,/cart,159
6510,u278,/mypage,36
6511,u040,/product,63
6512,u437,/home,123
6513,u034,/cart,92
6514,u059,/event,173
6515,u063,/mypage,274
6516,u239,/mypage,63
6517,u247,/mypage,143
6518,u403,/home,183
6519,u404,/home,181
6520,u091,/event,97
6521,u280,/cart,10
6522,u467,/mypage,45
6523,u033,/product,75
6524,u176,/product,268
6525,u418,/mypage,100
6526,u246,/cart,16
6527,u175,/event,222
6528,u054,/mypage,207
6529,u109,/product,98
6530,u318,/event,35
6531,u500,/product,254
6532,u286,/event,199
6533,u165,/cart,102
6534,u461,/home,19
6535,u232,/product,2
6536,u293,/cart,9
6537,u341,/cart,174
6538,u213,/home,162
6539,u442,/event,44
6540,u069,/home,267
6541,u288,/home,70
6542,u243,/event,284
6543,u283,/cart,62
6544,u320,/home,163
6545,u126,/cart,275
6546,u421,/event,151
6547,u020,/home,29
6548,u481,/cart,71
6549,u357,/cart,195
6550,u079,/cart,175
6551,u436,/event,39
6552,u500,/mypage,187
6553,u039,/event,158
6554,u379,/cart,209
6555,u012,/home,146
6556,u168,/product,48
6557,u446,/product,269
6558,u309,/mypage,52
6559,u186,/home,49
6560,u500,/cart,171
6561,u163,/home,94
6562,u296,/product,299
6563,u410,/home,119
6564,u026,/cart,160
6565,u431,/mypage,278
6566,u468,/home,282
6567,u479,/mypage,280
6568,u153,/mypage,153
6569,u052,/event,21
6570,u160,/event,48
6571,u337,/cart,138
6572,u380,/home,71
6573,u036,/home,3
6574,u055,/event,22
6575,u241,/cart,208
6576,u278,/home,136
6577,u082,/mypage,288
6578,u459,/product,42
6579,u172,/product,95
6580,u333,/mypage,54
6581,u323,/home,241
6582,u112,/product,87
6583,u378,/mypage,123
6584,u209,/home,268
6585,u449,/cart,296
6586,u407,/product,253
6587,u281,/product,31
6588,u221,/product,199
6589,u099,/mypage,150
6590,u177,/product,208
6591,u499,/mypage,211
6592,u467,/mypage,148
6593,u138,/product,64
6594,u362,/event,131
6595,u332,/mypage,255
6596,u001,/home,208
6597,u303,/product,130
6598,u354,/product,296
6599,u095,/mypage,62
6600,u496,/product,68
6601,u365,/home,119
6602,u128,/home,37
6603,u351,/event,69
6604,u495,/product,142
6605,u492,/home,295
6606,u002,/product,57
6607,u425,/home,212
6608,u055,/cart,106
6609,u229,/product,76
6610,u371,/home,189
6611,u167,/event,194
6612,u338,/mypage,141
6613,u228,/product,75
6614,u106,/event,181
6615,u097,/product,251
6616,u251,/cart,224
6617,u026,/cart,2
6618,u222,/event,82
6619,u032,/home,235
6620,u269,/cart,105
6621,u212,/home,148
6622,u073,/cart,144
6623,u091,/event,8
6624,u243,/mypage,34
6625,u301,/event,179
6626,u156,/product,231
6627,u103,/cart,245
6628,u494,/event,139
6629,u083,/event,113
6630,u225,/product,9
6631,u400,/product,249
6632,u197,/product,283
6633,u261,/product,57
6634,u138,/cart,268
6635,u131,/home,140
6636,u442,/mypage,159
6637,u383,/event,11
6638,u033,/mypage,55
6639,u124,/cart,130
6640,u415,/product,285
6641,u439,/mypage,295
6642,u410,/mypage,94
6643,u322,/event,271
6644,u002,/product,11
6645,u168,/mypage,215
6646,u291,/cart,1
6647,u247,/product,96
6648,u056,/cart,218
6649,u129,/cart,103
6650,u322,/event,290
6651,u289,/cart,50
6652,u195,/event,101
6653,u456,/product,167
6654,u024,/cart,183
6655,u242,/product,273
6656,u171,/event,117
6657,u221,/mypage,9
6658,u354,/home,53
6659,u290,/product,119
6660,u211,/home,105
6661,u240,/event,274
6662,u379,/home,53
6663,u349,/mypage,226
6664,u368,/product,114
6665,u378,/product,112
6666,u190,/home,19
6667,u132,/home,210
6668,u062,/cart,231
6669,u458,/product,48
6670,u175,/product,61
6671,u048,/cart,275
6672,u383,/product,23
6673,u244,/cart,278
6674,u086,/home,251
6675,u419,/product,211
6676,u455,/cart,52
6677,u046,/mypage,299
6678,u118,/mypage,143
6679,u001,/event,179
6680,u479,/cart,232
6681,u285,/product,14
6682,u379,/home,293
6683,u011,/cart,99
6684,u089,/product,120
6685,u378,/home,92
6686,u101,/product,102
6687,u068,/cart,236
6688,u032,/event,116
6689,u317,/product,17
6690,u061,/product,188
6691,u322,/cart,222
6692,u079,/home,82
6693,u243,/event,4
6694,u088,/cart,18
6695,u273,/product,216
6696,u056,/home,81
6697,u109,/home,79
6698,u213,/home,223
6699,u118,/product,137
6700,u366,/mypage,285
6701,u453,/mypage,300
6702,u169,/event,81
6703,u425,/mypage,273
6704,u339,/mypage,111
6705,u489,/event,218
6706,u089,/mypage,228
6707,u143,/cart,134
6708,u311,/product,11
6709,u101,/event,152
6710,u193,/mypage,239
6711,u475,/home,298
6712,u060,/product,28
6713,u118,/mypage,58
6714,u287,/event,203
6715,u466,/mypage,70
6716,u028,/mypage,93
6717,u276,/product,65
6718,u124,/home,261
6719,u440,/mypage,279
6720,u453,/home,124
6721,u276,/mypage,43
6722,u174,/mypage,276
6723,u048,/cart,134
6724,u171,/mypage,70
6725,u424,/product,23
6726,u219,/event,106
6727,u072,/product,46
6728,u266,/product,227
6729,u037,/event,280
6730,u042,/cart,236
6731,u085,/cart,173
6732,u016,/home,6
6733,u400,/home,13
6734,u442,/home,43
6735,u166,/product,300
6736,u042,/home,98
6737,u247,/home,225
6738,u402,/mypage,191
6739,u030,/mypage,14
6740,u369,/product,181
6741,u161,/event,59
6742,u407,/mypage,149
6743,u386,/cart,134
6744,u082,/home,280
6745,u417,/product,296
6746,u277,/event,148
6747,u252,/mypage,40
6748,u078,/product,148
6749,u257,/mypage,22
6750,u161,/event,241
6751,u021,/mypage,223
6752,u240,/home,23
6753,u307,/home,2
6754,u339,/cart,126
6755,u194,/cart,175
6756,u046,/cart,265
6757,u141,/mypage,77
6758,u208,/event,289
6759,u063,/product,212
6760,u077,/cart,262
6761,u117,/cart,190
6762,u339,/home,188
6763,u159,/product,296
6764,u193,/home,283
6765,u366,/home,241
6766,u028,/event,107
6767,u124,/event,286
6768,u236,/mypage,182
6769,u403,/home,270
6770,u095,/product,34
6771,u032,/cart,25
6772,u476,/home,201
6773,u130,/mypage,64
6774,u456,/mypage,271
6775,u379,/home,134
6776,u321,/cart,91
6777,u281,/event,256
6778,u451,/product,265
6779,u100,/event,97
6780,u271,/home,205
6781,u138,/product,80
6782,u345,/home,73
6783,u357,/event,152
6784,u372,/product,268
6785,u293,/cart,209
6786,u153,/product,11
6787,u125,/event,67
6788,u189,/mypage,221
6789,u110,/home,159
6790,u492,/cart,43
6791,u237,/home,200
6792,u150,/event,81
6793,u182,/cart,149
6794,u444,/home,96
6795,u207,/product,189
6796,u175,/mypage,96
6797,u151,/product,12
6798,u343,/home,241
6799,u194,/cart,211
6800,u406,/cart,149
6801,u263,/mypage,272
6802,u259,/home,116
6803,u375,/home,189
6804,u124,/mypage,257
6805,u266,/product,142
6806,u170,/product,239
6807,u313,/home,175
6808,u020,/cart,30
6809,u437,/cart,123
6810,u105,/product,107
6811,u497,/cart,100
6812,u425,/mypage,132
6813,u301,/cart,63
6814,u203,/product,73
6815,u413,/home,47
6816,u049,/mypage,233
6817,u270,/event,64
6818,u279,/home,102
6819,u124,/mypage,47
6820,u324,/product,253
6821,u111,/product,208
6822,u330,/cart,116
6823,u021,/event,18
6824,u371,/home,43
6825,u471,/mypage,259
6826,u255,/cart,200
6827,u049,/event,257
6828,u440,/event,283
6829,u369,/mypage,5
6830,u006,/product,107
6831,u421,/home,16
6832,u301,/home,172
6833,u399,/event,58
6834,u282,/product,269
6835,u474,/home,126
6836,u353,/event,171
6837,u242,/event,136
6838,u374,/cart,62
6839,u492,/event,2
6840,u452,/mypage,110
6841,u201,/cart,178
6842,u069,/home,40
6843,u160,/mypage,37
6844,u414,/home,270
6845,u328,/mypage,147
6846,u056,/mypage,150
6847,u116,/product,204
6848,u272,/event,176
6849,u430,/home,72
6850,u388,/event,100
6851,u088,/product,111
6852,u311,/mypage,259
6853,u076,/home,123
6854,u232,/cart,172
6855,u173,/event,40
6856,u048,/cart,19
6857,u357,/cart,67
6858,u267,/mypage,209
6859,u482,/home,188
6860,u323,/home,173
6861,u122,/event,203
6862,u220,/event,24
6863,u266,/home,60
6864,u383,/product,219
6865,u400,/home,22
6866,u484,/product,29
6867,u267,/product,185
6868,u200,/event,46
6869,u419,/home,198
6870,u079,/event,38
6871,u165,/product,52
6872,u488,/product,112
6873,u131,/cart,183
6874,u027,/event,261
6875,u282,/product,224
6876,u293,/home,249
6877,u321,/event,218
6878,u391,/mypage,74
6879,u319,/product,269
6880,u426,/cart,149
6881,u384,/home,60
6882,u124,/cart,284
6883,u003,/mypage,230
6884,u400,/product,176
6885,u153,/product,245
6886,u442,/mypage,271
6887,u070,/event,24
6888,u109,/product,192
6889,u315,/home,28
6890,u053,/cart,232
6891,u354,/home,25
6892,u260,/cart,290
6893,u298,/home,149
6894,u147,/mypage,94
6895,u479,/home,232
6896,u131,/mypage,85
6897,u207,/mypage,294
6898,u320,/event,294
6899,u414,/event,152
6900,u426,/mypage,234
6901,u046,/mypage,152
6902,u075,/mypage,188
6903,u297,/event,292
6904,u128,/product,170
6905,u290,/home,151
6906,u011,/mypage,159
6907,u292,/mypage,100
6908,u489,/product,98
6909,u056,/product,115
6910,u151,/product,221
6911,u207,/mypage,287
6912,u492,/home,209
6913,u319,/home,286
6914,u243,/product,204
6915,u328,/home,235
6916,u392,/event,16
6917,u329,/event,90
6918,u384,/product,159
6919,u288,/product,267
6920,u311,/product,167
6921,u344,/mypage,186
6922,u333,/product,267
6923,u071,/mypage,9
6924,u429,/cart,2
6925,u460,/cart,209
6926,u455,/home,73
6927,u462,/mypage,223
6928,u175,/home,282
6929,u412,/product,208
6930,u303,/cart,279
6931,u347,/product,223
6932,u339,/cart,48
6933,u402,/mypage,196
6934,u294,/event,177
6935,u209,/home,111
6936,u008,/mypage,247
6937,u415,/event,51
6938,u345,/product,98
6939,u414,/mypage,161
6940,u293,/cart,62
6941,u129,/product,137
6942,u205,/mypage,77
6943,u124,/mypage,160
6944,u436,/mypage,140
6945,u321,/home,16
6946,u427,/product,245
6947,u386,/product,1
6948,u004,/mypage,223
6949,u308,/event,200
6950,u033,/home,60
6951,u427,/event,258
6952,u104,/home,42
6953,u343,/product,172
6954,u422,/home,25
6955,u485,/home,193
6956,u271,/home,143
6957,u042,/cart,38
6958,u440,/cart,28
6959,u233,/event,91
6960,u442,/mypage,101
6961,u447,/mypage,227
6962,u329,/event,74
6963,u026,/cart,113
6964,u327,/cart,139
6965,u009,/event,226
6966,u227,/mypage,145
6967,u201,/product,30
6968,u366,/event,72
6969,u372,/event,211
6970,u344,/product,71
6971,u177,/home,285
6972,u409,/home,252
6973,u372,/event,197
6974,u473,/home,83
6975,u290,/mypage,35
6976,u394,/cart,12
6977,u204,/mypage,274
6978,u135,/home,100
6979,u102,/product,233
6980,u119,/home,68
6981,u489,/cart,184
6982,u367,/product,104
6983,u177,/event,56
6984,u240,/mypage,41
6985,u238,/home,105
6986,u435,/product,53
6987,u041,/mypage,84
6988,u001,/event,58
6989,u113,/event,122
6990,u423,/mypage,163
6991,u068,/event,254
6992,u280,/mypage,177
6993,u193,/home,98
6994,u112,/event,39
6995,u457,/mypage,152
6996,u158,/cart,26
6997,u372,/product,297
6998,u166,/home,73
6999,u443,/event,151
7000,u262,/home,49
7001,u221,/cart,146
7002,u028,/product,232
7003,u105,/cart,53
7004,u204,/event,274
7005,u056,/product,238
7006,u380,/event,263
7007,u088,/product,39
7008,u008,/product,48
7009,u450,/event,275
7010,u424,/product,53
7011,u322,/product,134
7012,u266,/event,88
7013,u294,/mypage,175
7014,u377,/event,225
7015,u120,/event,119
7016,u448,/mypage,125
7017,u449,/home,264
7018,u091,/mypage,164
7019,u210,/home,174
7020,u118,/mypage,231
7021,u492,/home,253
7022,u403,/mypage,279
7023,u369,/event,207
7024,u349,/home,233
7025,u245,/home,207
7026,u441,/event,121
7027,u461,/event,266
7028,u400,/product,8
7029,u187,/home,193
7030,u277,/product,44
7031,u338,/product,93
7032,u115,/cart,168
7033,u346,/product,45
7034,u202,/cart,8
7035,u398,/cart,277
7036,u230,/home,136
7037,u208,/mypage,77
7038,u376,/home,268
7039,u334,/product,38
7040,u293,/product,168
7041,u291,/event,234
7042,u387,/mypage,21
7043,u286,/mypage,274
7044,u396,/cart,121
7045,u221,/mypage,278
7046,u148,/mypage,9
7047,u488,/product,65
7048,u457,/home,170
7049,u409,/home,118
7050,u340,/mypage,222
7051,u500,/mypage,129
7052,u260,/cart,67
7053,u153,/mypage,173
7054,u434,/mypage,263
7055,u284,/home,44
7056,u146,/cart,232
7057,u321,/mypage,260
7058,u235,/home,226
7059,u047,/cart,92
7060,u121,/mypage,206
7061,u230,/event,245
7062,u101,/mypage,96
7063,u014,/mypage,232
7064,u141,/event,40
7065,u494,/mypage,33
7066,u369,/event,254
7067,u313,/mypage,253
7068,u197,/mypage,77
7069,u439,/mypage,295
7070,u469,/event,259
7071,u255,/product,67
7072,u164,/mypage,296
7073,u101,/event,20
7074,u405,/mypage,163
7075,u349,/mypage,1
7076,u205,/product,122
7077,u189,/home,138
7078,u453,/home,185
7079,u387,/event,196
7080,u373,/mypage,170
7081,u352,/event,292
7082,u020,/home,64
7083,u086,/cart,278
7084,u091,/cart,192
7085,u138,/cart,94
7086,u479,/mypage,202
7087,u236,/mypage,202
7088,u101,/product,181
7089,u424,/mypage,151
7090,u096,/product,69
7091,u350,/mypage,295
7092,u434,/cart,201
7093,u426,/product,100
7094,u280,/mypage,53
7095,u175,/event,85
7096,u134,/home,168
7097,u096,/mypage,173
7098,u370,/event,92
7099,u468,/cart,200
7100,u086,/mypage,88
7101,u207,/mypage,114
7102,u445,/product,176
7103,u272,/mypage,190
7104,u053,/product,259
7105,u055,/mypage,201
7106,u190,/cart,14
7107,u488,/event,266
7108,u135,/event,287
7109,u167,/home,165
7110,u388,/event,148
7111,u423,/cart,115
7112,u004,/product,157
7113,u322,/mypage,62
7114,u450,/mypage,296
7115,u039,/home,247
7116,u307,/event,85
7117,u025,/product,268
7118,u427,/cart,298
7119,u121,/cart,20
7120,u045,/cart,108
7121,u202,/cart,46
7122,u167,/cart,233
7123,u056,/cart,168
7124,u104,/home,111
7125,u374,/product,188
7126,u318,/product,215
7127,u244,/mypage,50
7128,u122,/event,230
7129,u436,/cart,24
7130,u009,/mypage,137
7131,u488,/product,56
7132,u146,/home,19
7133,u398,/cart,91
7134,u234,/event,271
7135,u486,/home,269
7136,u243,/mypage,31
7137,u310,/product,245
7138,u004,/cart,185
7139,u067,/product,264
7140,u270,/mypage,179
7141,u206,/product,71
7142,u479,/cart,286
7143,u415,/event,214
7144,u030,/cart,299
7145,u260,/event,231
7146,u276,/event,144
7147,u153,/product,71
7148,u253,/cart,262
7149,u173,/cart,278
7150,u324,/cart,217
7151,u494,/cart,163
7152,u404,/mypage,148
7153,u092,/mypage,66
7154,u156,/mypage,61
7155,u496,/home,220
7156,u171,/home,70
7157,u478,/home,21
7158,u022,/product,158
7159,u191,/product,119
7160,u038,/product,68
7161,u330,/home,167
7162,u445,/cart,36
7163,u107,/home,166
7164,u175,/event,18
7165,u268,/product,218
7166,u285,/product,52
7167,u146,/cart,146
7168,u436,/mypage,269
7169,u316,/event,198
7170,u301,/mypage,252
7171,u074,/event,114
7172,u217,/event,226
7173,u369,/cart,212
7174,u077,/home,67
7175,u188,/mypage,86
7176,u471,/cart,148
7177,u108,/home,270
7178,u112,/product,279
7179,u414,/home,69
7180,u098,/home,65
7181,u103,/mypage,74
7182,u450,/home,157
7183,u320,/home,31
7184,u194,/home,47
7185,u267,/product,213
7186,u135,/event,82
7187,u105,/mypage,238
7188,u177,/home,273
7189,u085,/event,207
7190,u266,/home,234
7191,u091,/product,180
7192,u246,/event,165
7193,u134,/cart,288
7194,u322,/cart,248
7195,u070,/event,80
7196,u442,/mypage,17
7197,u167,/product,47
7198,u262,/event,196
7199,u461,/mypage,124
7200,u374,/home,201
7201,u028,/mypage,94
7202,u368,/event,62
7203,u331,/event,90
7204,u033,/event,111
7205,u102,/event,112
7206,u475,/mypage,299
7207,u495,/product,15
7208,u167,/product,89
7209,u080,/mypage,291
7210,u466,/mypage,110
7211,u380,/event,88
7212,u490,/home,219
7213,u410,/cart,300
7214,u039,/cart,121
7215,u284,/mypage,74
7216,u122,/product,167
7217,u335,/cart,126
7218,u405,/mypage,277
7219,u105,/cart,285
7220,u482,/cart,137
7221,u214,/home,251
7222,u372,/event,253
7223,u113,/product,202
7224,u149,/product,11
7225,u293,/cart,134
7226,u444,/cart,296
7227,u416,/event,60
7228,u093,/event,299
7229,u225,/home,96
7230,u293,/product,226
7231,u036,/product,29
7232,u170,/product,240
7233,u389,/mypage,255
7234,u369,/home,110
7235,u252,/cart,71
7236,u297,/mypage,266
7237,u125,/product,77
7238,u015,/home,69
7239,u407,/cart,204
7240,u374,/home,281
7241,u097,/product,20
7242,u453,/home,136
7243,u390,/mypage,251
7244,u311,/event,266
7245,u258,/mypage,292
7246,u225,/cart,108
7247,u355,/cart,264
7248,u183,/product,122
7249,u327,/mypage,202
7250,u474,/home,21
7251,u104,/home,143
7252,u155,/product,199
7253,u331,/home,294
7254,u438,/mypage,165
7255,u057,/event,35
7256,u178,/product,108
7257,u447,/mypage,48
7258,u012,/product,296
7259,u086,/mypage,179
7260,u340,/home,48
7261,u156,/product,245
7262,u142,/mypage,99
7263,u030,/mypage,101
7264,u467,/home,296
7265,u213,/event,43
7266,u108,/mypage,256
7267,u048,/mypage,59
7268,u075,/event,25
7269,u325,/product,78
7270,u060,/product,81
7271,u061,/event,210
7272,u239,/product,28
7273,u059,/mypage,46
7274,u060,/home,196
7275,u207,/home,67
7276,u468,/product,22
7277,u062,/mypage,17
7278,u229,/product,176
7279,u339,/mypage,225
7280,u478,/product,102
7281,u474,/mypage,110
7282,u019,/cart,293
7283,u099,/event,195
7284,u173,/product,275
7285,u007,/product,234
7286,u334,/cart,267
7287,u054,/product,145
7288,u091,/home,47
7289,u146,/home,286
7290,u350,/event,269
7291,u072,/cart,5
7292,u296,/cart,69
7293,u077,/mypage,147
7294,u193,/product,9
7295,u431,/mypage,100
7296,u359,/cart,180
7297,u370,/event,34
7298,u415,/home,110
7299,u367,/mypage,177
7300,u066,/mypage,255
7301,u422,/home,50
7302,u118,/event,61
7303,u073,/cart,98
7304,u218,/cart,282
7305,u168,/mypage,188
7306,u199,/cart,67
7307,u109,/home,133
7308,u483,/home,80
7309,u014,/product,247
7310,u477,/home,217
7311,u064,/cart,83
7312,u246,/product,286
7313,u254,/cart,31
7314,u086,/mypage,32
7315,u227,/home,221
7316,u219,/mypage,12
7317,u212,/product,67
7318,u065,/cart,272
7319,u333,/home,176
7320,u164,/cart,82
7321,u424,/home,114
7322,u360,/cart,17
7323,u128,/home,64
7324,u009,/mypage,186
7325,u465,/event,255
7326,u289,/event,189
7327,u217,/cart,34
7328,u190,/event,179
7329,u191,/cart,218
7330,u432,/product,127
7331,u129,/event,55
7332,u071,/cart,237
7333,u223,/home,57
7334,u023,/mypage,31
7335,u394,/home,264
7336,u063,/home,107
7337,u014,/event,284
7338,u118,/home,231
7339,u205,/cart,47
7340,u251,/product,217
7341,u265,/home,279
7342,u007,/mypage,50
7343,u416,/cart,230
7344,u055,/product,16
7345,u445,/home,176
7346,u361,/home,238
7347,u044,/product,261
7348,u022,/event,232
7349,u053,/product,28
7350,u237,/product,171
7351,u041,/home,148
7352,u185,/mypage,142
7353,u252,/cart,103
7354,u411,/event,90
7355,u059,/product,13
7356,u009,/mypage,223
7357,u094,/cart,273
7358,u441,/mypage,182
7359,u229,/event,220
7360,u306,/cart,255
7361,u016,/product,62
7362,u288,/home,171
7363,u102,/product,207
7364,u081,/event,131
7365,u430,/event,202
7366,u224,/product,41
7367,u181,/mypage,33
7368,u269,/product,71
7369,u359,/event,10
7370,u017,/home,137
7371,u207,/event,218
7372,u052,/cart,170
7373,u321,/mypage,13
7374,u387,/home,60
7375,u026,/event,249
7376,u342,/event,64
7377,u468,/cart,20
7378,u011,/cart,300
7379,u121,/mypage,283
7380,u035,/mypage,139
7381,u294,/home,162
7382,u128,/home,163
7383,u402,/product,22
7384,u131,/mypage,257
7385,u020,/mypage,153
7386,u332,/mypage,255
7387,u476,/event,271
7388,u253,/product,34
7389,u102,/event,225
7390,u351,/home,213
7391,u196,/mypage,285
7392,u384,/cart,53
7393,u211,/event,51
7394,u077,/product,249
7395,u147,/home,249
7396,u246,/mypage,137
7397,u128,/product,90
7398,u391,/cart,224
7399,u094,/product,264
7400,u343,/mypage,149
7401,u299,/mypage,59
7402,u313,/event,8
7403,u035,/cart,85
7404,u453,/event,72
7405,u014,/product,240
7406,u027,/mypage,236
7407,u420,/mypage,88
7408,u055,/home,211
7409,u029,/product,15
7410,u323,/cart,49
7411,u436,/mypage,43
7412,u121,/cart,293
7413,u263,/mypage,259
7414,u454,/mypage,230
7415,u462,/product,58
7416,u043,/event,12
7417,u375,/mypage,258
7418,u321,/mypage,149
7419,u476,/mypage,16
7420,u418,/home,280
7421,u476,/event,134
7422,u156,/mypage,71
7423,u083,/home,232
7424,u485,/cart,268
7425,u263,/product,293
7426,u226,/mypage,192
7427,u225,/home,277
7428,u089,/home,14
7429,u133,/mypage,24
7430,u215,/event,164
7431,u243,/home,93
7432,u432,/product,195
7433,u289,/home,154
7434,u305,/event,47
7435,u392,/home,81
7436,u262,/event,139
7437,u406,/product,217
7438,u287,/mypage,78
7439,u238,/event,297
7440,u483,/event,26
7441,u137,/home,182
7442,u118,/home,133
7443,u464,/home,298
7444,u217,/home,182
7445,u219,/home,254
7446,u461,/mypage,128
7447,u091,/event,146
7448,u346,/mypage,286
7449,u115,/cart,194
7450,u182,/home,236
7451,u298,/event,94
7452,u150,/home,216
7453,u360,/cart,193
7454,u197,/mypage,128
7455,u369,/cart,220
7456,u014,/cart,232
7457,u262,/cart,78
7458,u034,/event,6
7459,u079,/mypage,174
7460,u053,/event,73
7461,u082,/cart,297
7462,u390,/product,209
7463,u141,/mypage,280
7464,u065,/home,258
7465,u496,/mypage,114
7466,u137,/mypage,205
7467,u273,/mypage,117
7468,u315,/home,224
7469,u071,/cart,203
7470,u246,/product,270
7471,u228,/mypage,295
7472,u035,/event,12
7473,u320,/home,46
7474,u154,/home,110
7475,u425,/home,128
7476,u184,/mypage,84
7477,u421,/product,209
7478,u056,/product,110
7479,u244,/event,1
7480,u175,/product,128
7481,u023,/cart,165
7482,u285,/mypage,49
7483,u206,/cart,12
7484,u466,/product,185
7485,u465,/cart,155
7486,u254,/product,135
7487,u064,/mypage,50
7488,u220,/cart,17
7489,u447,/product,149
7490,u141,/home,291
7491,u214,/event,33
7492,u241,/event,34
7493,u396,/mypage,65
7494,u359,/cart,276
7495,u294,/mypage,22
7496,u280,/mypage,2
7497,u444,/event,237
7498,u427,/mypage,75
7499,u050,/cart,41
7500,u227,/cart,212
7501,u265,/home,116
7502,u430,/cart,95
7503,u471,/event,193
7504,u485,/cart,280
7505,u217,/mypage,276
7506,u317,/product,298
7507,u203,/mypage,282
7508,u226,/cart,260
7509,u196,/mypage,160
7510,u353,/home,168
7511,u175,/mypage,134
7512,u161,/home,57
7513,u064,/mypage,70
7514,u370,/mypage,93
7515,u030,/event,185
7516,u127,/event,23
7517,u180,/home,37
7518,u243,/home,217
7519,u350,/home,117
7520,u427,/mypage,276
7521,u386,/mypage,203
7522,u107,/event,161
7523,u128,/event,65
7524,u052,/mypage,297
7525,u134,/cart,191
7526,u307,/home,195
7527,u249,/home,26
7528,u013,/mypage,294
7529,u155,/product,153
7530,u272,/mypage,129
7531,u092,/home,151
7532,u472,/event,193
7533,u350,/cart,286
7534,u315,/event,221
7535,u255,/event,26
7536,u168,/event,135
7537,u083,/home,160
7538,u162,/event,187
7539,u251,/event,175
7540,u276,/home,293
7541,u231,/cart,164
7542,u494,/product,99
7543,u401,/mypage,15
7544,u218,/product,125
7545,u439,/cart,133
7546,u410,/event,196
7547,u402,/product,95
7548,u395,/event,173
7549,u359,/cart,28
7550,u056,/event,172
7551,u310,/mypage,178
7552,u118,/home,5
7553,u356,/event,83
7554,u439,/product,61
7555,u090,/product,151
7556,u093,/event,220
7557,u494,/event,243
7558,u160,/event,69
7559,u392,/cart,35
7560,u200,/home,54
7561,u041,/product,144
7562,u364,/home,48
7563,u191,/mypage,129
7564,u274,/mypage,199
7565,u031,/home,275
7566,u008,/home,243
7567,u302,/mypage,203
7568,u247,/event,287
7569,u066,/product,41
7570,u089,/mypage,184
7571,u228,/home,140
7572,u229,/product,210
7573,u406,/cart,85
7574,u327,/event,39
7575,u076,/home,85
7576,u028,/product,271
7577,u129,/product,246
7578,u176,/product,221
7579,u178,/mypage,198
7580,u444,/mypage,25
7581,u237,/mypage,180
7582,u499,/product,189
7583,u136,/mypage,90
7584,u159,/product,64
7585,u344,/mypage,120
7586,u258,/cart,130
7587,u186,/cart,25
7588,u017,/event,131
7589,u157,/cart,147
7590,u334,/event,174
7591,u379,/product,101
7592,u433,/home,58
7593,u072,/product,79
7594,u479,/event,147
7595,u395,/mypage,252
7596,u350,/mypage,44
7597,u231,/event,204
7598,u392,/product,125
7599,u341,/cart,86
7600,u251,/product,16
7601,u099,/mypage,276
7602,u195,/product,38
7603,u460,/event,182
7604,u366,/home,278
7605,u032,/home,199
7606,u493,/product,22
7607,u131,/cart,100
7608,u017,/event,118
7609,u167,/mypage,258
7610,u425,/product,137
7611,u320,/product,170
7612,u435,/product,157
7613,u007,/home,54
7614,u264,/home,203
7615,u226,/event,259
7616,u147,/mypage,35
7617,u432,/event,177
7618,u089,/cart,131
7619,u131,/cart,134
7620,u135,/event,28
7621,u423,/mypage,108
7622,u420,/mypage,186
7623,u353,/home,244
7624,u309,/mypage,112
7625,u231,/mypage,55
7626,u008,/cart,124
7627,u330,/mypage,64
7628,u076,/mypage,234
7629,u492,/mypage,263
7630,u339,/cart,276
7631,u377,/event,291
7632,u297,/event,271
7633,u264,/product,32
7634,u157,/cart,247
7635,u297,/product,246
7636,u054,/cart,231
7637,u349,/product,130
7638,u193,/product,19
7639,u415,/home,277
7640,u383,/event,130
7641,u090,/cart,68
7642,u464,/product,286
7643,u333,/product,231
7644,u084,/mypage,121
7645,u122,/mypage,53
7646,u078,/home,282
7647,u256,/home,201
7648,u472,/product,291
7649,u108,/product,265
7650,u444,/mypage,26
7651,u365,/mypage,286
7652,u474,/product,86
7653,u075,/home,23
7654,u418,/home,8
7655,u095,/product,90
7656,u456,/home,9
7657,u033,/mypage,198
7658,u237,/event,195
7659,u059,/home,16
7660,u261,/mypage,286
7661,u471,/event,198
7662,u063,/home,281
7663,u043,/cart,97
7664,u191,/event,48
7665,u148,/home,121
7666,u460,/mypage,149
7667,u476,/cart,125
7668,u329,/home,262
7669,u387,/home,248
7670,u142,/event,282
7671,u329,/product,100
7672,u162,/cart,210
7673,u444,/mypage,162
7674,u427,/home,18
7675,u002,/product,9
7676,u235,/event,94
7677,u002,/cart,143
7678,u484,/cart,195
7679,u225,/home,170
7680,u011,/home,224
7681,u222,/event,217
7682,u138,/home,38
7683,u007,/event,190
7684,u154,/home,47
7685,u361,/product,145
7686,u001,/event,278
7687,u166,/home,205
7688,u315,/mypage,138
7689,u396,/mypage,241
7690,u022,/mypage,8
7691,u189,/mypage,100
7692,u221,/event,281
7693,u104,/cart,284
7694,u073,/event,274
7695,u372,/mypage,290
7696,u319,/event,82
7697,u199,/mypage,236
7698,u402,/home,271
7699,u120,/mypage,222
7700,u286,/mypage,267
7701,u460,/mypage,61
7702,u242,/mypage,249
7703,u401,/mypage,38
7704,u187,/home,190
7705,u412,/mypage,220
7706,u093,/cart,233
7707,u433,/home,292
7708,u233,/event,12
7709,u355,/mypage,122
7710,u065,/home,45
7711,u068,/event,184
7712,u233,/mypage,296
7713,u287,/product,195
7714,u008,/cart,41
7715,u284,/home,293
7716,u189,/product,38
7717,u402,/event,185
7718,u172,/mypage,161
7719,u498,/home,236
7720,u250,/event,149
7721,u362,/home,71
7722,u250,/cart,198
7723,u309,/product,39
7724,u050,/mypage,283
7725,u075,/cart,48
7726,u312,/mypage,207
7727,u482,/product,224
7728,u137,/product,84
7729,u073,/mypage,245
7730,u172,/mypage,39
7731,u231,/home,136
7732,u370,/cart,137
7733,u470,/product,54
7734,u422,/mypage,178
7735,u349,/cart,191
7736,u249,/home,164
7737,u223,/mypage,65
7738,u002,/mypage,73
7739,u065,/cart,255
7740,u426,/home,295
7741,u010,/home,33
7742,u324,/event,113
7743,u474,/cart,210
7744,u141,/home,236
7745,u088,/product,70
7746,u143,/event,91
7747,u258,/product,287
7748,u313,/cart,144
7749,u003,/home,46
7750,u249,/mypage,265
7751,u094,/product,135
7752,u368,/event,124
7753,u047,/product,215
7754,u038,/event,278
7755,u474,/cart,4
7756,u247,/home,31
7757,u403,/cart,288
7758,u329,/home,47
7759,u060,/mypage,191
7760,u500,/home,92
7761,u433,/event,56
7762,u418,/home,162
7763,u096,/event,42
7764,u383,/home,186
7765,u117,/event,28
7766,u421,/mypage,70
7767,u103,/home,17
7768,u237,/home,221
7769,u304,/cart,8
7770,u003,/event,132
7771,u464,/home,259
7772,u294,/cart,288
7773,u365,/cart,151
7774,u117,/product,291
7775,u268,/event,212
7776,u304,/mypage,294
7777,u110,/event,177
7778,u068,/mypage,132
7779,u143,/event,60
7780,u212,/home,264
7781,u474,/product,243
7782,u104,/cart,276
7783,u043,/product,37
7784,u019,/cart,171
7785,u024,/product,181
7786,u397,/mypage,207
7787,u114,/product,36
7788,u240,/cart,110
7789,u498,/cart,225
7790,u132,/mypage,124
7791,u173,/product,216
7792,u272,/home,208
7793,u442,/cart,280
7794,u223,/home,220
7795,u230,/product,281
7796,u113,/cart,154
7797,u477,/mypage,258
7798,u100,/mypage,156
7799,u496,/product,163
7800,u410,/product,196
7801,u472,/cart,208
7802,u469,/product,277
7803,u025,/cart,172
7804,u028,/event,228
7805,u475,/cart,26
7806,u202,/cart,230
7807,u318,/cart,181
7808,u041,/cart,204
7809,u082,/product,290
7810,u094,/home,18
7811,u277,/cart,167
7812,u055,/home,253
7813,u323,/cart,15
7814,u342,/mypage,53
7815,u456,/product,52
7816,u487,/home,52
7817,u237,/mypage,199
7818,u049,/mypage,10
7819,u073,/cart,152
7820,u361,/event,200
7821,u028,/product,87
7822,u325,/home,208
7823,u368,/mypage,190
7824,u471,/product,162
7825,u419,/cart,43
7826,u350,/product,1
7827,u458,/home,70
7828,u094,/event,161
7829,u402,/mypage,183
7830,u447,/home,6
7831,u081,/event,26
7832,u041,/cart,57
7833,u173,/product,94
7834,u465,/cart,133
7835,u226,/mypage,174
7836,u017,/event,145
7837,u023,/event,52
7838,u392,/event,98
7839,u433,/product,238
7840,u305,/mypage,26
7841,u477,/cart,188
7842,u330,/home,119
7843,u342,/home,25
7844,u005,/event,148
7845,u491,/mypage,111
7846,u497,/cart,7
7847,u105,/mypage,61
7848,u002,/cart,179
7849,u065,/home,110
7850,u220,/home,260
7851,u314,/cart,33
7852,u037,/mypage,154
7853,u321,/mypage,49
7854,u490,/product,173
7855,u451,/mypage,90
7856,u492,/mypage,184
7857,u178,/product,192
7858,u352,/mypage,175
7859,u076,/home,186
7860,u199,/home,18
7861,u031,/event,250
7862,u292,/mypage,7
7863,u330,/home,204
7864,u293,/event,281
7865,u031,/home,280
7866,u199,/event,245
7867,u135,/home,124
7868,u246,/mypage,137
7869,u356,/product,112
7870,u340,/product,292
7871,u435,/cart,158
7872,u298,/cart,116
7873,u011,/home,202
7874,u252,/event,194
7875,u389,/product,172
7876,u168,/home,112
7877,u083,/cart,6
7878,u038,/event,109
7879,u195,/cart,131
7880,u067,/event,95
7881,u147,/home,236
7882,u276,/cart,95
7883,u299,/home,96
7884,u339,/mypage,77
7885,u113,/product,158
7886,u170,/home,36
7887,u008,/home,293
7888,u021,/event,24
7889,u183,/product,3
7890,u327,/mypage,285
7891,u468,/event,262
7892,u130,/product,8
7893,u078,/home,46
7894,u197,/event,228
7895,u113,/product,4
7896,u145,/cart,234
7897,u172,/mypage,285
7898,u405,/mypage,231
7899,u166,/mypage,96
7900,u045,/product,217
7901,u160,/product,203
7902,u024,/product,124
7903,u215,/product,5
7904,u453,/product,235
7905,u190,/cart,267
7906,u096,/home,131
7907,u237,/event,13
7908,u356,/mypage,65
7909,u001,/event,59
7910,u047,/cart,83
7911,u116,/mypage,4
7912,u093,/product,221
7913,u359,/product,51
7914,u332,/mypage,88
7915,u035,/cart,269
7916,u403,/home,268
7917,u294,/event,3
7918,u352,/cart,290
7919,u049,/event,55
7920,u396,/home,258
7921,u224,/product,275
7922,u191,/cart,282
7923,u282,/home,161
7924,u292,/event,241
7925,u086,/home,196
7926,u285,/mypage,23
7927,u363,/home,174
7928,u470,/product,246
7929,u274,/mypage,111
7930,u035,/mypage,193
7931,u312,/product,261
7932,u466,/mypage,246
7933,u461,/product,261
7934,u142,/cart,160
7935,u444,/home,50
7936,u264,/product,87
7937,u370,/event,84
7938,u001,/home,91
7939,u283,/product,151
7940,u275,/product,118
7941,u070,/product,31
7942,u130,/home,143
7943,u143,/event,143
7944,u336,/product,68
7945,u474,/mypage,57
7946,u034,/event,185
7947,u296,/mypage,101
7948,u359,/home,65
7949,u377,/home,66
7950,u019,/product,26
7951,u142,/product,113
7952,u437,/product,67
7953,u368,/event,255
7954,u184,/product,53
7955,u125,/cart,100
7956,u022,/product,258
7957,u048,/event,172
7958,u454,/home,209
7959,u130,/event,101
7960,u002,/home,177
7961,u367,/mypage,119
7962,u479,/event,234
7963,u236,/cart,204
7964,u463,/mypage,50
7965,u313,/mypage,115
7966,u068,/home,12
7967,u334,/product,46
7968,u213,/home,241
7969,u153,/event,21
7970,u441,/product,299
7971,u384,/mypage,112
7972,u062,/home,135
7973,u127,/mypage,142
7974,u035,/mypage,199
7975,u201,/product,78
7976,u291,/home,104
7977,u481,/home,215
7978,u250,/home,257
7979,u029,/cart,208
7980,u286,/cart,214
7981,u431,/event,236
7982,u489,/home,197
7983,u120,/event,79
7984,u044,/mypage,263
7985,u412,/event,186
7986,u186,/home,156
7987,u298,/cart,131
7988,u154,/home,226
7989,u495,/event,201
7990,u101,/cart,97
7991,u368,/product,291
7992,u214,/cart,5
7993,u155,/mypage,193
7994,u086,/event,98
7995,u067,/product,198
7996,u069,/event,61
7997,u046,/cart,76
7998,u131,/product,211
7999,u341,/product,176
8000,u482,/mypage,165
8001,u137,/product,52
8002,u348,/mypage,263
8003,u326,/home,274
8004,u377,/event,51
8005,u379,/mypage,209
8006,u076,/product,160
8007,u465,/home,293
8008,u350,/event,135
8009,u113,/product,287
8010,u174,/product,69
8011,u369,/cart,236
8012,u499,/product,188
8013,u342,/home,187
8014,u273,/product,116
8015,u126,/cart,104
8016,u487,/home,124
8017,u040,/home,188
8018,u435,/mypage,256
8019,u208,/home,192
8020,u369,/cart,190
8021,u443,/event,200
8022,u470,/mypage,138
8023,u256,/cart,233
8024,u206,/mypage,138
8025,u370,/cart,103
8026,u185,/product,224
8027,u190,/mypage,242
8028,u439,/cart,202
8029,u198,/mypage,258
8030,u196,/home,221
8031,u107,/cart,65
8032,u041,/product,176
8033,u147,/cart,12
8034,u275,/home,294
8035,u171,/mypage,157
8036,u261,/home,175
8037,u095,/event,74
8038,u166,/cart,295
8039,u196,/event,155
8040,u433,/event,94
8041,u058,/product,7
8042,u233,/cart,70
8043,u123,/cart,61
8044,u137,/product,198
8045,u063,/cart,27
8046,u342,/cart,279
8047,u299,/product,127
8048,u406,/product,213
8049,u419,/home,155
8050,u398,/cart,159
8051,u110,/home,232
8052,u291,/event,113
8053,u337,/event,116
8054,u054,/home,16
8055,u274,/home,254
8056,u482,/mypage,183
8057,u471,/product,73
8058,u478,/home,41
8059,u189,/mypage,229
8060,u048,/mypage,144
8061,u163,/product,108
8062,u186,/cart,91
8063,u222,/mypage,236
8064,u133,/cart,256
8065,u025,/home,255
8066,u100,/product,13
8067,u355,/mypage,211
8068,u408,/cart,76
8069,u114,/event,237
8070,u232,/product,296
8071,u221,/event,166
8072,u209,/product,100
8073,u240,/home,58
8074,u143,/home,24
8075,u474,/cart,79
8076,u417,/event,275
8077,u033,/home,189
8078,u167,/mypage,24
8079,u019,/home,78
8080,u248,/product,66
8081,u034,/cart,96
8082,u164,/event,100
8083,u062,/event,14
8084,u310,/cart,117
8085,u496,/mypage,64
8086,u394,/product,204
8087,u271,/home,254
8088,u085,/home,102
8089,u063,/product,194
8090,u319,/cart,180
8091,u364,/product,266
8092,u398,/event,91
8093,u465,/home,96
8094,u295,/event,127
8095,u177,/product,192
8096,u495,/mypage,181
8097,u424,/product,121
8098,u076,/product,78
8099,u328,/event,117
8100,u359,/mypage,98
8101,u458,/mypage,90
8102,u001,/cart,187
8103,u437,/event,114
8104,u401,/cart,116
8105,u067,/product,217
8106,u219,/home,260
8107,u180,/home,241
8108,u204,/home,26
8109,u283,/event,24
8110,u262,/product,200
8111,u311,/event,62
8112,u392,/mypage,82
8113,u425,/product,196
8114,u020,/home,8
8115,u252,/home,80
8116,u203,/home,182
8117,u331,/mypage,114
8118,u458,/mypage,287
8119,u324,/product,46
8120,u494,/event,223
8121,u473,/cart,274
8122,u441,/cart,207
8123,u245,/product,167
8124,u227,/cart,68
8125,u075,/product,111
8126,u354,/product,73
8127,u488,/product,261
8128,u009,/home,150
8129,u130,/product,178
8130,u287,/mypage,79
8131,u368,/product,92
8132,u376,/cart,208
8133,u030,/event,94
8134,u421,/mypage,173
8135,u109,/cart,26
8136,u461,/event,125
8137,u427,/event,126
8138,u035,/home,273
8139,u029,/cart,204
8140,u351,/event,142
8141,u054,/product,4
8142,u249,/cart,118
8143,u439,/mypage,157
8144,u396,/home,288
8145,u166,/product,7
8146,u455,/home,113
8147,u397,/event,90
8148,u206,/home,261
8149,u402,/cart,205
8150,u118,/mypage,243
8151,u337,/cart,198
8152,u033,/cart,142
8153,u405,/event,24
8154,u186,/cart,129
8155,u292,/home,90
8156,u480,/home,189
8157,u045,/event,138
8158,u037,/home,290
8159,u393,/cart,169
8160,u220,/cart,9
8161,u292,/home,296
8162,u370,/event,109
8163,u303,/cart,231
8164,u281,/event,184
8165,u413,/product,31
8166,u245,/home,71
8167,u010,/cart,87
8168,u223,/product,8
8169,u037,/mypage,255
8170,u050,/product,46
8171,u077,/cart,38
8172,u482,/product,293
8173,u125,/event,207
8174,u237,/mypage,291
8175,u332,/event,208
8176,u019,/mypage,268
8177,u243,/product,38
8178,u085,/event,252
8179,u458,/event,119
8180,u041,/mypage,95
8181,u068,/event,200
8182,u346,/home,236
8183,u492,/cart,296
8184,u494,/mypage,274
8185,u319,/event,279
8186,u216,/cart,122
8187,u431,/product,293
8188,u461,/cart,104
8189,u060,/mypage,47
8190,u323,/event,169
8191,u159,/product,16
8192,u489,/mypage,297
8193,u327,/cart,94
8194,u120,/home,75
8195,u024,/product,62
8196,u301,/home,181
8197,u432,/home,179
8198,u249,/event,140
8199,u145,/mypage,234
8200,u410,/cart,246
8201,u004,/home,1
8202,u072,/event,288
8203,u238,/event,157
8204,u159,/mypage,223
8205,u255,/event,153
8206,u294,/event,231
8207,u473,/cart,46
8208,u215,/product,198
8209,u456,/cart,219
8210,u354,/home,132
8211,u440,/cart,17
8212,u012,/event,126
8213,u181,/cart,113
8214,u241,/product,20
8215,u302,/event,140
8216,u290,/event,96
8217,u493,/event,226
8218,u041,/home,290
8219,u333,/cart,71
8220,u292,/event,115
8221,u165,/product,26
8222,u356,/cart,239
8223,u369,/home,92
8224,u189,/cart,57
8225,u083,/mypage,83
8226,u237,/event,106
8227,u219,/cart,121
8228,u041,/cart,149
8229,u470,/mypage,287
8230,u431,/mypage,172
8231,u314,/event,179
8232,u473,/cart,212
8233,u337,/event,127
8234,u153,/cart,135
8235,u448,/cart,114
8236,u158,/cart,38
8237,u406,/cart,63
8238,u203,/mypage,126
8239,u386,/mypage,125
8240,u427,/cart,142
8241,u297,/event,146
8242,u116,/mypage,139
8243,u450,/event,136
8244,u009,/mypage,288
8245,u088,/product,115
8246,u025,/mypage,169
8247,u257,/event,66
8248,u310,/event,112
8249,u295,/mypage,268
8250,u299,/cart,52
8251,u128,/product,54
8252,u496,/home,293
8253,u229,/product,32
8254,u354,/product,59
8255,u441,/event,23
8256,u246,/cart,155
8257,u461,/mypage,179
8258,u099,/cart,212
8259,u190,/cart,242
8260,u410,/mypage,68
8261,u440,/product,20
8262,u126,/home,22
8263,u155,/cart,291
8264,u222,/cart,196
8265,u476,/home,76
8266,u371,/mypage,115
8267,u291,/home,15
8268,u073,/cart,55
8269,u070,/home,105
8270,u376,/event,171
8271,u440,/event,183
8272,u271,/mypage,201
8273,u098,/cart,299
8274,u173,/event,2
8275,u285,/event,41
8276,u473,/mypage,112
8277,u484,/home,134
8278,u362,/cart,283
8279,u153,/product,133
8280,u357,/cart,204
8281,u199,/product,44
8282,u038,/product,278
8283,u282,/cart,25
8284,u454,/product,152
8285,u456,/product,98
8286,u425,/event,81
8287,u478,/product,18
8288,u440,/product,100
8289,u159,/event,150
8290,u094,/cart,209
8291,u107,/home,10
8292,u155,/product,231
8293,u366,/mypage,213
8294,u259,/event,277
8295,u426,/home,17
8296,u283,/cart,73
8297,u292,/cart,196
8298,u386,/mypage,26
8299,u079,/home,250
8300,u225,/cart,33
8301,u239,/cart,97
8302,u020,/cart,107
8303,u431,/cart,30
8304,u080,/product,275
8305,u407,/cart,25
8306,u084,/product,287
8307,u313,/cart,217
8308,u201,/cart,93
8309,u230,/cart,82
8310,u102,/product,69
8311,u267,/product,120
8312,u005,/product,9
8313,u069,/cart,206
8314,u294,/home,111
8315,u105,/home,118
8316,u012,/product,102
8317,u130,/event,240
8318,u226,/home,63
8319,u344,/event,234
8320,u187,/home,225
8321,u439,/event,73
8322,u398,/event,178
8323,u385,/cart,128
8324,u461,/home,89
8325,u143,/cart,108
8326,u029,/home,89
8327,u467,/product,298
8328,u285,/cart,250
8329,u088,/product,15
8330,u111,/cart,68
8331,u024,/product,277
8332,u152,/event,35
8333,u485,/mypage,9
8334,u047,/event,84
8335,u491,/product,68
8336,u150,/home,192
8337,u030,/event,212
8338,u470,/cart,280
8339,u237,/home,244
8340,u329,/event,165
8341,u423,/cart,212
8342,u055,/mypage,94
8343,u474,/cart,26
8344,u198,/cart,278
8345,u117,/mypage,226
8346,u079,/event,76
8347,u174,/mypage,33
8348,u093,/product,163
8349,u307,/home,300
8350,u401,/cart,198
8351,u202,/mypage,145
8352,u365,/cart,260
8353,u372,/product,127
8354,u249,/product,97
8355,u232,/mypage,40
8356,u407,/product,52
8357,u067,/home,45
8358,u025,/home,272
8359,u235,/mypage,22
8360,u121,/cart,284
8361,u213,/mypage,26
8362,u343,/home,233
8363,u438,/home,249
8364,u150,/home,116
8365,u307,/product,181
8366,u054,/mypage,129
8367,u356,/cart,92
8368,u307,/cart,57
8369,u253,/home,89
8370,u090,/product,253
8371,u485,/event,131
8372,u128,/product,286
8373,u233,/product,84
8374,u011,/cart,149
8375,u077,/product,58
8376,u193,/product,193
8377,u348,/cart,134
8378,u303,/event,99
8379,u466,/product,1
8380,u355,/mypage,101
8381,u104,/cart,151
8382,u155,/event,10
8383,u157,/mypage,266
8384,u256,/mypage,298
8385,u473,/cart,7
8386,u139,/event,11
8387,u412,/product,6
8388,u441,/cart,194
8389,u393,/mypage,179
8390,u037,/mypage,161
8391,u098,/event,255
8392,u132,/mypage,94
8393,u204,/event,108
8394,u082,/mypage,163
8395,u213,/product,138
8396,u095,/event,255
8397,u243,/cart,88
8398,u082,/cart,291
8399,u079,/home,215
8400,u042,/event,179
8401,u278,/home,73
8402,u415,/mypage,69
8403,u015,/cart,294
8404,u372,/product,78
8405,u304,/cart,60
8406,u037,/cart,211
8407,u112,/home,78
8408,u303,/cart,162
8409,u388,/mypage,206
8410,u120,/event,126
8411,u238,/product,210
8412,u089,/mypage,152
8413,u341,/product,22
8414,u221,/event,39
8415,u172,/cart,264
8416,u014,/mypage,174
8417,u050,/product,105
8418,u371,/home,115
8419,u336,/mypage,21
8420,u023,/cart,294
8421,u274,/product,81
8422,u033,/home,91
8423,u436,/product,49
8424,u487,/product,40
8425,u191,/cart,262
8426,u340,/home,191
8427,u276,/product,223
8428,u279,/event,275
8429,u256,/event,153
8430,u458,/home,54
8431,u391,/mypage,57
8432,u272,/cart,135
8433,u285,/mypage,30
8434,u200,/cart,157
8435,u385,/product,1
8436,u022,/event,91
8437,u292,/mypage,255
8438,u227,/mypage,246
8439,u126,/cart,267
8440,u168,/event,206
8441,u145,/event,160
8442,u397,/home,223
8443,u371,/product,112
8444,u152,/product,58
8445,u313,/product,224
8446,u415,/product,92
8447,u039,/product,94
8448,u009,/cart,33
8449,u024,/cart,84
8450,u314,/cart,273
8451,u112,/home,145
8452,u376,/event,262
8453,u470,/mypage,58
8454,u047,/event,229
8455,u079,/event,143
8456,u295,/mypage,50
8457,u334,/product,264
8458,u358,/product,57
8459,u377,/mypage,11
8460,u030,/product,222
8461,u217,/event,11
8462,u378,/product,2
8463,u032,/home,179
8464,u480,/product,83
8465,u277,/cart,100
8466,u279,/event,97
8467,u447,/home,2
8468,u165,/home,168
8469,u415,/product,139
8470,u126,/mypage,121
8471,u282,/home,182
8472,u284,/product,214
8473,u432,/mypage,88
8474,u338,/mypage,32
8475,u031,/event,204
8476,u274,/event,84
8477,u422,/event,224
8478,u478,/product,117
8479,u091,/mypage,106
8480,u452,/mypage,198
8481,u345,/product,110
8482,u418,/event,209
8483,u461,/home,259
8484,u173,/home,278
8485,u468,/event,91
8486,u204,/event,54
8487,u127,/event,283
8488,u157,/home,1
8489,u499,/home,98
8490,u080,/mypage,81
8491,u103,/product,79
8492,u051,/mypage,261
8493,u375,/product,179
8494,u460,/product,237
8495,u378,/mypage,33
8496,u271,/event,167
8497,u363,/home,208
8498,u488,/event,253
8499,u198,/home,23
8500,u217,/cart,298
8501,u086,/home,276
8502,u268,/home,137
8503,u127,/home,66
8504,u240,/mypage,228
8505,u490,/event,60
8506,u236,/mypage,57
8507,u181,/mypage,215
8508,u297,/mypage,127
8509,u278,/cart,180
8510,u339,/event,92
8511,u377,/home,78
8512,u360,/event,193
8513,u189,/event,274
8514,u197,/product,182
8515,u295,/home,71
8516,u166,/event,105
8517,u158,/mypage,260
8518,u304,/mypage,84
8519,u176,/cart,115
8520,u309,/cart,223
8521,u322,/home,228
8522,u378,/cart,70
8523,u297,/mypage,12
8524,u228,/cart,244
8525,u074,/mypage,211
8526,u217,/mypage,156
8527,u033,/event,294
8528,u317,/event,249
8529,u012,/mypage,2
8530,u284,/mypage,235
8531,u158,/event,131
8532,u287,/cart,293
8533,u146,/event,142
8534,u039,/mypage,100
8535,u411,/mypage,259
8536,u434,/cart,58
8537,u211,/event,125
8538,u148,/event,266
8539,u484,/cart,106
8540,u205,/mypage,275
8541,u414,/mypage,55
8542,u195,/cart,300
8543,u274,/home,136
8544,u149,/cart,6
8545,u406,/mypage,86
8546,u340,/mypage,202
8547,u449,/home,168
8548,u495,/product,61
8549,u428,/home,84
8550,u205,/product,235
8551,u021,/event,205
8552,u149,/mypage,32
8553,u010,/mypage,92
8554,u139,/mypage,130
8555,u184,/mypage,54
8556,u395,/product,1
8557,u285,/mypage,294
8558,u285,/product,22
8559,u169,/event,157
8560,u342,/mypage,283
8561,u122,/mypage,243
8562,u135,/home,284
8563,u178,/event,122
8564,u008,/product,229
8565,u404,/cart,7
8566,u025,/home,109
8567,u024,/cart,200
8568,u390,/event,53
8569,u304,/mypage,183
8570,u331,/product,9
8571,u467,/cart,199
8572,u150,/home,286
8573,u134,/mypage,99
8574,u423,/event,278
8575,u341,/cart,222
8576,u230,/mypage,27
8577,u258,/event,10
8578,u335,/home,272
8579,u242,/product,213
8580,u450,/home,16
8581,u058,/product,219
8582,u191,/home,25
8583,u119,/cart,152
8584,u156,/cart,68
8585,u308,/mypage,23
8586,u202,/event,141
8587,u341,/cart,217
8588,u287,/event,192
8589,u085,/cart,20
8590,u194,/product,65
8591,u060,/cart,177
8592,u313,/mypage,224
8593,u447,/event,71
8594,u162,/event,92
8595,u095,/product,64
8596,u312,/home,170
8597,u121,/product,151
8598,u226,/home,133
8599,u256,/cart,246
8600,u462,/event,156
8601,u278,/cart,167
8602,u191,/mypage,115
8603,u308,/event,168
8604,u088,/home,119
8605,u274,/product,161
8606,u004,/event,42
8607,u497,/product,148
8608,u171,/cart,112
8609,u053,/product,29
8610,u002,/product,202
8611,u066,/product,47
8612,u477,/home,242
8613,u122,/product,238
8614,u254,/product,218
8615,u396,/cart,275
8616,u329,/mypage,127
8617,u317,/cart,285
8618,u165,/cart,284
8619,u167,/product,93
8620,u300,/cart,88
8621,u349,/cart,72
8622,u365,/cart,52
8623,u208,/home,258
8624,u168,/event,189
8625,u315,/home,230
8626,u035,/home,173
8627,u470,/home,271
8628,u437,/home,186
8629,u158,/mypage,48
8630,u133,/event,233
8631,u158,/cart,242
8632,u118,/cart,110
8633,u183,/product,153
8634,u225,/mypage,152
8635,u058,/event,61
8636,u183,/mypage,154
8637,u360,/mypage,236
8638,u103,/cart,149
8639,u434,/mypage,105
8640,u019,/cart,119
8641,u251,/mypage,274
8642,u016,/product,100
8643,u064,/mypage,112
8644,u216,/home,36
8645,u353,/product,123
8646,u423,/mypage,94
8647,u219,/home,263
8648,u243,/mypage,274
8649,u456,/product,286
8650,u035,/cart,90
8651,u246,/mypage,244
8652,u101,/home,147
8653,u424,/mypage,223
8654,u095,/cart,33
8655,u161,/product,63
8656,u228,/cart,210
8657,u168,/product,168
8658,u374,/product,248
8659,u416,/mypage,26
8660,u052,/mypage,290
8661,u443,/home,183
8662,u218,/event,97
8663,u150,/cart,196
8664,u255,/home,246
8665,u227,/event,84
8666,u304,/event,34
8667,u159,/product,108
8668,u417,/event,70
8669,u301,/mypage,295
8670,u132,/event,221
8671,u135,/cart,27
8672,u313,/mypage,295
8673,u300,/home,19
8674,u058,/home,273
8675,u305,/mypage,175
8676,u246,/product,296
8677,u009,/mypage,120
8678,u427,/cart,84
8679,u049,/home,277
8680,u305,/event,268
8681,u149,/cart,88
8682,u334,/cart,200
8683,u142,/mypage,265
8684,u153,/mypage,235
8685,u299,/cart,225
8686,u088,/mypage,190
8687,u422,/event,169
8688,u326,/mypage,179
8689,u387,/mypage,65
8690,u485,/mypage,57
8691,u432,/mypage,27
8692,u092,/product,37
8693,u226,/mypage,237
8694,u375,/mypage,38
8695,u420,/product,154
8696,u271,/mypage,97
8697,u328,/mypage,232
8698,u461,/home,237
8699,u008,/cart,298
8700,u271,/cart,135
8701,u474,/cart,51
8702,u405,/cart,106
8703,u218,/event,82
8704,u268,/event,268
8705,u054,/home,94
8706,u372,/product,16
8707,u108,/mypage,258
8708,u175,/event,275
8709,u059,/home,296
8710,u126,/mypage,252
8711,u428,/mypage,41
8712,u141,/cart,296
8713,u006,/home,294
8714,u323,/product,54
8715,u228,/event,296
8716,u025,/cart,162
8717,u076,/mypage,218
8718,u474,/event,300
8719,u107,/product,192
8720,u046,/cart,259
8721,u276,/home,238
8722,u493,/home,164
8723,u100,/product,203
8724,u011,/home,63
8725,u295,/product,300
8726,u041,/home,128
8727,u491,/mypage,65
8728,u437,/mypage,243
8729,u158,/product,162
8730,u179,/home,125
8731,u371,/event,22
8732,u294,/home,272
8733,u168,/mypage,52
8734,u439,/mypage,63
8735,u022,/cart,168
8736,u032,/product,154
8737,u109,/event,106
8738,u206,/home,176
8739,u478,/mypage,255
8740,u106,/event,206
8741,u072,/event,41
8742,u112,/cart,261
8743,u369,/mypage,206
8744,u291,/product,108
8745,u181,/product,31
8746,u361,/home,171
8747,u279,/cart,221
8748,u047,/cart,150
8749,u231,/product,45
8750,u334,/cart,198
8751,u421,/event,123
8752,u300,/event,291
8753,u096,/cart,178
8754,u405,/home,52
8755,u195,/cart,127
8756,u202,/mypage,22
8757,u338,/product,261
8758,u467,/product,242
8759,u249,/product,234
8760,u015,/product,279
8761,u305,/event,194
8762,u210,/home,176
8763,u469,/product,152
8764,u091,/mypage,43
8765,u194,/cart,132
8766,u036,/event,40
8767,u018,/home,237
8768,u491,/cart,105
8769,u172,/mypage,154
8770,u210,/cart,22
8771,u500,/cart,64
8772,u020,/product,287
8773,u280,/home,70
8774,u252,/product,5
8775,u136,/product,250
8776,u215,/product,217
8777,u069,/mypage,53
8778,u135,/cart,139
8779,u233,/home,271
8780,u387,/mypage,118
8781,u304,/cart,109
8782,u475,/home,295
8783,u211,/mypage,23
8784,u215,/event,206
8785,u134,/mypage,2
8786,u292,/product,89
8787,u259,/mypage,143
8788,u481,/mypage,261
8789,u233,/cart,164
8790,u387,/cart,58
8791,u439,/product,169
8792,u276,/event,70
8793,u434,/event,64
8794,u233,/cart,101
8795,u011,/event,284
8796,u492,/mypage,62
8797,u404,/home,197
8798,u430,/cart,18
8799,u104,/cart,107
8800,u303,/mypage,268
8801,u462,/home,260
8802,u253,/product,281
8803,u241,/event,184
8804,u493,/mypage,114
8805,u375,/product,110
8806,u208,/cart,244
8807,u231,/home,129
8808,u049,/product,5
8809,u310,/home,58
8810,u483,/cart,99
8811,u263,/event,12
8812,u096,/mypage,66
8813,u203,/product,179
8814,u136,/product,21
8815,u474,/cart,35
8816,u336,/product,120
8817,u458,/home,18
8818,u371,/cart,231
8819,u237,/product,4
8820,u138,/cart,34
8821,u011,/home,254
8822,u354,/mypage,140
8823,u052,/mypage,111
8824,u082,/cart,191
8825,u400,/product,283
8826,u330,/home,31
8827,u319,/event,159
8828,u051,/product,74
8829,u385,/cart,279
8830,u488,/event,15
8831,u301,/mypage,244
8832,u078,/event,131
8833,u444,/mypage,209
8834,u105,/product,91
8835,u192,/home,254
8836,u432,/cart,74
8837,u095,/cart,8
8838,u136,/product,89
8839,u215,/home,56
8840,u274,/mypage,27
8841,u019,/product,157
8842,u196,/mypage,221
8843,u051,/event,111
8844,u026,/event,7
8845,u077,/mypage,205
8846,u230,/product,29
8847,u479,/product,18
8848,u017,/mypage,172
8849,u400,/product,201
8850,u458,/event,70
8851,u036,/mypage,185
8852,u101,/event,279
8853,u299,/home,6
8854,u174,/event,244
8855,u310,/cart,16
8856,u031,/home,254
8857,u125,/product,171
8858,u490,/mypage,7
8859,u014,/event,111
8860,u316,/event,46
8861,u098,/home,232
8862,u088,/product,48
8863,u056,/product,277
8864,u417,/event,290
8865,u022,/mypage,242
8866,u453,/home,200
8867,u254,/product,96
8868,u062,/home,130
8869,u162,/cart,209
8870,u406,/home,254
8871,u057,/mypage,86
8872,u281,/home,243
8873,u428,/home,233
8874,u132,/cart,126
8875,u209,/home,75
8876,u423,/product,155
8877,u151,/product,95
8878,u185,/product,48
8879,u332,/event,8
8880,u074,/cart,93
8881,u110,/mypage,139
8882,u387,/home,73
8883,u489,/home,299
8884,u140,/cart,229
8885,u409,/event,93
8886,u193,/mypage,12
8887,u107,/product,216
8888,u329,/cart,162
8889,u049,/product,67
8890,u241,/event,41
8891,u334,/event,154
8892,u369,/mypage,13
8893,u497,/product,139
8894,u486,/cart,184
8895,u300,/mypage,180
8896,u058,/event,19
8897,u068,/home,55
8898,u295,/home,164
8899,u490,/mypage,298
8900,u473,/home,88
8901,u413,/event,277
8902,u451,/event,147
8903,u376,/mypage,275
8904,u454,/event,131
8905,u246,/mypage,220
8906,u406,/mypage,216
8907,u065,/product,238
8908,u195,/home,5
8909,u257,/mypage,138
8910,u160,/event,133
8911,u013,/mypage,119
8912,u225,/mypage,46
8913,u290,/home,293
8914,u017,/event,150
8915,u318,/mypage,67
8916,u044,/event,154
8917,u023,/home,207
8918,u293,/mypage,104
8919,u202,/mypage,66
8920,u427,/product,167
8921,u118,/cart,277
8922,u138,/mypage,224
8923,u139,/event,21
8924,u259,/product,61
8925,u115,/mypage,271
8926,u211,/cart,141
8927,u222,/product,76
8928,u366,/home,87
8929,u034,/product,103
8930,u381,/event,76
8931,u444,/home,184
8932,u463,/cart,1
8933,u450,/product,112
8934,u002,/home,11
8935,u010,/mypage,266
8936,u193,/product,150
8937,u381,/event,233
8938,u123,/mypage,57
8939,u314,/home,2
8940,u265,/mypage,293
8941,u394,/mypage,47
8942,u063,/cart,61
8943,u208,/home,12
8944,u297,/home,197
8945,u291,/product,121
8946,u072,/event,104
8947,u479,/event,298
8948,u345,/mypage,296
8949,u373,/event,23
8950,u199,/home,278
8951,u408,/cart,154
8952,u279,/home,281
8953,u218,/event,133
8954,u199,/product,21
8955,u026,/home,264
8956,u142,/product,128
8957,u223,/home,50
8958,u371,/product,229
8959,u043,/home,268
8960,u452,/home,163
8961,u048,/mypage,285
8962,u331,/cart,133
8963,u169,/mypage,73
8964,u389,/mypage,159
8965,u077,/home,97
8966,u326,/cart,7
8967,u036,/cart,105
8968,u166,/product,143
8969,u212,/event,16
8970,u229,/cart,193
8971,u484,/mypage,129
8972,u146,/mypage,140
8973,u442,/event,222
8974,u227,/product,28
8975,u049,/home,282
8976,u071,/cart,9
8977,u415,/product,277
8978,u467,/home,260
8979,u078,/product,114
8980,u263,/event,148
8981,u496,/home,77
8982,u493,/event,73
8983,u018,/mypage,178
8984,u257,/home,255
8985,u135,/cart,70
8986,u240,/product,184
8987,u327,/product,211
8988,u160,/product,114
8989,u177,/event,9
8990,u005,/cart,45
8991,u082,/mypage,49
8992,u396,/mypage,72
8993,u283,/cart,55
8994,u282,/home,215
8995,u481,/home,91
8996,u403,/cart,178
8997,u290,/home,147
8998,u341,/event,59
8999,u453,/home,32
9000,u238,/mypage,89
9001,u113,/home,136
9002,u219,/event,13
9003,u028,/home,66
9004,u288,/product,268
9005,u074,/event,45
9006,u016,/home,90
9007,u103,/product,291
9008,u377,/event,36
9009,u180,/home,65
9010,u016,/cart,273
9011,u367,/cart,6
9012,u255,/event,223
9013,u385,/cart,115
9014,u490,/cart,160
9015,u196,/home,157
9016,u336,/product,74
9017,u226,/event,113
9018,u437,/cart,197
9019,u423,/home,55
9020,u319,/home,171
9021,u122,/home,188
9022,u256,/product,159
9023,u252,/product,133
9024,u121,/cart,286
9025,u493,/event,43
9026,u252,/event,274
9027,u087,/product,163
9028,u388,/home,65
9029,u423,/event,94
9030,u202,/event,2
9031,u261,/event,215
9032,u361,/event,180
9033,u478,/event,79
9034,u439,/product,142
9035,u040,/mypage,227
9036,u453,/event,280
9037,u227,/mypage,139
9038,u405,/mypage,151
9039,u243,/event,42
9040,u340,/product,297
9041,u031,/product,186
9042,u008,/home,212
9043,u500,/home,262
9044,u156,/mypage,290
9045,u248,/cart,75
9046,u065,/product,161
9047,u443,/cart,108
9048,u158,/home,158
9049,u372,/event,194
9050,u281,/product,57
9051,u078,/home,173
9052,u405,/event,130
9053,u310,/cart,84
9054,u183,/cart,295
9055,u403,/product,9
9056,u497,/event,142
9057,u411,/cart,46
9058,u393,/home,52
9059,u344,/mypage,253
9060,u397,/product,280
9061,u282,/home,272
9062,u076,/event,128
9063,u002,/event,120
9064,u158,/product,173
9065,u347,/mypage,148
9066,u257,/mypage,92
9067,u371,/home,271
9068,u265,/cart,215
9069,u275,/home,208
9070,u208,/cart,10
9071,u178,/home,52
9072,u023,/product,47
9073,u083,/cart,160
9074,u101,/cart,43
9075,u411,/product,127
9076,u442,/home,61
9077,u363,/event,27
9078,u160,/mypage,271
9079,u218,/home,123
9080,u255,/product,52
9081,u366,/mypage,198
9082,u028,/home,104
9083,u084,/home,104
9084,u054,/mypage,229
9085,u282,/mypage,26
9086,u042,/home,142
9087,u017,/home,108
9088,u153,/event,60
9089,u124,/home,255
9090,u383,/home,239
9091,u391,/mypage,213
9092,u024,/home,199
9093,u453,/product,182
9094,u351,/mypage,27
9095,u370,/mypage,133
9096,u051,/mypage,146
9097,u433,/event,269
9098,u169,/cart,5
9099,u322,/home,40
9100,u106,/event,175
9101,u115,/cart,272
9102,u085,/home,12
9103,u242,/product,286
9104,u271,/event,268
9105,u382,/home,242
9106,u071,/event,29
9107,u367,/product,240
9108,u058,/event,55
9109,u219,/home,283
9110,u354,/mypage,57
9111,u399,/mypage,241
9112,u500,/product,67
9113,u458,/product,197
9114,u129,/event,252
9115,u397,/home,275
9116,u102,/event,174
9117,u429,/product,21
9118,u230,/event,287
9119,u443,/home,4
9120,u094,/cart,281
9121,u008,/mypage,188
9122,u402,/cart,239
9123,u444,/mypage,17
9124,u008,/product,132
9125,u343,/cart,100
9126,u409,/product,110
9127,u449,/event,96
9128,u084,/home,201
9129,u300,/home,197
9130,u309,/event,283
9131,u181,/event,133
9132,u204,/event,11
9133,u200,/event,183
9134,u034,/event,61
9135,u126,/mypage,187
9136,u357,/product,46
9137,u165,/home,60
9138,u430,/event,153
9139,u422,/product,199
9140,u038,/home,246
9141,u476,/home,112
9142,u102,/cart,24
9143,u482,/mypage,133
9144,u458,/product,145
9145,u435,/product,58
9146,u318,/mypage,114
9147,u296,/product,148
9148,u278,/cart,258
9149,u034,/product,13
9150,u006,/cart,55
9151,u379,/event,39
9152,u417,/home,162
9153,u440,/product,24
9154,u076,/home,189
9155,u467,/home,194
9156,u244,/cart,282
9157,u199,/cart,207
9158,u366,/product,119
9159,u342,/mypage,169
9160,u120,/cart,282
9161,u047,/home,2
9162,u167,/home,61
9163,u451,/cart,256
9164,u216,/cart,80
9165,u252,/mypage,300
9166,u404,/event,63
9167,u164,/event,127
9168,u283,/cart,165
9169,u382,/home,71
9170,u280,/home,230
9171,u465,/event,169
9172,u414,/home,69
9173,u120,/mypage,191
9174,u392,/mypage,255
9175,u260,/home,175
9176,u186,/cart,80
9177,u193,/home,237
9178,u083,/product,197
9179,u010,/product,152
9180,u403,/cart,223
9181,u389,/cart,144
9182,u217,/event,240
9183,u073,/home,184
9184,u034,/event,53
9185,u014,/event,105
9186,u032,/mypage,238
9187,u063,/cart,197
9188,u413,/cart,247
9189,u273,/product,247
9190,u341,/home,111
9191,u051,/event,163
9192,u158,/product,272
9193,u009,/product,227
9194,u152,/home,155
9195,u258,/cart,236
9196,u344,/product,197
9197,u026,/product,289
9198,u089,/cart,133
9199,u395,/event,271
9200,u207,/product,231
9201,u096,/mypage,265
9202,u427,/cart,24
9203,u230,/event,220
9204,u129,/product,6
9205,u229,/event,106
9206,u074,/event,35
9207,u441,/product,174
9208,u107,/mypage,206
9209,u244,/event,71
9210,u184,/mypage,65
9211,u112,/mypage,221
9212,u370,/mypage,244
9213,u311,/home,209
9214,u459,/home,135
9215,u265,/mypage,202
9216,u303,/product,91
9217,u030,/cart,190
9218,u399,/product,133
9219,u004,/cart,14
9220,u352,/mypage,75
9221,u243,/product,296
9222,u215,/home,168
9223,u306,/event,220
9224,u488,/cart,5
9225,u161,/product,165
9226,u211,/event,30
9227,u378,/event,257
9228,u305,/event,256
9229,u364,/cart,177
9230,u131,/product,224
9231,u436,/home,15
9232,u124,/mypage,133
9233,u076,/product,245
9234,u108,/event,67
9235,u234,/product,93
9236,u031,/product,90
9237,u484,/product,247
9238,u053,/home,39
9239,u428,/event,190
9240,u334,/event,219
9241,u311,/home,252
9242,u055,/event,85
9243,u030,/cart,81
9244,u316,/mypage,191
9245,u059,/cart,138
9246,u429,/mypage,207
9247,u296,/mypage,120
9248,u017,/cart,90
9249,u482,/home,218
9250,u490,/mypage,5
9251,u107,/mypage,92
9252,u096,/home,93
9253,u383,/event,292
9254,u407,/mypage,8
9255,u049,/cart,95
9256,u348,/event,138
9257,u254,/home,32
9258,u217,/mypage,13
9259,u445,/home,231
9260,u238,/home,111
9261,u413,/home,205
9262,u474,/product,229
9263,u455,/home,176
9264,u351,/home,17
9265,u150,/mypage,102
9266,u107,/product,212
9267,u428,/event,94
9268,u130,/cart,193
9269,u296,/product,58
9270,u442,/event,82
9271,u289,/cart,228
9272,u222,/product,285
9273,u003,/mypage,114
9274,u491,/mypage,17
9275,u380,/event,167
9276,u134,/home,81
9277,u452,/cart,282
9278,u167,/home,113
9279,u378,/mypage,116
9280,u066,/event,81
9281,u389,/event,93
9282,u277,/home,82
9283,u459,/mypage,61
9284,u421,/event,114
9285,u179,/home,153
9286,u500,/mypage,220
9287,u031,/product,221
9288,u368,/event,232
9289,u203,/cart,88
9290,u233,/product,284
9291,u330,/cart,183
9292,u106,/mypage,251
9293,u136,/mypage,192
9294,u012,/event,1
9295,u259,/mypage,223
9296,u155,/home,215
9297,u384,/event,187
9298,u386,/event,12
9299,u087,/home,280
9300,u006,/home,290
9301,u492,/product,24
9302,u085,/product,40
9303,u463,/cart,154
9304,u452,/product,17
9305,u144,/cart,278
9306,u294,/home,300
9307,u116,/product,81
9308,u179,/product,127
9309,u106,/product,4
9310,u491,/product,126
9311,u184,/home,21
9312,u079,/cart,170
9313,u177,/home,59
9314,u317,/product,173
9315,u146,/cart,18
9316,u116,/event,298
9317,u259,/mypage,287
9318,u146,/product,100
9319,u387,/product,99
9320,u449,/product,151
9321,u436,/product,202
9322,u471,/product,219
9323,u068,/home,276
9324,u014,/cart,289
9325,u383,/mypage,119
9326,u063,/product,138
9327,u386,/cart,47
9328,u083,/mypage,30
9329,u228,/cart,202
9330,u161,/mypage,69
9331,u488,/home,61
9332,u074,/product,255
9333,u206,/product,39
9334,u247,/event,159
9335,u302,/cart,143
9336,u082,/home,8
9337,u197,/product,138
9338,u329,/home,290
9339,u105,/event,176
9340,u319,/home,68
9341,u093,/event,229
9342,u039,/product,52
9343,u247,/cart,119
9344,u370,/event,66
9345,u484,/event,141
9346,u243,/cart,78
9347,u342,/mypage,205
9348,u129,/event,53
9349,u460,/product,14
9350,u456,/mypage,218
9351,u062,/event,118
9352,u014,/home,293
9353,u304,/product,273
9354,u463,/cart,162
9355,u448,/product,139
9356,u032,/product,86
9357,u362,/home,33
9358,u182,/product,170
9359,u182,/home,163
9360,u049,/cart,108
9361,u369,/product,52
9362,u298,/home,154
9363,u122,/home,265
9364,u436,/event,249
9365,u470,/mypage,237
9366,u327,/product,134
9367,u239,/mypage,65
9368,u192,/cart,68
9369,u079,/home,257
9370,u280,/product,131
9371,u322,/cart,277
9372,u406,/home,93
9373,u377,/home,155
9374,u396,/mypage,248
9375,u253,/home,221
9376,u253,/event,295
9377,u102,/product,121
9378,u388,/product,286
9379,u221,/cart,49
9380,u184,/mypage,30
9381,u085,/cart,240
9382,u367,/mypage,149
9383,u492,/event,141
9384,u030,/mypage,171
9385,u326,/mypage,184
9386,u377,/mypage,272
9387,u099,/mypage,88
9388,u499,/cart,224
9389,u364,/event,70
9390,u208,/product,10
9391,u379,/mypage,137
9392,u204,/event,65
9393,u338,/mypage,87
9394,u186,/cart,111
9395,u442,/cart,192
9396,u042,/mypage,201
9397,u087,/mypage,82
9398,u089,/product,180
9399,u005,/home,274
9400,u094,/cart,208
9401,u087,/cart,229
9402,u089,/mypage,211
9403,u097,/mypage,129
9404,u451,/product,7
9405,u047,/product,84
9406,u126,/cart,45
9407,u148,/mypage,294
9408,u090,/mypage,6
9409,u404,/home,214
9410,u202,/product,228
9411,u021,/product,210
9412,u205,/home,135
9413,u471,/cart,27
9414,u493,/mypage,185
9415,u221,/product,95
9416,u035,/event,146
9417,u332,/home,10
9418,u368,/product,39
9419,u026,/home,295
9420,u113,/product,190
9421,u391,/product,276
9422,u318,/product,69
9423,u083,/cart,238
9424,u048,/home,114
9425,u196,/home,24
9426,u215,/home,271
9427,u074,/event,249
9428,u338,/home,165
9429,u205,/cart,205
9430,u057,/event,29
9431,u243,/event,67
9432,u201,/cart,112
9433,u363,/mypage,182
9434,u006,/home,294
9435,u167,/product,238
9436,u089,/product,139
9437,u217,/home,228
9438,u423,/event,76
9439,u439,/product,57
9440,u106,/product,211
9441,u059,/home,133
9442,u145,/home,223
9443,u154,/product,103
9444,u367,/home,200
9445,u179,/cart,148
9446,u060,/product,236
9447,u092,/event,241
9448,u338,/event,268
9449,u186,/event,216
9450,u458,/home,217
9451,u440,/product,129
9452,u310,/cart,93
9453,u320,/home,143
9454,u451,/event,36
9455,u243,/cart,175
9456,u052,/mypage,282
9457,u226,/home,45
9458,u428,/event,290
9459,u097,/product,154
9460,u358,/product,22
9461,u452,/product,147
9462,u287,/product,228
9463,u158,/cart,137
9464,u040,/event,87
9465,u113,/cart,177
9466,u220,/cart,101
9467,u257,/event,294
9468,u131,/event,292
9469,u390,/home,85
9470,u184,/cart,275
9471,u190,/product,194
9472,u432,/product,215
9473,u287,/mypage,22
9474,u144,/event,89
9475,u102,/mypage,223
9476,u376,/cart,33
9477,u335,/home,2
9478,u305,/cart,117
9479,u257,/cart,161
9480,u247,/cart,90
9481,u047,/event,143
9482,u121,/cart,9
9483,u428,/home,298
9484,u400,/product,245
9485,u274,/home,135
9486,u345,/event,26
9487,u157,/event,211
9488,u378,/home,151
9489,u114,/event,259
9490,u490,/mypage,135
9491,u142,/product,235
9492,u027,/event,193
9493,u043,/mypage,232
9494,u432,/cart,213
9495,u132,/event,240
9496,u068,/event,120
9497,u207,/mypage,35
9498,u189,/cart,45
9499,u266,/cart,265
9500,u383,/mypage,293
9501,u018,/home,77
9502,u232,/event,86
9503,u296,/home,6
9504,u398,/mypage,158
9505,u172,/home,233
9506,u333,/mypage,198
9507,u011,/cart,121
9508,u187,/event,220
9509,u018,/cart,19
9510,u117,/product,228
9511,u137,/event,261
9512,u126,/product,14
9513,u203,/event,226
9514,u341,/product,12
9515,u419,/event,242
9516,u359,/home,281
9517,u478,/product,94
9518,u377,/product,216
9519,u211,/event,295
9520,u329,/cart,42
9521,u315,/home,263
9522,u232,/mypage,260
9523,u221,/cart,112
9524,u258,/cart,24
9525,u199,/event,106
9526,u294,/event,105
9527,u156,/product,264
9528,u356,/mypage,258
9529,u388,/event,205
9530,u013,/cart,166
9531,u435,/home,155
9532,u293,/product,72
9533,u425,/home,234
9534,u031,/cart,288
9535,u217,/home,280
9536,u443,/event,227
9537,u016,/event,201
9538,u106,/product,32
9539,u391,/home,206
9540,u391,/product,296
9541,u477,/home,243
9542,u099,/mypage,298
9543,u091,/mypage,42
9544,u345,/mypage,275
9545,u477,/product,252
9546,u062,/mypage,79
9547,u215,/cart,105
9548,u396,/product,238
9549,u047,/event,4
9550,u274,/event,158
9551,u313,/cart,88
9552,u208,/mypage,150
9553,u081,/home,106
9554,u368,/mypage,275
9555,u352,/product,45
9556,u346,/product,168
9557,u155,/mypage,10
9558,u058,/cart,184
9559,u397,/mypage,215
9560,u231,/home,195
9561,u307,/product,33
9562,u316,/cart,276
9563,u225,/product,2
9564,u189,/cart,272
9565,u084,/cart,119
9566,u288,/mypage,143
9567,u338,/product,28
9568,u358,/product,39
9569,u239,/mypage,58
9570,u213,/event,258
9571,u441,/home,198
9572,u325,/event,139
9573,u340,/product,59
9574,u176,/mypage,297
9575,u443,/home,53
9576,u195,/cart,298
9577,u472,/product,262
9578,u048,/cart,1
9579,u103,/event,24
9580,u059,/event,28
9581,u480,/mypage,80
9582,u212,/cart,22
9583,u229,/home,105
9584,u016,/mypage,277
9585,u017,/mypage,34
9586,u233,/product,206
9587,u077,/mypage,85
9588,u308,/event,282
9589,u090,/cart,154
9590,u432,/mypage,168
9591,u386,/home,10
9592,u235,/product,265
9593,u260,/mypage,174
9594,u488,/mypage,95
9595,u329,/event,142
9596,u046,/home,215
9597,u277,/home,217
9598,u480,/mypage,58
9599,u369,/mypage,198
9600,u440,/home,88
9601,u410,/event,208
9602,u201,/product,8
9603,u286,/home,272
9604,u069,/home,123
9605,u320,/home,234
9606,u030,/product,216
9607,u100,/cart,144
9608,u138,/product,167
9609,u412,/mypage,196
9610,u323,/product,130
9611,u172,/mypage,249
9612,u461,/home,42
9613,u092,/home,152
9614,u415,/product,153
9615,u084,/cart,111
9616,u209,/mypage,10
9617,u300,/home,80
9618,u490,/product,235
9619,u187,/product,5
9620,u094,/mypage,137
9621,u292,/event,208
9622,u422,/home,128
9623,u313,/event,230
9624,u001,/product,151
9625,u125,/event,163
9626,u069,/cart,22
9627,u181,/cart,114
9628,u358,/event,131
9629,u257,/home,273
9630,u418,/event,189
9631,u399,/cart,9
9632,u498,/product,205
9633,u424,/cart,262
9634,u280,/product,61
9635,u181,/mypage,232
9636,u256,/product,266
9637,u190,/cart,205
9638,u211,/product,102
9639,u492,/product,119
9640,u220,/home,196
9641,u207,/event,271
9642,u209,/cart,300
9643,u038,/product,191
9644,u298,/cart,291
9645,u419,/event,90
9646,u070,/home,132
9647,u096,/mypage,269
9648,u199,/product,85
9649,u493,/event,289
9650,u318,/product,6
9651,u197,/event,204
9652,u038,/event,292
9653,u299,/event,91
9654,u097,/cart,194
9655,u313,/mypage,80
9656,u302,/mypage,281
9657,u127,/product,165
9658,u385,/mypage,245
9659,u443,/event,285
9660,u264,/event,254
9661,u231,/mypage,96
9662,u191,/event,7
9663,u155,/home,127
9664,u131,/mypage,89
9665,u026,/mypage,129
9666,u459,/mypage,127
9667,u049,/cart,103
9668,u309,/mypage,98
9669,u500,/mypage,44
9670,u080,/product,207
9671,u006,/home,3
9672,u460,/home,149
9673,u153,/home,239
9674,u477,/event,76
9675,u431,/mypage,35
9676,u490,/cart,117
9677,u437,/home,146
9678,u375,/mypage,37
9679,u112,/cart,61
9680,u009,/product,265
9681,u416,/mypage,254
9682,u165,/product,279
9683,u241,/product,17
9684,u303,/mypage,277
9685,u223,/cart,197
9686,u153,/product,70
9687,u152,/home,169
9688,u318,/product,29
9689,u266,/product,120
9690,u173,/product,16
9691,u292,/event,219
9692,u220,/mypage,53
9693,u319,/cart,287
9694,u464,/mypage,206
9695,u065,/mypage,280
9696,u472,/home,190
9697,u206,/mypage,68
9698,u451,/home,44
9699,u243,/cart,126
9700,u322,/home,230
9701,u316,/event,210
9702,u052,/mypage,221
9703,u293,/cart,246
9704,u079,/cart,4
9705,u159,/product,158
9706,u252,/cart,62
9707,u364,/product,163
9708,u116,/home,100
9709,u247,/mypage,162
9710,u436,/event,50
9711,u007,/home,255
9712,u251,/event,101
9713,u329,/product,38
9714,u255,/cart,32
9715,u116,/event,45
9716,u388,/mypage,92
9717,u495,/home,76
9718,u356,/cart,299
9719,u306,/home,102
9720,u265,/event,100
9721,u108,/event,21
9722,u098,/cart,95
9723,u415,/cart,159
9724,u141,/event,147
9725,u282,/mypage,1
9726,u400,/cart,253
9727,u221,/home,228
9728,u384,/mypage,213
9729,u444,/product,116
9730,u162,/home,3
9731,u355,/event,212
9732,u165,/home,37
9733,u403,/event,18
9734,u471,/mypage,183
9735,u046,/event,123
9736,u493,/product,276
9737,u304,/cart,41
9738,u138,/cart,197
9739,u099,/cart,19
9740,u310,/home,286
9741,u407,/cart,261
9742,u001,/cart,178
9743,u279,/home,49
9744,u165,/event,134
9745,u139,/mypage,201
9746,u343,/cart,128
9747,u309,/home,204
9748,u025,/event,243
9749,u002,/home,146
9750,u006,/mypage,126
9751,u457,/home,160
9752,u164,/cart,61
9753,u277,/cart,10
9754,u390,/product,280
9755,u077,/product,42
9756,u412,/mypage,13
9757,u349,/product,196
9758,u202,/product,21
9759,u123,/mypage,191
9760,u469,/mypage,284
9761,u205,/cart,11
9762,u338,/event,274
9763,u277,/home,78
9764,u201,/cart,81
9765,u312,/cart,47
9766,u498,/event,145
9767,u355,/event,106
9768,u444,/product,122
9769,u176,/event,68
9770,u103,/home,98
9771,u310,/event,154
9772,u135,/home,258
9773,u465,/mypage,28
9774,u391,/event,250
9775,u022,/mypage,286
9776,u248,/home,87
9777,u022,/home,48
9778,u277,/cart,114
9779,u041,/home,103
9780,u349,/product,200
9781,u194,/home,50
9782,u172,/mypage,142
9783,u284,/cart,288
9784,u025,/cart,84
9785,u410,/event,124
9786,u096,/home,58
9787,u305,/event,17
9788,u152,/event,82
9789,u076,/home,161
9790,u116,/mypage,241
9791,u348,/home,244
9792,u245,/cart,187
9793,u365,/cart,152
9794,u246,/home,273
9795,u348,/product,101
9796,u041,/event,33
9797,u149,/event,38
9798,u422,/mypage,294
9799,u174,/product,296
9800,u140,/event,249
9801,u412,/event,209
9802,u068,/event,93
9803,u128,/cart,296
9804,u193,/home,187
9805,u119,/home,71
9806,u384,/event,38
9807,u379,/mypage,155
9808,u009,/product,192
9809,u249,/mypage,230
9810,u004,/product,199
9811,u265,/event,25
9812,u170,/home,202
9813,u122,/home,203
9814,u203,/product,223
9815,u425,/home,190
9816,u023,/product,272
9817,u455,/home,220
9818,u137,/home,280
9819,u301,/home,6
9820,u441,/product,23
9821,u304,/home,85
9822,u031,/product,15
9823,u074,/cart,70
9824,u012,/mypage,135
9825,u174,/product,103
9826,u393,/event,190
9827,u292,/event,188
9828,u119,/home,295
9829,u333,/product,201
9830,u022,/home,274
9831,u221,/home,69
9832,u442,/event,179
9833,u470,/event,152
9834,u339,/cart,132
9835,u416,/cart,71
9836,u023,/cart,147
9837,u383,/mypage,145
9838,u356,/cart,169
9839,u116,/mypage,47
9840,u064,/mypage,9
9841,u323,/mypage,62
9842,u368,/mypage,200
9843,u179,/cart,272
9844,u109,/cart,145
9845,u391,/cart,204
9846,u208,/product,86
9847,u306,/cart,77
9848,u064,/event,254
9849,u027,/cart,209
9850,u195,/home,121
9851,u497,/event,53
9852,u416,/event,72
9853,u159,/mypage,217
9854,u016,/event,6
9855,u152,/event,79
9856,u388,/event,208
9857,u009,/product,101
9858,u181,/home,188
9859,u259,/cart,14
9860,u037,/cart,102
9861,u349,/home,35
9862,u226,/product,47
9863,u217,/event,49
9864,u162,/event,28
9865,u178,/mypage,226
9866,u293,/home,192
9867,u067,/product,131
9868,u155,/home,108
9869,u126,/mypage,168
9870,u158,/event,291
9871,u136,/home,193
9872,u496,/cart,188
9873,u110,/home,164
9874,u356,/event,299
9875,u028,/cart,236
9876,u064,/mypage,41
9877,u389,/mypage,295
9878,u273,/event,223
9879,u494,/cart,208
9880,u298,/product,220
9881,u170,/event,64
9882,u284,/product,100
9883,u452,/cart,254
9884,u136,/mypage,236
9885,u203,/mypage,4
9886,u192,/event,26
9887,u396,/product,125
9888,u382,/event,243
9889,u411,/home,278
9890,u136,/product,4
9891,u413,/home,289
9892,u096,/product,14
9893,u309,/cart,222
9894,u251,/product,112
9895,u098,/product,246
9896,u109,/product,108
9897,u290,/event,149
9898,u133,/home,96
9899,u445,/mypage,69
9900,u165,/product,84
9901,u418,/event,236
9902,u193,/mypage,96
9903,u133,/product,225
9904,u243,/product,82
9905,u115,/mypage,174
9906,u334,/product,24
9907,u070,/product,94
9908,u012,/mypage,49
9909,u129,/home,34
9910,u217,/mypage,97
9911,u117,/product,265
9912,u143,/cart,71
9913,u109,/cart,254
9914,u338,/home,269
9915,u077,/mypage,5
9916,u410,/event,170
9917,u420,/cart,44
9918,u169,/cart,176
9919,u065,/event,30
9920,u469,/event,166
9921,u224,/mypage,36
9922,u104,/mypage,114
9923,u064,/home,2
9924,u367,/event,146
9925,u126,/product,80
9926,u095,/event,78
9927,u468,/product,253
9928,u231,/event,240
9929,u112,/product,39
9930,u213,/mypage,18
9931,u489,/event,206
9932,u476,/cart,245
9933,u015,/event,2
9934,u107,/mypage,186
9935,u027,/product,194
9936,u409,/home,172
9937,u315,/cart,87
9938,u320,/mypage,156
9939,u070,/cart,44
9940,u373,/home,243
9941,u406,/cart,28
9942,u068,/event,139
9943,u010,/event,243
9944,u401,/cart,260
9945,u086,/event,233
9946,u216,/product,191
9947,u292,/home,221
9948,u426,/product,8
9949,u432,/home,126
9950,u362,/event,98
9951,u413,/mypage,183
9952,u325,/event,135
9953,u485,/event,37
9954,u145,/mypage,230
9955,u137,/cart,249
9956,u331,/mypage,107
9957,u054,/mypage,112
9958,u301,/mypage,249
9959,u384,/mypage,278
9960,u363,/cart,40
9961,u132,/mypage,260
9962,u219,/home,162
9963,u417,/cart,8
9964,u444,/cart,107
9965,u074,/event,224
9966,u152,/product,66
9967,u068,/product,132
9968,u458,/event,52
9969,u067,/home,81
9970,u368,/mypage,300
9971,u361,/mypage,39
9972,u339,/home,169
9973,u316,/cart,288
9974,u478,/cart,117
9975,u129,/home,3
9976,u359,/home,94
9977,u351,/event,224
9978,u380,/product,71
9979,u466,/product,272
9980,u361,/cart,255
9981,u154,/product,83
9982,u175,/event,237
9983,u383,/mypage,252
9984,u033,/mypage,257
9985,u270,/product,66
9986,u105,/event,270
9987,u330,/mypage,248
9988,u030,/cart,280
9989,u498,/cart,35
9990,u199,/mypage,26
9991,u197,/home,103
9992,u358,/cart,295
9993,u329,/cart,206
9994,u157,/event,295
9995,u307,/mypage,139
9996,u201,/home,167
9997,u264,/event,228
9998,u320,/cart,291
9999,u397,/event,99
10000,u453,/mypage,124
10001,u498,/home,228
10002,u079,/product,203
10003,u412,/home,26
10004,u430,/mypage,31
10005,u294,/product,214
10006,u043,/event,206
10007,u068,/home,51
10008,u215,/cart,183
10009,u462,/cart,231
10010,u351,/mypage,209
10011,u487,/cart,170
10012,u256,/mypage,205
10013,u166,/cart,184
10014,u455,/event,181
10015,u052,/product,131
10016,u241,/event,141
10017,u003,/home,27
10018,u198,/mypage,229
10019,u173,/mypage,213
10020,u414,/mypage,68
10021,u150,/home,183
10022,u037,/event,196
10023,u181,/cart,167
10024,u055,/product,90
10025,u457,/cart,155
10026,u134,/home,263
10027,u302,/mypage,242
10028,u478,/cart,3
10029,u074,/product,104
10030,u271,/event,274
10031,u219,/home,263
10032,u398,/product,163
10033,u421,/event,22
10034,u374,/home,232
10035,u011,/product,210
10036,u100,/home,153
10037,u415,/cart,79
10038,u470,/product,263
10039,u330,/event,32
10040,u089,/home,171
10041,u375,/home,277
10042,u314,/mypage,115
10043,u016,/mypage,143
10044,u383,/home,109
10045,u138,/mypage,7
10046,u299,/event,34
10047,u422,/mypage,244
10048,u306,/event,295
10049,u450,/event,70
10050,u431,/cart,173
10051,u079,/mypage,138
10052,u057,/product,186
10053,u200,/mypage,139
10054,u270,/home,153
10055,u163,/home,238
10056,u105,/cart,194
10057,u385,/event,154
10058,u261,/home,294
10059,u165,/event,115
10060,u294,/cart,10
10061,u455,/cart,300
10062,u425,/mypage,24
10063,u072,/event,1
10064,u087,/mypage,129
10065,u139,/product,23
10066,u411,/product,47
10067,u182,/mypage,72
10068,u171,/mypage,144
10069,u313,/home,240
10070,u098,/cart,79
10071,u021,/product,50
10072,u289,/event,236
10073,u242,/cart,273
10074,u224,/event,186
10075,u313,/cart,59
10076,u337,/cart,35
10077,u263,/event,137
10078,u466,/mypage,82
10079,u104,/home,257
10080,u268,/product,164
10081,u403,/mypage,203
10082,u357,/mypage,142
10083,u055,/mypage,216
10084,u082,/product,113
10085,u087,/event,16
10086,u378,/cart,281
10087,u193,/mypage,144
10088,u085,/event,216
10089,u430,/event,150
10090,u476,/mypage,108
10091,u051,/event,99
10092,u359,/home,197
10093,u207,/product,110
10094,u337,/home,191
10095,u048,/mypage,47
10096,u240,/mypage,257
10097,u077,/cart,76
10098,u454,/event,186
10099,u421,/cart,289
10100,u160,/event,281
10101,u304,/home,216
10102,u476,/product,121
10103,u069,/event,74
10104,u113,/event,61
10105,u231,/mypage,258
10106,u485,/mypage,14
10107,u078,/product,117
10108,u242,/mypage,29
10109,u019,/event,162
10110,u422,/cart,278
10111,u322,/event,29
10112,u344,/mypage,144
10113,u415,/event,229
10114,u298,/cart,133
10115,u037,/event,216
10116,u255,/cart,161
10117,u104,/mypage,269
10118,u040,/mypage,277
10119,u320,/home,232
10120,u384,/product,237
10121,u264,/home,181
10122,u299,/home,165
10123,u253,/mypage,30
10124,u286,/mypage,155
10125,u190,/mypage,200
10126,u086,/event,282
10127,u108,/mypage,135
10128,u282,/mypage,227
10129,u211,/product,269
10130,u012,/product,9
10131,u351,/event,205
10132,u041,/product,122
10133,u304,/event,56
10134,u093,/home,15
10135,u324,/cart,46
10136,u281,/mypage,52
10137,u080,/mypage,277
10138,u268,/event,51
10139,u262,/product,14
10140,u333,/event,4
10141,u469,/event,199
10142,u367,/mypage,19
10143,u448,/home,25
10144,u233,/mypage,68
10145,u113,/event,76
10146,u302,/mypage,74
10147,u199,/mypage,119
10148,u115,/cart,262
10149,u340,/event,156
10150,u312,/event,24
10151,u125,/cart,23
10152,u216,/event,168
10153,u236,/mypage,212
10154,u442,/mypage,116
10155,u499,/product,174
10156,u182,/event,7
10157,u410,/event,227
10158,u121,/home,88
10159,u431,/product,52
10160,u166,/cart,175
10161,u324,/home,163
10162,u226,/home,184
10163,u066,/home,269
10164,u245,/mypage,114
10165,u265,/cart,144
10166,u135,/home,160
10167,u189,/mypage,276
10168,u108,/home,40
10169,u160,/home,158
10170,u455,/event,27
10171,u334,/home,79
10172,u480,/product,166
10173,u436,/home,102
10174,u206,/mypage,228
10175,u059,/cart,202
10176,u420,/mypage,39
10177,u381,/home,299
10178,u328,/event,231
10179,u317,/event,276
10180,u028,/product,119
10181,u328,/cart,137
10182,u183,/event,263
10183,u150,/cart,211
10184,u500,/event,295
10185,u415,/cart,13
10186,u469,/product,217
10187,u372,/event,153
10188,u417,/home,34
10189,u222,/product,69
10190,u314,/cart,246
10191,u112,/event,260
10192,u339,/product,61
10193,u182,/mypage,256
10194,u188,/event,83
10195,u308,/product,225
10196,u120,/home,261
10197,u202,/mypage,107
10198,u364,/home,70
10199,u290,/home,170
10200,u287,/cart,156
10201,u329,/product,117
10202,u117,/product,154
10203,u047,/event,191
10204,u036,/mypage,178
10205,u321,/cart,276
10206,u127,/mypage,222
10207,u409,/event,13
10208,u485,/event,107
10209,u154,/cart,197
10210,u434,/event,131
10211,u200,/product,63
10212,u177,/mypage,183
10213,u279,/cart,43
10214,u472,/event,138
10215,u380,/mypage,59
10216,u218,/home,227
10217,u002,/cart,7
10218,u486,/product,85
10219,u040,/mypage,49
10220,u208,/mypage,283
10221,u037,/cart,51
10222,u117,/cart,141
10223,u342,/event,198
10224,u358,/home,131
10225,u419,/mypage,105
10226,u356,/event,231
10227,u148,/home,66
10228,u303,/product,275
10229,u208,/cart,124
10230,u498,/product,15
10231,u416,/product,218
10232,u493,/cart,16
10233,u295,/mypage,197
10234,u363,/product,60
10235,u286,/product,213
10236,u194,/event,236
10237,u064,/mypage,194
10238,u213,/event,223
10239,u488,/home,1
10240,u072,/cart,202
10241,u469,/product,143
10242,u090,/home,69
10243,u407,/product,69
10244,u349,/product,138
10245,u315,/mypage,279
10246,u021,/home,107
10247,u372,/event,217
10248,u284,/product,216
10249,u250,/cart,9
10250,u049,/event,232
10251,u315,/home,168
10252,u077,/cart,142
10253,u417,/event,62
10254,u141,/cart,14
10255,u316,/product,109
10256,u126,/cart,33
10257,u235,/cart,203
10258,u465,/cart,223
10259,u452,/cart,72
10260,u445,/event,27
10261,u057,/mypage,197
10262,u127,/event,66
10263,u195,/product,35
10264,u291,/mypage,183
10265,u377,/event,172
10266,u183,/mypage,81
10267,u328,/product,249
10268,u351,/event,193
10269,u436,/cart,48
10270,u153,/mypage,24
10271,u014,/product,281
10272,u166,/home,92
10273,u381,/cart,176
10274,u033,/product,139
10275,u400,/cart,131
10276,u449,/mypage,205
10277,u247,/product,93
10278,u274,/mypage,118
10279,u294,/home,154
10280,u241,/product,120
10281,u034,/cart,185
10282,u142,/event,43
10283,u192,/event,150
10284,u298,/product,77
10285,u184,/home,59
10286,u134,/mypage,235
10287,u270,/mypage,239
10288,u302,/cart,110
10289,u033,/product,5
10290,u149,/home,299
10291,u165,/cart,125
10292,u226,/event,223
10293,u218,/home,264
10294,u100,/home,271
10295,u412,/cart,258
10296,u027,/home,52
10297,u371,/mypage,246
10298,u495,/product,44
10299,u160,/product,299
10300,u044,/cart,48
10301,u481,/home,129
10302,u118,/event,247
10303,u274,/event,88
10304,u324,/home,8
10305,u249,/mypage,40
10306,u281,/event,50
10307,u024,/mypage,208
10308,u324,/mypage,164
10309,u217,/cart,66
10310,u170,/event,28
10311,u209,/mypage,2
10312,u074,/event,297
10313,u337,/product,126
10314,u474,/home,191
10315,u483,/cart,92
10316,u362,/product,7
10317,u207,/home,28
10318,u095,/product,28
10319,u095,/mypage,222
10320,u448,/cart,172
10321,u466,/home,168
10322,u469,/product,87
10323,u148,/home,50
10324,u149,/product,14
10325,u207,/event,246
10326,u019,/home,162
10327,u039,/cart,164
10328,u379,/mypage,290
10329,u073,/home,49
10330,u441,/event,218
10331,u458,/product,106
10332,u435,/mypage,73
10333,u066,/product,70
10334,u143,/home,17
10335,u164,/product,67
10336,u095,/product,25
10337,u191,/event,72
10338,u336,/home,49
10339,u492,/mypage,24
10340,u436,/home,59
10341,u389,/product,132
10342,u274,/cart,108
10343,u115,/mypage,52
10344,u099,/product,90
10345,u187,/product,265
10346,u194,/home,110
10347,u082,/product,131
10348,u172,/event,146
10349,u171,/product,111
10350,u156,/product,257
10351,u205,/cart,153
10352,u313,/event,220
10353,u407,/home,89
10354,u136,/mypage,263
10355,u221,/event,99
10356,u138,/product,28
10357,u374,/mypage,183
10358,u127,/event,233
10359,u326,/event,125
10360,u142,/mypage,282
10361,u327,/cart,91
10362,u319,/event,119
10363,u183,/event,48
10364,u172,/product,197
10365,u492,/event,190
10366,u417,/cart,289
10367,u434,/home,137
10368,u250,/event,81
10369,u190,/product,262
10370,u032,/mypage,214
10371,u214,/cart,54
10372,u137,/event,190
10373,u113,/product,208
10374,u435,/mypage,190
10375,u082,/cart,227
10376,u399,/cart,202
10377,u223,/cart,120
10378,u174,/product,288
10379,u298,/event,66
10380,u391,/mypage,283
10381,u455,/cart,128
10382,u079,/cart,104
10383,u450,/event,253
10384,u473,/mypage,78
10385,u153,/home,174
10386,u244,/home,81
10387,u329,/event,215
10388,u487,/product,281
10389,u477,/product,166
10390,u139,/product,147
10391,u211,/mypage,169
10392,u257,/event,127
10393,u343,/mypage,14
10394,u212,/home,202
10395,u375,/mypage,76
10396,u152,/mypage,241
10397,u303,/product,280
10398,u404,/home,213
10399,u050,/cart,115
10400,u345,/mypage,43
10401,u052,/event,264
10402,u336,/product,237
10403,u046,/home,126
10404,u012,/event,107
10405,u243,/product,195
10406,u031,/event,86
10407,u397,/home,49
10408,u141,/mypage,217
10409,u418,/event,284
10410,u463,/home,285
10411,u459,/product,198
10412,u375,/cart,294
10413,u107,/home,68
10414,u063,/cart,204
10415,u402,/product,153
10416,u401,/event,204
10417,u095,/cart,143
10418,u430,/product,297
10419,u426,/product,199
10420,u432,/cart,177
10421,u385,/event,106
10422,u470,/product,56
10423,u236,/product,300
10424,u441,/mypage,154
10425,u006,/product,203
10426,u421,/mypage,135
10427,u259,/home,57
10428,u093,/event,197
10429,u368,/cart,291
10430,u236,/home,210
10431,u232,/home,211
10432,u350,/mypage,115
10433,u112,/cart,113
10434,u308,/home,17
10435,u054,/event,56
10436,u087,/cart,293
10437,u015,/home,206
10438,u398,/product,291
10439,u309,/cart,300
10440,u018,/home,100
10441,u116,/product,140
10442,u498,/cart,111
10443,u244,/event,247
10444,u337,/product,141
10445,u274,/home,145
10446,u024,/mypage,280
10447,u409,/cart,46
10448,u373,/home,37
10449,u443,/event,253
10450,u308,/product,20
10451,u038,/cart,279
10452,u047,/home,206
10453,u006,/cart,297
10454,u336,/mypage,43
10455,u396,/home,25
10456,u435,/cart,83
10457,u458,/home,78
10458,u272,/mypage,214
10459,u437,/event,61
10460,u207,/mypage,17
10461,u383,/home,21
10462,u127,/cart,74
10463,u063,/product,133
10464,u257,/cart,155
10465,u284,/cart,80
10466,u031,/product,164
10467,u102,/home,218
10468,u032,/event,290
10469,u344,/home,249
10470,u429,/mypage,52
10471,u106,/mypage,196
10472,u031,/home,166
10473,u404,/event,51
10474,u438,/home,254
10475,u060,/product,70
10476,u401,/home,299
10477,u350,/cart,9
10478,u070,/cart,238
10479,u343,/home,83
10480,u497,/mypage,285
10481,u412,/home,149
10482,u048,/home,68
10483,u431,/mypage,236
10484,u436,/cart,163
10485,u070,/event,39
10486,u396,/mypage,110
10487,u497,/event,244
10488,u435,/mypage,189
10489,u252,/event,151
10490,u441,/event,97
10491,u310,/home,123
10492,u284,/home,20
10493,u471,/event,155
10494,u315,/home,195
10495,u063,/mypage,147
10496,u087,/product,78
10497,u061,/cart,146
10498,u450,/home,39
10499,u364,/product,43
10500,u472,/cart,112
10501,u170,/home,211
10502,u306,/event,95
10503,u199,/home,209
10504,u281,/cart,177
10505,u173,/product,166
10506,u090,/event,160
10507,u458,/home,2
10508,u072,/cart,145
10509,u250,/home,239
10510,u299,/mypage,142
10511,u267,/mypage,184
10512,u219,/event,145
10513,u260,/mypage,114
10514,u030,/home,190
10515,u055,/mypage,175
10516,u222,/event,179
10517,u481,/event,107
10518,u188,/cart,259
10519,u152,/product,95
10520,u230,/home,234
10521,u080,/event,207
10522,u069,/cart,208
10523,u188,/home,133
10524,u196,/home,244
10525,u012,/home,43
10526,u151,/cart,57
10527,u430,/product,3
10528,u420,/event,261
10529,u332,/event,93
10530,u134,/home,263
10531,u228,/home,3
10532,u002,/event,210
10533,u278,/mypage,31
10534,u345,/cart,52
10535,u249,/product,275
10536,u073,/home,242
10537,u209,/product,99
10538,u257,/home,63
10539,u180,/product,72
10540,u118,/product,283
10541,u076,/product,90
10542,u285,/product,146
10543,u007,/mypage,143
10544,u242,/cart,80
10545,u270,/product,184
10546,u311,/mypage,153
10547,u017,/home,140
10548,u048,/home,284
10549,u138,/event,60
10550,u117,/cart,53
10551,u361,/home,127
10552,u178,/home,161
10553,u100,/cart,227
10554,u475,/product,85
10555,u393,/mypage,68
10556,u473,/home,224
10557,u149,/home,185
10558,u490,/event,285
10559,u021,/mypage,238
10560,u269,/product,15
10561,u066,/mypage,9
10562,u436,/home,13
10563,u459,/cart,53
10564,u319,/cart,169
10565,u125,/cart,40
10566,u314,/cart,65
10567,u403,/mypage,49
10568,u477,/cart,148
10569,u241,/mypage,210
10570,u410,/event,148
10571,u376,/product,282
10572,u019,/product,44
10573,u329,/mypage,285
10574,u475,/mypage,115
10575,u012,/event,114
10576,u388,/cart,255
10577,u468,/mypage,13
10578,u345,/product,238
10579,u286,/mypage,60
10580,u342,/product,50
10581,u114,/mypage,228
10582,u129,/product,207
10583,u306,/mypage,8
10584,u164,/cart,283
10585,u166,/cart,253
10586,u402,/cart,293
10587,u157,/home,279
10588,u389,/cart,96
10589,u295,/home,215
10590,u309,/event,291
10591,u327,/home,153
10592,u184,/product,267
10593,u312,/mypage,220
10594,u008,/event,35
10595,u373,/home,199
10596,u170,/event,236
10597,u124,/product,232
10598,u388,/cart,191
10599,u228,/home,43
10600,u205,/cart,74
10601,u228,/event,48
10602,u475,/product,215
10603,u340,/mypage,36
10604,u154,/mypage,283
10605,u030,/product,184
10606,u113,/home,263
10607,u144,/product,246
10608,u371,/event,83
10609,u328,/mypage,204
10610,u152,/cart,155
10611,u236,/event,93
10612,u166,/home,273
10613,u145,/product,124
10614,u381,/product,129
10615,u090,/product,155
10616,u263,/home,17
10617,u141,/home,233
10618,u364,/product,158
10619,u057,/cart,176
10620,u127,/event,56
10621,u168,/mypage,174
10622,u162,/event,145
10623,u434,/mypage,15
10624,u197,/product,256
10625,u289,/event,8
10626,u084,/cart,85
10627,u189,/event,32
10628,u123,/product,114
10629,u337,/product,174
10630,u346,/mypage,150
10631,u184,/product,114
10632,u435,/home,165
10633,u328,/mypage,72
10634,u269,/event,116
10635,u024,/cart,11
10636,u467,/product,223
10637,u201,/product,47
10638,u227,/product,51
10639,u249,/cart,81
10640,u308,/product,68
10641,u014,/cart,45
10642,u209,/event,278
10643,u475,/product,62
10644,u184,/product,91
10645,u461,/event,196
10646,u310,/product,244
10647,u440,/home,203
10648,u114,/product,182
10649,u385,/home,111
10650,u063,/product,81
10651,u257,/home,155
10652,u273,/cart,4
10653,u095,/product,24
10654,u215,/home,300
10655,u025,/home,296
10656,u123,/product,109
10657,u192,/mypage,116
10658,u251,/mypage,250
10659,u044,/mypage,32
10660,u002,/home,12
10661,u095,/mypage,175
10662,u221,/home,193
10663,u075,/product,175
10664,u193,/cart,253
10665,u033,/mypage,189
10666,u182,/mypage,159
10667,u002,/event,297
10668,u319,/product,117
10669,u001,/cart,177
10670,u373,/product,70
10671,u381,/product,43
10672,u493,/event,240
10673,u239,/mypage,39
10674,u146,/cart,193
10675,u149,/event,148
10676,u429,/product,228
10677,u007,/home,152
10678,u484,/cart,101
10679,u347,/mypage,54
10680,u472,/home,232
10681,u499,/event,220
10682,u497,/event,220
10683,u175,/home,177
10684,u091,/event,215
10685,u035,/product,14
10686,u402,/mypage,82
10687,u284,/home,165
10688,u245,/mypage,29
10689,u209,/home,31
10690,u080,/product,126
10691,u036,/home,201
10692,u245,/mypage,227
10693,u013,/event,245
10694,u324,/event,105
10695,u172,/product,70
10696,u078,/product,249
10697,u064,/mypage,183
10698,u300,/product,37
10699,u445,/product,194
10700,u420,/mypage,146
10701,u332,/mypage,189
10702,u213,/product,255
10703,u043,/home,147
10704,u434,/product,160
10705,u099,/home,21
10706,u015,/product,233
10707,u426,/cart,126
10708,u292,/mypage,290
10709,u465,/product,125
10710,u360,/home,107
10711,u074,/cart,224
10712,u177,/mypage,258
10713,u436,/event,195
10714,u314,/product,65
10715,u498,/event,275
10716,u366,/cart,53
10717,u252,/mypage,104
10718,u411,/event,212
10719,u176,/mypage,37
10720,u452,/cart,108
10721,u471,/mypage,72
10722,u022,/home,51
10723,u399,/cart,16
10724,u418,/event,181
10725,u084,/event,202
10726,u150,/product,221
10727,u228,/product,189
10728,u033,/product,250
10729,u094,/cart,162
10730,u483,/cart,113
10731,u493,/product,251
10732,u487,/cart,201
10733,u161,/event,241
10734,u211,/cart,271
10735,u226,/mypage,151
10736,u302,/event,82
10737,u085,/cart,296
10738,u148,/cart,62
10739,u012,/cart,209
10740,u321,/product,162
10741,u003,/event,297
10742,u067,/mypage,215
10743,u168,/event,274
10744,u476,/cart,57
10745,u074,/home,216
10746,u393,/product,230
10747,u449,/event,253
10748,u092,/mypage,119
10749,u379,/cart,12
10750,u315,/event,300
10751,u399,/product,132
10752,u351,/cart,71
10753,u038,/product,295
10754,u057,/cart,224
10755,u445,/cart,3
10756,u096,/product,101
10757,u150,/event,237
10758,u282,/home,147
10759,u467,/cart,253
10760,u371,/mypage,238
10761,u440,/product,192
10762,u060,/mypage,150
10763,u358,/home,235
10764,u013,/product,118
10765,u333,/mypage,272
10766,u069,/home,150
10767,u232,/mypage,74
10768,u397,/product,99
10769,u228,/product,29
10770,u475,/mypage,139
10771,u163,/home,203
10772,u250,/event,228
10773,u007,/event,101
10774,u209,/product,72
10775,u435,/mypage,219
10776,u103,/home,58
10777,u035,/product,78
10778,u014,/home,266
10779,u150,/mypage,138
10780,u065,/event,130
10781,u396,/mypage,105
10782,u105,/product,217
10783,u435,/event,296
10784,u196,/home,261
10785,u086,/mypage,208
10786,u256,/home,106
10787,u196,/home,172
10788,u328,/cart,147
10789,u457,/event,69
10790,u013,/mypage,190
10791,u470,/event,144
10792,u291,/home,59
10793,u444,/product,75
10794,u134,/mypage,190
10795,u391,/home,289
10796,u477,/product,192
10797,u026,/home,40
10798,u056,/cart,150
10799,u201,/home,244
10800,u177,/mypage,31
10801,u277,/home,111
10802,u488,/mypage,261
10803,u296,/home,147
10804,u131,/home,32
10805,u145,/home,140
10806,u124,/home,179
10807,u208,/event,261
10808,u175,/home,110
10809,u427,/cart,98
10810,u268,/home,141
10811,u264,/product,245
10812,u159,/event,164
10813,u181,/mypage,26
10814,u101,/home,7
10815,u053,/event,265
10816,u477,/cart,196
10817,u145,/event,57
10818,u250,/event,282
10819,u135,/home,47
10820,u493,/mypage,20
10821,u080,/event,53
10822,u208,/mypage,270
10823,u356,/mypage,105
10824,u248,/home,224
10825,u048,/home,188
10826,u265,/event,218
10827,u410,/mypage,217
10828,u058,/home,292
10829,u293,/event,198
10830,u225,/cart,297
10831,u377,/mypage,104
10832,u340,/product,82
10833,u212,/home,244
10834,u446,/home,165
10835,u443,/home,171
10836,u497,/mypage,107
10837,u192,/product,131
10838,u183,/mypage,35
10839,u302,/cart,217
10840,u168,/event,77
10841,u280,/cart,127
10842,u187,/product,127
10843,u297,/mypage,261
10844,u084,/cart,82
10845,u199,/event,73
10846,u049,/event,247
10847,u172,/mypage,23
10848,u035,/cart,277
10849,u417,/cart,218
10850,u220,/mypage,249
10851,u310,/product,3
10852,u418,/product,4
10853,u078,/mypage,175
10854,u105,/product,237
10855,u092,/event,197
10856,u221,/mypage,287
10857,u416,/product,131
10858,u163,/home,190
10859,u416,/home,85
10860,u164,/product,266
10861,u190,/cart,219
10862,u055,/product,3
10863,u412,/mypage,240
10864,u419,/product,4
10865,u275,/mypage,242
10866,u065,/home,234
10867,u392,/product,285
10868,u443,/product,248
10869,u407,/event,241
10870,u234,/home,62
10871,u450,/mypage,150
10872,u072,/cart,66
10873,u355,/event,259
10874,u472,/event,102
10875,u001,/mypage,32
10876,u005,/event,43
10877,u075,/home,25
10878,u424,/product,143
10879,u073,/product,152
10880,u346,/cart,251
10881,u111,/home,179
10882,u379,/event,229
10883,u241,/home,219
10884,u479,/home,297
10885,u299,/event,56
10886,u193,/cart,223
10887,u180,/event,207
10888,u395,/event,209
10889,u152,/home,194
10890,u269,/product,100
10891,u148,/cart,9
10892,u009,/mypage,188
10893,u078,/product,145
10894,u484,/product,195
10895,u350,/cart,101
10896,u400,/event,103
10897,u491,/product,66
10898,u429,/home,297
10899,u039,/cart,125
10900,u320,/home,235
10901,u011,/cart,146
10902,u245,/product,216
10903,u026,/home,172
10904,u253,/mypage,59
10905,u043,/cart,20
10906,u382,/home,23
10907,u036,/event,78
10908,u215,/home,16
10909,u259,/home,69
10910,u206,/cart,287
10911,u293,/product,134
10912,u433,/event,173
10913,u307,/event,285
10914,u471,/product,113
10915,u164,/cart,260
10916,u257,/product,184
10917,u252,/home,96
10918,u056,/cart,293
10919,u207,/event,292
10920,u047,/cart,197
10921,u125,/mypage,212
10922,u325,/event,146
10923,u348,/product,80
10924,u012,/product,47
10925,u483,/event,72
10926,u419,/event,217
10927,u187,/product,266
10928,u073,/cart,202
10929,u276,/cart,136
10930,u440,/mypage,86
10931,u369,/event,66
10932,u149,/home,21
10933,u416,/home,73
10934,u011,/mypage,201
10935,u341,/home,45
10936,u156,/event,9
10937,u164,/home,13
10938,u287,/cart,144
10939,u107,/product,254
10940,u450,/home,206
10941,u489,/product,30
10942,u451,/product,121
10943,u164,/event,112
10944,u196,/mypage,103
10945,u416,/home,46
10946,u465,/home,30
10947,u370,/home,27
10948,u270,/mypage,121
10949,u034,/mypage,228
10950,u267,/home,2
10951,u415,/cart,273
10952,u496,/home,89
10953,u270,/product,172
10954,u358,/cart,34
10955,u172,/mypage,93
10956,u320,/home,118
10957,u026,/cart,113
10958,u325,/event,214
10959,u218,/home,125
10960,u395,/event,202
10961,u088,/mypage,13
10962,u263,/home,72
10963,u071,/event,267
10964,u035,/cart,293
10965,u156,/event,132
10966,u394,/event,2
10967,u447,/cart,113
10968,u038,/home,19
10969,u179,/mypage,109
10970,u346,/product,5
10971,u442,/mypage,222
10972,u255,/product,230
10973,u317,/mypage,149
10974,u072,/home,286
10975,u300,/home,158
10976,u072,/event,120
10977,u243,/event,183
10978,u332,/home,54
10979,u208,/event,219
10980,u246,/home,261
10981,u254,/event,204
10982,u446,/product,272
10983,u278,/product,210
10984,u475,/product,222
10985,u279,/mypage,184
10986,u013,/home,204
10987,u451,/product,236
10988,u474,/event,89
10989,u304,/product,95
10990,u218,/event,223
10991,u228,/mypage,264
10992,u006,/mypage,100
10993,u230,/event,44
10994,u487,/event,167
10995,u087,/product,282
10996,u470,/mypage,276
10997,u496,/mypage,1
10998,u238,/cart,298
10999,u299,/product,163
11000,u290,/mypage,55
11001,u070,/cart,175
11002,u319,/event,246
11003,u239,/product,223
11004,u166,/mypage,254
11005,u195,/cart,13
11006,u282,/product,286
11007,u190,/mypage,13
11008,u163,/home,38
11009,u471,/cart,64
11010,u396,/event,56
11011,u457,/event,169
11012,u248,/mypage,299
11013,u097,/mypage,36
11014,u489,/product,181
11015,u445,/event,180
11016,u411,/home,274
11017,u273,/event,42
11018,u332,/home,158
11019,u270,/event,21
11020,u029,/cart,23
11021,u003,/mypage,95
11022,u135,/cart,93
11023,u268,/event,288
11024,u428,/event,179
11025,u328,/event,26
11026,u321,/product,9
11027,u397,/product,101
11028,u010,/home,53
11029,u375,/product,175
11030,u325,/home,33
11031,u330,/mypage,201
11032,u428,/home,253
11033,u141,/product,293
11034,u387,/home,206
11035,u339,/mypage,177
11036,u077,/product,83
11037,u117,/product,209
11038,u310,/product,61
11039,u325,/mypage,9
11040,u197,/product,22
11041,u007,/event,101
11042,u011,/product,134
11043,u403,/product,198
11044,u334,/event,72
11045,u133,/mypage,232
11046,u187,/product,241
11047,u484,/cart,13
11048,u358,/cart,254
11049,u453,/home,142
11050,u157,/event,189
11051,u462,/event,254
11052,u131,/home,195
11053,u278,/event,107
11054,u186,/cart,130
11055,u482,/cart,113
11056,u131,/cart,34
11057,u144,/event,220
11058,u459,/mypage,275
11059,u340,/event,182
11060,u475,/mypage,102
11061,u342,/cart,260
11062,u102,/cart,288
11063,u380,/product,181
11064,u336,/mypage,220
11065,u323,/product,214
11066,u427,/event,111
11067,u223,/event,154
11068,u266,/cart,124
11069,u079,/home,236
11070,u243,/cart,269
11071,u242,/home,261
11072,u462,/mypage,149
11073,u125,/product,210
11074,u395,/mypage,288
11075,u112,/cart,154
11076,u125,/event,173
11077,u444,/mypage,17
11078,u183,/home,157
11079,u164,/home,185
11080,u370,/home,90
11081,u273,/cart,206
11082,u238,/product,5
11083,u027,/event,101
11084,u144,/product,101
11085,u291,/home,240
11086,u229,/product,251
11087,u465,/product,162
11088,u139,/cart,3
11089,u124,/mypage,15
11090,u033,/event,71
11091,u172,/mypage,180
11092,u057,/cart,20
11093,u347,/product,3
11094,u154,/cart,12
11095,u337,/product,288
11096,u049,/cart,108
11097,u176,/product,34
11098,u072,/event,136
11099,u396,/product,115
11100,u385,/event,170
11101,u097,/home,52
11102,u058,/product,123
11103,u337,/cart,295
11104,u015,/cart,86
11105,u206,/cart,95
11106,u454,/event,136
11107,u077,/mypage,223
11108,u431,/event,94
11109,u413,/cart,57
11110,u355,/home,269
11111,u187,/event,115
11112,u271,/product,284
11113,u367,/cart,179
11114,u150,/cart,42
11115,u133,/event,21
11116,u409,/mypage,42
11117,u300,/product,166
11118,u049,/home,245
11119,u341,/cart,177
11120,u425,/cart,161
11121,u387,/product,233
11122,u358,/home,214
11123,u070,/event,96
11124,u279,/home,213
11125,u234,/product,127
11126,u227,/cart,198
11127,u049,/product,45
11128,u342,/cart,244
11129,u192,/event,86
11130,u390,/event,132
11131,u453,/home,89
11132,u386,/event,15
11133,u264,/cart,270
11134,u061,/mypage,227
11135,u201,/product,8
11136,u302,/mypage,31
11137,u218,/mypage,120
11138,u043,/mypage,221
11139,u124,/home,121
11140,u473,/mypage,173
11141,u487,/home,224
11142,u382,/event,31
11143,u160,/cart,17
11144,u365,/cart,277
11145,u074,/product,215
11146,u226,/product,52
11147,u486,/product,111
11148,u144,/product,272
11149,u471,/mypage,272
11150,u491,/home,158
11151,u258,/cart,47
11152,u337,/cart,78
11153,u030,/product,190
11154,u312,/product,206
11155,u153,/cart,24
11156,u440,/product,284
11157,u090,/product,55
11158,u127,/cart,68
11159,u242,/cart,190
11160,u227,/event,239
11161,u095,/mypage,33
11162,u057,/cart,150
11163,u303,/home,147
11164,u322,/cart,100
11165,u459,/home,267
11166,u436,/product,154
11167,u128,/event,191
11168,u116,/home,20
11169,u352,/product,300
11170,u248,/event,61
11171,u348,/home,165
11172,u009,/event,76
11173,u350,/mypage,59
11174,u486,/event,65
11175,u200,/cart,33
11176,u466,/event,110
11177,u439,/product,261
11178,u058,/event,73
11179,u351,/mypage,43
11180,u381,/home,258
11181,u251,/product,80
11182,u081,/home,282
11183,u127,/event,291
11184,u461,/home,165
11185,u227,/product,236
11186,u223,/event,59
11187,u396,/home,184
11188,u071,/mypage,264
11189,u350,/event,250
11190,u001,/event,150
11191,u178,/mypage,42
11192,u192,/product,29
11193,u131,/cart,163
11194,u027,/home,91
11195,u004,/product,194
11196,u381,/mypage,125
11197,u287,/event,285
11198,u314,/home,110
11199,u382,/cart,178
11200,u451,/home,88
11201,u305,/cart,258
11202,u205,/event,204
11203,u025,/product,25
11204,u140,/home,106
11205,u140,/event,236
11206,u348,/cart,153
11207,u321,/home,275
11208,u365,/product,123
11209,u404,/event,278
11210,u259,/home,23
11211,u039,/product,282
11212,u341,/product,229
11213,u089,/home,25
11214,u447,/cart,52
11215,u125,/product,144
11216,u193,/home,52
11217,u280,/cart,82
11218,u077,/home,51
11219,u121,/mypage,281
11220,u087,/cart,121
11221,u089,/home,282
11222,u379,/product,40
11223,u452,/event,268
11224,u063,/event,114
11225,u213,/home,122
11226,u276,/mypage,45
11227,u333,/event,126
11228,u378,/event,7
11229,u239,/mypage,157
11230,u332,/event,220
11231,u247,/product,24
11232,u022,/home,182
11233,u067,/home,132
11234,u358,/home,26
11235,u495,/event,5
11236,u234,/home,223
11237,u124,/cart,288
11238,u187,/home,273
11239,u430,/mypage,165
11240,u054,/product,111
11241,u235,/home,271
11242,u191,/home,57
11243,u452,/mypage,42
11244,u319,/cart,156
11245,u186,/cart,187
11246,u216,/mypage,242
11247,u073,/mypage,203
11248,u177,/cart,200
11249,u422,/home,96
11250,u233,/event,256
11251,u041,/product,225
11252,u229,/home,257
11253,u257,/event,73
11254,u434,/event,124
11255,u300,/cart,206
11256,u055,/product,206
11257,u392,/event,226
11258,u279,/product,13
11259,u191,/cart,254
11260,u107,/event,51
11261,u101,/mypage,269
11262,u245,/cart,24
11263,u085,/product,112
11264,u352,/cart,195
11265,u493,/home,155
11266,u153,/event,196
11267,u091,/event,218
11268,u105,/product,1
11269,u152,/home,37
11270,u413,/event,214
11271,u399,/home,153
11272,u090,/home,192
11273,u096,/cart,262
11274,u117,/home,204
11275,u273,/event,107
11276,u455,/event,135
11277,u246,/home,129
11278,u199,/cart,194
11279,u276,/mypage,199
11280,u304,/mypage,248
11281,u475,/home,111
11282,u194,/mypage,287
11283,u400,/product,2
11284,u015,/cart,278
11285,u113,/event,117
11286,u206,/product,41
11287,u392,/cart,296
11288,u500,/product,75
11289,u400,/mypage,59
11290,u339,/product,248
11291,u479,/home,197
11292,u169,/mypage,115
11293,u144,/home,23
11294,u465,/cart,26
11295,u194,/product,297
11296,u049,/home,279
11297,u232,/product,66
11298,u263,/product,144
11299,u246,/home,266
11300,u099,/home,45
11301,u275,/home,229
11302,u357,/mypage,206
11303,u334,/home,246
11304,u172,/event,270
11305,u314,/mypage,130
11306,u427,/mypage,245
11307,u458,/cart,298
11308,u315,/event,30
11309,u162,/product,70
11310,u055,/event,64
11311,u057,/cart,280
11312,u438,/event,172
11313,u214,/cart,265
11314,u378,/home,284
11315,u318,/mypage,53
11316,u482,/home,222
11317,u040,/event,109
11318,u324,/cart,209
11319,u442,/product,49
11320,u209,/product,49
11321,u087,/mypage,237
11322,u490,/cart,181
11323,u230,/product,213
11324,u053,/event,157
11325,u312,/event,112
11326,u250,/mypage,260
11327,u037,/home,294
11328,u430,/product,270
11329,u437,/mypage,298
11330,u455,/mypage,28
11331,u201,/mypage,86
11332,u358,/home,59
11333,u391,/product,7
11334,u256,/home,219
11335,u253,/cart,97
11336,u408,/product,59
11337,u200,/product,100
11338,u216,/home,124
11339,u040,/event,270
11340,u169,/cart,297
11341,u019,/home,159
11342,u353,/mypage,29
11343,u125,/event,84
11344,u308,/cart,152
11345,u191,/mypage,171
11346,u258,/product,175
11347,u356,/event,121
11348,u349,/mypage,281
11349,u389,/home,79
11350,u247,/cart,112
11351,u310,/product,75
11352,u467,/cart,176
11353,u055,/event,140
11354,u036,/mypage,95
11355,u166,/mypage,35
11356,u323,/cart,253
11357,u445,/event,92
11358,u464,/home,94
11359,u362,/product,208
11360,u416,/home,63
11361,u357,/mypage,203
11362,u120,/mypage,134
11363,u184,/cart,51
11364,u423,/product,285
11365,u129,/cart,120
11366,u049,/cart,200
11367,u112,/home,125
11368,u005,/event,205
11369,u267,/cart,24
11370,u334,/mypage,220
11371,u357,/cart,186
11372,u452,/mypage,276
11373,u238,/product,143
11374,u469,/home,288
11375,u384,/mypage,91
11376,u360,/home,236
11377,u248,/product,169
11378,u334,/home,215
11379,u206,/mypage,33
11380,u035,/product,111
11381,u494,/mypage,241
11382,u099,/event,232
11383,u015,/event,70
11384,u062,/event,116
11385,u362,/cart,6
11386,u362,/product,157
11387,u068,/product,88
11388,u377,/cart,49
11389,u353,/mypage,269
11390,u451,/product,32
11391,u211,/product,95
11392,u376,/product,223
11393,u161,/cart,8
11394,u049,/mypage,52
11395,u333,/cart,149
11396,u138,/product,152
11397,u390,/mypage,139
11398,u080,/home,81
11399,u355,/cart,126
11400,u414,/cart,4
11401,u358,/mypage,158
11402,u225,/event,180
11403,u360,/home,61
11404,u343,/mypage,219
11405,u337,/home,173
11406,u214,/cart,5
11407,u314,/mypage,146
11408,u053,/cart,254
11409,u180,/product,277
11410,u318,/home,99
11411,u240,/home,164
11412,u160,/product,154
11413,u430,/cart,48
11414,u351,/mypage,29
11415,u261,/product,198
11416,u441,/home,37
11417,u014,/product,163
11418,u197,/cart,137
11419,u093,/mypage,90
11420,u019,/product,124
11421,u246,/event,196
11422,u222,/mypage,217
11423,u308,/product,86
11424,u292,/cart,120
11425,u119,/mypage,197
11426,u048,/mypage,129
11427,u048,/home,278
11428,u401,/product,9
11429,u428,/mypage,119
11430,u402,/cart,65
11431,u144,/product,151
11432,u002,/event,218
11433,u345,/product,263
11434,u382,/product,139
11435,u210,/product,104
11436,u413,/cart,265
11437,u276,/mypage,118
11438,u488,/product,132
11439,u107,/event,190
11440,u053,/mypage,196
11441,u224,/mypage,131
11442,u375,/home,260
11443,u223,/cart,148
11444,u090,/cart,128
11445,u373,/mypage,91
11446,u197,/mypage,69
11447,u284,/cart,176
11448,u011,/event,138
11449,u105,/cart,12
11450,u296,/cart,84
11451,u499,/mypage,268
11452,u414,/mypage,192
11453,u312,/cart,246
11454,u432,/home,128
11455,u292,/event,217
11456,u146,/cart,108
11457,u166,/mypage,50
11458,u430,/event,208
11459,u169,/home,133
11460,u235,/home,282
11461,u268,/product,3
11462,u020,/mypage,175
11463,u141,/product,282
11464,u261,/event,109
11465,u479,/cart,146
11466,u379,/mypage,206
11467,u342,/event,265
11468,u493,/event,221
11469,u231,/mypage,276
11470,u313,/mypage,133
11471,u234,/home,210
11472,u359,/home,235
11473,u359,/home,222
11474,u300,/home,44
11475,u434,/cart,226
11476,u465,/home,42
11477,u014,/product,269
11478,u134,/event,53
11479,u173,/event,246
11480,u425,/cart,215
11481,u222,/cart,1
11482,u335,/cart,40
11483,u278,/mypage,217
11484,u484,/home,50
11485,u197,/event,150
11486,u134,/mypage,93
11487,u105,/cart,107
11488,u497,/cart,223
11489,u295,/mypage,168
11490,u010,/cart,166
11491,u389,/home,172
11492,u401,/event,210
11493,u439,/mypage,118
11494,u249,/cart,160
11495,u024,/product,136
11496,u462,/product,288
11497,u223,/home,242
11498,u426,/mypage,86
11499,u461,/cart,229
11500,u064,/cart,18
11501,u433,/product,170
11502,u029,/product,276
11503,u166,/event,220
11504,u382,/product,193
11505,u448,/cart,264
11506,u405,/home,211
11507,u390,/product,265
11508,u332,/cart,294
11509,u126,/event,287
11510,u445,/home,198
11511,u101,/cart,263
11512,u180,/product,10
11513,u369,/home,12
11514,u395,/home,73
11515,u225,/mypage,296
11516,u194,/mypage,171
11517,u044,/mypage,107
11518,u001,/cart,258
11519,u441,/cart,76
11520,u465,/event,236
11521,u180,/mypage,193
11522,u389,/event,25
11523,u457,/product,199
11524,u168,/event,76
11525,u027,/product,217
11526,u111,/cart,156
11527,u349,/cart,109
11528,u322,/mypage,133
11529,u207,/mypage,194
11530,u383,/product,120
11531,u054,/mypage,37
11532,u346,/product,101
11533,u114,/cart,226
11534,u348,/event,46
11535,u245,/home,230
11536,u452,/product,64
11537,u454,/event,155
11538,u144,/cart,237
11539,u237,/event,89
11540,u346,/event,70
11541,u199,/product,201
11542,u228,/mypage,161
11543,u357,/home,261
11544,u315,/mypage,251
11545,u417,/event,136
11546,u402,/event,192
11547,u314,/cart,147
11548,u333,/product,147
11549,u430,/mypage,172
11550,u071,/mypage,182
11551,u435,/product,229
11552,u384,/event,130
11553,u450,/home,123
11554,u244,/event,239
11555,u215,/mypage,244
11556,u145,/home,136
11557,u447,/product,12
11558,u491,/event,216
11559,u240,/cart,42
11560,u158,/mypage,228
11561,u180,/product,153
11562,u046,/home,163
11563,u387,/event,107
11564,u334,/product,31
11565,u319,/mypage,30
11566,u404,/home,24
11567,u293,/cart,18
11568,u408,/event,191
11569,u204,/cart,260
11570,u077,/product,149
11571,u370,/cart,176
11572,u126,/mypage,171
11573,u336,/event,188
11574,u126,/cart,93
11575,u468,/product,67
11576,u483,/event,221
11577,u017,/home,19
11578,u134,/event,15
11579,u438,/mypage,41
11580,u036,/home,126
11581,u418,/cart,300
11582,u386,/cart,216
11583,u040,/home,257
11584,u291,/mypage,205
11585,u427,/cart,42
11586,u045,/mypage,53
11587,u350,/cart,258
11588,u111,/event,142
11589,u206,/event,40
11590,u160,/cart,241
11591,u230,/event,48
11592,u262,/event,262
11593,u250,/home,144
11594,u369,/event,299
11595,u211,/event,197
11596,u281,/product,9
11597,u380,/cart,69
11598,u189,/event,176
11599,u308,/mypage,192
11600,u009,/mypage,35
11601,u142,/product,120
11602,u355,/product,2
11603,u374,/product,295
11604,u361,/product,255
11605,u217,/cart,9
11606,u162,/cart,247
11607,u349,/product,274
11608,u217,/product,80
11609,u035,/cart,29
11610,u182,/home,111
11611,u449,/home,273
11612,u199,/event,17
11613,u158,/event,158
11614,u231,/product,110
11615,u283,/mypage,47
11616,u130,/event,257
11617,u174,/product,134
11618,u234,/cart,155
11619,u424,/product,2
11620,u097,/cart,135
11621,u145,/home,9
11622,u477,/product,116
11623,u401,/mypage,247
11624,u331,/product,183
11625,u043,/mypage,209
11626,u212,/cart,255
11627,u246,/cart,49
11628,u105,/home,105
11629,u471,/cart,40
11630,u259,/product,5
11631,u073,/cart,264
11632,u192,/product,137
11633,u462,/event,163
11634,u274,/home,179
11635,u108,/mypage,270
11636,u398,/mypage,187
11637,u327,/product,61
11638,u251,/mypage,168
11639,u176,/mypage,30
11640,u415,/mypage,268
11641,u156,/home,88
11642,u498,/mypage,193
11643,u170,/cart,266
11644,u430,/home,193
11645,u236,/cart,92
11646,u111,/mypage,106
11647,u483,/home,113
11648,u160,/mypage,293
11649,u047,/mypage,22
11650,u375,/home,101
11651,u492,/mypage,34
11652,u420,/cart,198
11653,u097,/cart,66
11654,u361,/mypage,89
11655,u160,/product,53
11656,u353,/mypage,190
11657,u295,/event,124
11658,u391,/home,53
11659,u089,/home,264
11660,u161,/product,242
11661,u464,/product,152
11662,u047,/home,152
11663,u371,/event,46
11664,u101,/product,43
11665,u171,/cart,186
11666,u101,/home,33
11667,u165,/product,20
11668,u098,/home,158
11669,u152,/home,231
11670,u226,/mypage,46
11671,u344,/home,25
11672,u316,/event,185
11673,u315,/mypage,156
11674,u340,/cart,164
11675,u234,/event,222
11676,u122,/cart,167
11677,u454,/cart,62
11678,u401,/mypage,95
11679,u306,/mypage,51
11680,u073,/event,137
11681,u175,/product,29
11682,u214,/cart,43
11683,u479,/mypage,53
11684,u012,/event,54
11685,u470,/event,195
11686,u354,/mypage,48
11687,u009,/home,270
11688,u326,/product,82
11689,u341,/cart,69
11690,u410,/home,208
11691,u275,/product,214
11692,u423,/mypage,65
11693,u078,/home,256
11694,u183,/event,88
11695,u333,/event,292
11696,u399,/event,75
11697,u016,/mypage,100
11698,u324,/cart,255
11699,u294,/home,2
11700,u006,/cart,292
11701,u118,/product,181
11702,u253,/product,68
11703,u283,/event,26
11704,u361,/product,81
11705,u075,/home,24
11706,u492,/event,137
11707,u287,/cart,253
11708,u377,/product,131
11709,u413,/product,285
11710,u238,/home,75
11711,u313,/cart,46
11712,u152,/cart,96
11713,u462,/home,170
11714,u347,/mypage,12
11715,u362,/product,265
11716,u205,/home,195
11717,u023,/cart,283
11718,u015,/product,94
11719,u135,/home,215
11720,u401,/cart,154
11721,u454,/event,135
11722,u231,/event,175
11723,u022,/mypage,12
11724,u132,/home,258
11725,u498,/mypage,259
11726,u170,/event,201
11727,u494,/cart,105
11728,u019,/home,200
11729,u169,/cart,221
11730,u413,/product,113
11731,u264,/mypage,252
11732,u272,/mypage,262
11733,u227,/event,178
11734,u218,/mypage,122
11735,u038,/product,200
11736,u338,/home,214
11737,u332,/product,71
11738,u432,/mypage,12
11739,u453,/home,51
11740,u410,/product,285
11741,u196,/home,144
11742,u247,/mypage,142
11743,u341,/event,41
11744,u386,/mypage,8
11745,u110,/mypage,9
11746,u107,/cart,63
11747,u390,/cart,267
11748,u301,/cart,126
11749,u287,/product,292
11750,u149,/cart,38
11751,u302,/home,133
11752,u236,/mypage,25
11753,u491,/cart,120
11754,u158,/event,66
11755,u288,/product,184
11756,u452,/home,210
11757,u243,/product,29
11758,u420,/mypage,170
11759,u374,/product,65
11760,u337,/event,253
11761,u005,/mypage,131
11762,u443,/mypage,265
11763,u207,/mypage,212
11764,u428,/cart,195
11765,u353,/product,86
11766,u189,/mypage,96
11767,u447,/product,270
11768,u464,/product,275
11769,u462,/home,57
11770,u270,/product,79
11771,u126,/cart,108
11772,u022,/event,262
11773,u264,/cart,219
11774,u275,/cart,217
11775,u249,/event,254
11776,u258,/home,205
11777,u143,/cart,283
11778,u113,/event,138
11779,u376,/cart,295
11780,u167,/mypage,244
11781,u172,/product,41
11782,u119,/cart,103
11783,u042,/event,166
11784,u460,/cart,169
11785,u308,/product,258
11786,u359,/mypage,251
11787,u141,/mypage,235
11788,u495,/cart,45
11789,u496,/home,150
11790,u498,/mypage,198
11791,u351,/product,220
11792,u228,/cart,62
11793,u430,/home,253
11794,u218,/cart,172
11795,u115,/cart,209
11796,u183,/cart,37
11797,u393,/cart,224
11798,u160,/home,207
11799,u226,/mypage,219
11800,u122,/home,26
11801,u290,/product,180
11802,u378,/mypage,95
11803,u032,/home,203
11804,u402,/product,20
11805,u044,/cart,295
11806,u244,/product,89
11807,u473,/cart,75
11808,u065,/mypage,144
11809,u389,/mypage,111
11810,u157,/mypage,86
11811,u246,/event,211
11812,u284,/home,291
11813,u322,/mypage,131
11814,u224,/home,43
11815,u412,/mypage,18
11816,u141,/home,105
11817,u101,/cart,284
11818,u003,/home,171
11819,u446,/product,225
11820,u383,/product,192
11821,u407,/mypage,205
11822,u205,/event,54
11823,u476,/cart,168
11824,u134,/cart,214
11825,u451,/home,177
11826,u126,/mypage,79
11827,u457,/event,21
11828,u315,/event,249
11829,u439,/cart,207
11830,u325,/product,254
11831,u070,/home,171
11832,u384,/product,203
11833,u474,/cart,294
11834,u033,/home,79
11835,u364,/mypage,179
11836,u210,/event,79
11837,u412,/mypage,187
11838,u378,/home,88
11839,u044,/cart,165
11840,u370,/product,286
11841,u126,/home,255
11842,u233,/cart,164
11843,u282,/product,46
11844,u469,/product,198
11845,u094,/event,134
11846,u112,/mypage,190
11847,u204,/event,263
11848,u137,/cart,203
11849,u002,/event,288
11850,u313,/home,247
11851,u426,/cart,43
11852,u342,/mypage,292
11853,u481,/home,259
11854,u034,/event,248
11855,u192,/cart,36
11856,u079,/mypage,142
11857,u154,/home,158
11858,u310,/product,174
11859,u106,/home,220
11860,u470,/cart,278
11861,u092,/mypage,126
11862,u265,/cart,293
11863,u244,/cart,226
11864,u228,/event,180
11865,u195,/cart,299
11866,u460,/home,247
11867,u010,/cart,167
11868,u156,/mypage,135
11869,u333,/product,157
11870,u114,/event,275
11871,u242,/event,53
11872,u173,/event,289
11873,u090,/product,2
11874,u425,/mypage,137
11875,u394,/mypage,28
11876,u250,/event,124
11877,u153,/home,178
11878,u108,/cart,238
11879,u239,/home,27
11880,u340,/home,57
11881,u064,/cart,130
11882,u237,/event,118
11883,u393,/cart,135
11884,u124,/home,135
11885,u356,/mypage,248
11886,u069,/product,181
11887,u483,/cart,240
11888,u493,/mypage,173
11889,u206,/cart,54
11890,u115,/cart,139
11891,u332,/event,159
11892,u049,/event,274
11893,u169,/cart,240
11894,u110,/mypage,161
11895,u078,/product,75
11896,u275,/cart,191
11897,u179,/mypage,10
11898,u428,/mypage,177
11899,u249,/mypage,155
11900,u427,/event,186
11901,u476,/mypage,51
11902,u335,/event,207
11903,u023,/product,272
11904,u396,/cart,61
11905,u398,/product,211
11906,u086,/product,110
11907,u380,/cart,228
11908,u001,/cart,10
11909,u239,/home,129
11910,u206,/mypage,228
11911,u325,/home,131
11912,u374,/event,251
11913,u369,/product,149
11914,u064,/mypage,179
11915,u366,/cart,293
11916,u175,/home,266
11917,u365,/product,256
11918,u481,/cart,191
11919,u366,/event,19
11920,u063,/event,14
11921,u098,/mypage,199
11922,u052,/home,40
11923,u236,/cart,16
11924,u338,/home,54
11925,u225,/home,197
11926,u236,/mypage,139
11927,u295,/home,251
11928,u279,/event,92
11929,u484,/mypage,161
11930,u161,/home,204
11931,u463,/product,57
11932,u384,/cart,297
11933,u415,/product,282
11934,u395,/mypage,218
11935,u228,/event,128
11936,u181,/product,220
11937,u250,/product,189
11938,u451,/cart,270
11939,u305,/event,24
11940,u251,/home,233
11941,u066,/product,274
11942,u276,/product,139
11943,u399,/home,110
11944,u119,/cart,55
11945,u386,/product,4
11946,u039,/cart,98
11947,u025,/mypage,240
11948,u467,/cart,85
11949,u253,/cart,117
11950,u222,/event,116
11951,u161,/event,291
11952,u212,/event,33
11953,u487,/cart,267
11954,u494,/home,101
11955,u361,/home,27
11956,u469,/event,117
11957,u412,/cart,224
11958,u432,/cart,288
11959,u417,/product,200
11960,u423,/home,263
11961,u090,/cart,93
11962,u486,/event,122
11963,u460,/event,136
11964,u363,/home,73
11965,u454,/mypage,268
11966,u200,/event,299
11967,u054,/home,65
11968,u345,/product,101
11969,u408,/product,39
11970,u136,/product,166
11971,u444,/product,194
11972,u043,/home,300
11973,u251,/mypage,291
11974,u413,/product,171
11975,u415,/mypage,157
11976,u202,/cart,232
11977,u494,/cart,140
11978,u194,/cart,110
11979,u093,/cart,163
11980,u144,/cart,40
11981,u057,/mypage,50
11982,u409,/mypage,176
11983,u044,/product,196
11984,u472,/event,97
11985,u262,/home,174
11986,u074,/home,106
11987,u283,/mypage,52
11988,u354,/mypage,111
11989,u228,/event,263
11990,u155,/home,275
11991,u399,/cart,255
11992,u481,/home,134
11993,u196,/product,85
11994,u015,/home,134
11995,u339,/mypage,125
11996,u102,/product,166
11997,u137,/home,50
11998,u057,/product,227
11999,u087,/mypage,107
12000,u467,/event,6
12001,u101,/home,261
12002,u247,/event,150
12003,u240,/event,24
12004,u375,/mypage,6
12005,u216,/event,223
12006,u056,/mypage,122
12007,u398,/event,194
12008,u074,/mypage,192
12009,u002,/event,216
12010,u335,/event,34
12011,u326,/event,95
12012,u491,/home,256
12013,u076,/home,145
12014,u280,/mypage,265
12015,u203,/mypage,26
12016,u337,/cart,53
12017,u257,/event,295
12018,u114,/home,116
12019,u454,/product,199
12020,u433,/cart,169
12021,u408,/event,132
12022,u315,/event,240
12023,u153,/home,43
12024,u206,/home,166
12025,u368,/product,11
12026,u199,/cart,292
12027,u017,/mypage,250
12028,u331,/home,118
12029,u153,/product,173
12030,u417,/home,231
12031,u350,/home,64
12032,u283,/home,192
12033,u287,/mypage,52
12034,u097,/event,279
12035,u073,/mypage,201
12036,u238,/home,237
12037,u142,/product,61
12038,u492,/cart,127
12039,u035,/mypage,128
12040,u327,/event,71
12041,u400,/cart,88
12042,u206,/home,72
12043,u090,/home,217
12044,u293,/home,282
12045,u363,/mypage,234
12046,u188,/cart,264
12047,u006,/product,119
12048,u102,/cart,280
12049,u119,/mypage,153
12050,u099,/mypage,43
12051,u003,/event,186
12052,u230,/product,168
12053,u436,/home,246
12054,u160,/cart,130
12055,u194,/mypage,112
12056,u396,/cart,63
12057,u014,/product,42
12058,u156,/home,46
12059,u078,/mypage,126
12060,u097,/home,293
12061,u170,/cart,263
12062,u488,/mypage,247
12063,u290,/mypage,7
12064,u478,/product,174
12065,u414,/mypage,233
12066,u052,/event,253
12067,u042,/event,14
12068,u099,/home,177
12069,u211,/mypage,232
12070,u465,/home,294
12071,u156,/home,67
12072,u130,/event,3
12073,u169,/home,201
12074,u130,/mypage,119
12075,u390,/mypage,165
12076,u107,/product,230
12077,u198,/mypage,133
12078,u060,/mypage,233
12079,u392,/event,235
12080,u238,/event,32
12081,u005,/event,144
12082,u115,/cart,167
12083,u483,/mypage,233
12084,u347,/product,41
12085,u328,/event,122
12086,u023,/product,116
12087,u091,/cart,298
12088,u406,/event,232
12089,u171,/event,136
12090,u445,/cart,60
12091,u400,/home,155
12092,u278,/cart,274
12093,u440,/home,156
12094,u359,/event,112
12095,u432,/home,278
12096,u048,/cart,199
12097,u011,/cart,149
12098,u084,/event,27
12099,u233,/mypage,299
12100,u457,/cart,297
12101,u368,/cart,245
12102,u212,/home,54
12103,u056,/home,248
12104,u489,/mypage,243
12105,u201,/cart,231
12106,u186,/cart,180
12107,u215,/cart,237
12108,u077,/mypage,290
12109,u405,/event,78
12110,u086,/event,296
12111,u108,/cart,260
12112,u173,/cart,13
12113,u389,/product,297
12114,u006,/mypage,260
12115,u133,/event,271
12116,u440,/cart,214
12117,u006,/event,195
12118,u371,/mypage,94
12119,u473,/event,35
12120,u112,/mypage,68
12121,u477,/event,281
12122,u244,/home,227
12123,u453,/event,234
12124,u225,/mypage,192
12125,u240,/home,106
12126,u292,/mypage,209
12127,u074,/event,115
12128,u255,/event,95
12129,u451,/event,36
12130,u344,/home,29
12131,u485,/event,123
12132,u184,/home,67
12133,u284,/mypage,215
12134,u089,/product,17
12135,u209,/mypage,86
12136,u148,/product,84
12137,u119,/product,124
12138,u027,/product,111
12139,u316,/mypage,118
12140,u130,/cart,195
12141,u012,/event,15
12142,u428,/event,290
12143,u499,/cart,117
12144,u349,/home,205
12145,u314,/cart,67
12146,u098,/cart,225
12147,u276,/event,166
12148,u399,/product,157
12149,u047,/product,259
12150,u176,/product,247
12151,u367,/home,17
12152,u403,/event,136
12153,u130,/mypage,285
12154,u173,/cart,273
12155,u246,/cart,126
12156,u055,/home,297
12157,u324,/mypage,6
12158,u132,/product,186
12159,u180,/cart,74
12160,u272,/home,166
12161,u127,/event,211
12162,u390,/cart,68
12163,u187,/cart,16
12164,u246,/mypage,218
12165,u282,/mypage,229
12166,u279,/event,15
12167,u348,/product,22
12168,u118,/mypage,67
12169,u087,/home,128
12170,u455,/home,247
12171,u018,/home,167
12172,u287,/event,213
12173,u473,/product,296
12174,u339,/product,277
12175,u416,/event,290
12176,u269,/event,82
12177,u471,/mypage,255
12178,u104,/home,129
12179,u411,/product,159
12180,u291,/cart,210
12181,u089,/mypage,58
12182,u243,/mypage,201
12183,u159,/cart,59
12184,u219,/home,121
12185,u100,/product,278
12186,u286,/mypage,4
12187,u242,/home,10
12188,u166,/home,22
12189,u092,/mypage,250
12190,u160,/cart,41
12191,u077,/home,76
12192,u349,/product,2
12193,u043,/event,185
12194,u153,/cart,140
12195,u035,/event,142
12196,u272,/event,71
12197,u338,/home,29
12198,u445,/cart,208
12199,u213,/product,239
12200,u164,/home,51
12201,u183,/product,208
12202,u349,/mypage,230
12203,u130,/cart,88
12204,u423,/home,118
12205,u445,/event,29
12206,u247,/mypage,175
12207,u150,/mypage,97
12208,u104,/home,294
12209,u496,/cart,260
12210,u488,/event,73
12211,u462,/product,285
12212,u111,/event,274
12213,u363,/home,219
12214,u026,/home,133
12215,u172,/event,79
12216,u118,/product,206
12217,u249,/home,138
12218,u380,/mypage,176
12219,u257,/home,236
12220,u004,/home,187
12221,u023,/home,290
12222,u222,/event,248
12223,u343,/product,15
12224,u317,/product,180
12225,u038,/mypage,67
12226,u024,/home,288
12227,u080,/mypage,181
12228,u065,/product,117
12229,u361,/product,290
12230,u231,/home,138
12231,u295,/product,245
12232,u300,/cart,259
12233,u083,/mypage,53
12234,u176,/mypage,191
12235,u469,/cart,64
12236,u040,/event,109
12237,u411,/mypage,228
12238,u043,/cart,85
12239,u499,/home,239
12240,u172,/event,155
12241,u357,/home,159
12242,u469,/product,154
12243,u288,/event,122
12244,u299,/event,82
12245,u198,/product,178
12246,u308,/home,265
12247,u474,/mypage,122
12248,u355,/home,92
12249,u154,/mypage,241
12250,u373,/event,121
12251,u389,/event,237
12252,u246,/product,133
12253,u153,/product,157
12254,u102,/cart,156
12255,u319,/event,266
12256,u254,/product,193
12257,u186,/event,57
12258,u173,/event,158
12259,u115,/mypage,23
12260,u428,/product,293
12261,u025,/product,139
12262,u476,/mypage,10
12263,u329,/cart,65
12264,u151,/event,298
12265,u443,/event,26
12266,u321,/home,26
12267,u291,/cart,5
12268,u308,/home,215
12269,u358,/cart,248
12270,u117,/event,213
12271,u066,/cart,86
12272,u208,/event,71
12273,u065,/cart,134
12274,u305,/product,17
12275,u114,/event,119
12276,u028,/mypage,44
12277,u368,/cart,31
12278,u468,/home,171
12279,u076,/event,124
12280,u056,/home,236
12281,u095,/product,203
12282,u160,/home,133
12283,u252,/cart,216
12284,u293,/home,6
12285,u325,/home,268
12286,u137,/product,115
12287,u112,/cart,271
12288,u378,/cart,230
12289,u411,/cart,84
12290,u081,/mypage,276
12291,u327,/product,166
12292,u316,/event,213
12293,u467,/event,245
12294,u409,/home,181
12295,u128,/mypage,11
12296,u405,/product,86
12297,u221,/product,155
12298,u239,/product,207
12299,u167,/home,22
12300,u369,/product,74
12301,u310,/mypage,9
12302,u295,/home,29
12303,u222,/cart,233
12304,u209,/home,160
12305,u155,/product,232
12306,u258,/event,128
12307,u432,/cart,163
12308,u134,/home,146
12309,u091,/product,64
12310,u206,/mypage,253
12311,u307,/product,32
12312,u377,/event,227
12313,u487,/cart,138
12314,u485,/mypage,116
12315,u319,/product,157
12316,u490,/product,295
12317,u205,/mypage,10
12318,u142,/cart,109
12319,u379,/mypage,94
12320,u406,/cart,90
12321,u263,/event,286
12322,u356,/product,172
12323,u234,/product,128
12324,u424,/mypage,51
12325,u457,/product,127
12326,u011,/event,120
12327,u142,/cart,128
12328,u323,/product,26
12329,u093,/product,217
12330,u159,/home,92
12331,u079,/cart,244
12332,u478,/cart,12
12333,u325,/mypage,276
12334,u192,/product,235
12335,u081,/home,124
12336,u118,/cart,23
12337,u166,/home,205
12338,u025,/product,128
12339,u421,/product,168
12340,u050,/home,250
12341,u363,/home,188
12342,u485,/cart,167
12343,u274,/event,28
12344,u412,/mypage,137
12345,u325,/home,140
12346,u078,/product,154
12347,u485,/cart,202
12348,u157,/home,41
12349,u304,/mypage,81
12350,u191,/cart,45
12351,u068,/cart,120
12352,u262,/home,249
12353,u395,/mypage,39
12354,u301,/home,128
12355,u422,/cart,11
12356,u179,/product,159
12357,u313,/cart,36
12358,u316,/event,57
12359,u171,/event,161
12360,u184,/event,63
12361,u458,/event,222
12362,u409,/product,89
12363,u491,/mypage,68
12364,u143,/event,126
12365,u009,/event,62
12366,u382,/event,69
12367,u433,/home,275
12368,u337,/cart,222
12369,u122,/cart,68
12370,u005,/home,235
12371,u224,/home,161
12372,u022,/cart,79
12373,u029,/cart,288
12374,u338,/event,257
12375,u415,/cart,216
12376,u305,/event,236
12377,u450,/home,157
12378,u098,/product,217
12379,u013,/mypage,22
12380,u382,/mypage,20
12381,u056,/home,41
12382,u470,/cart,214
12383,u376,/home,26
12384,u376,/product,77
12385,u249,/mypage,269
12386,u257,/mypage,51
12387,u276,/mypage,107
12388,u020,/cart,201
12389,u337,/home,198
12390,u481,/product,285
12391,u268,/home,209
12392,u496,/mypage,243
12393,u363,/mypage,181
12394,u046,/mypage,181
12395,u478,/event,24
12396,u180,/home,196
12397,u172,/event,286
12398,u275,/product,195
12399,u246,/product,269
12400,u018,/home,246
12401,u487,/product,250
12402,u081,/home,284
12403,u058,/cart,230
12404,u080,/product,235
12405,u108,/cart,216
12406,u145,/home,239
12407,u265,/product,15
12408,u492,/mypage,114
12409,u026,/event,228
12410,u488,/mypage,300
12411,u322,/mypage,191
12412,u053,/cart,178
12413,u146,/mypage,281
12414,u105,/event,237
12415,u457,/home,134
12416,u199,/event,135
12417,u289,/home,223
12418,u195,/mypage,264
12419,u371,/event,231
12420,u191,/home,288
12421,u173,/event,52
12422,u044,/event,156
12423,u182,/event,24
12424,u180,/mypage,188
12425,u421,/event,107
12426,u156,/product,46
12427,u258,/home,225
12428,u108,/mypage,76
12429,u009,/home,69
12430,u179,/mypage,178
12431,u220,/cart,110
12432,u123,/event,245
12433,u247,/product,10
12434,u347,/product,51
12435,u194,/event,286
12436,u247,/home,83
12437,u430,/event,56
12438,u191,/cart,281
12439,u247,/product,7
12440,u437,/home,74
12441,u135,/home,71
12442,u489,/cart,149
12443,u173,/cart,13
12444,u337,/home,176
12445,u152,/mypage,17
12446,u260,/home,289
12447,u301,/mypage,107
12448,u291,/event,206
12449,u324,/event,122
12450,u267,/mypage,245
12451,u070,/cart,194
12452,u050,/event,110
12453,u007,/product,145
12454,u128,/mypage,113
12455,u396,/home,15
12456,u016,/mypage,41
12457,u150,/product,161
12458,u081,/mypage,158
12459,u317,/product,10
12460,u252,/cart,55
12461,u225,/mypage,290
12462,u493,/event,161
12463,u139,/event,199
12464,u079,/mypage,255
12465,u355,/product,184
12466,u052,/mypage,194
12467,u081,/product,173
12468,u080,/event,168
12469,u324,/event,29
12470,u003,/product,66
12471,u128,/home,67
12472,u115,/cart,20
12473,u191,/event,240
12474,u232,/home,95
12475,u185,/home,189
12476,u266,/mypage,23
12477,u423,/cart,53
12478,u473,/mypage,85
12479,u396,/mypage,7
12480,u173,/home,212
12481,u207,/event,23
12482,u364,/mypage,59
12483,u436,/product,112
12484,u297,/product,250
12485,u270,/mypage,151
12486,u395,/cart,249
12487,u326,/mypage,18
12488,u299,/mypage,196
12489,u410,/product,214
12490,u043,/cart,72
12491,u243,/event,166
12492,u425,/mypage,145
12493,u156,/cart,80
12494,u008,/product,82
12495,u410,/cart,285
12496,u077,/cart,275
12497,u279,/event,98
12498,u371,/home,126
12499,u445,/event,121
12500,u237,/home,154
12501,u188,/home,116
12502,u483,/home,57
12503,u468,/mypage,17
12504,u357,/product,195
12505,u348,/event,63
12506,u472,/cart,63
12507,u310,/product,294
12508,u210,/home,197
12509,u044,/home,136
12510,u233,/home,257
12511,u291,/home,53
12512,u418,/mypage,65
12513,u376,/cart,194
12514,u490,/mypage,74
12515,u455,/cart,249
12516,u210,/mypage,283
12517,u343,/product,149
12518,u033,/home,113
12519,u135,/home,144
12520,u048,/product,36
12521,u265,/home,57
12522,u484,/mypage,54
12523,u160,/home,176
12524,u472,/home,119
12525,u081,/cart,60
12526,u228,/mypage,2
12527,u159,/cart,231
12528,u020,/mypage,185
12529,u213,/home,294
12530,u382,/cart,25
12531,u414,/event,233
12532,u052,/cart,258
12533,u235,/mypage,109
12534,u036,/home,102
12535,u054,/cart,182
12536,u391,/event,140
12537,u162,/event,65
12538,u485,/product,235
12539,u168,/event,138
12540,u405,/home,233
12541,u372,/cart,14
12542,u114,/product,231
12543,u136,/cart,298
12544,u315,/mypage,231
12545,u002,/mypage,118
12546,u127,/mypage,55
12547,u363,/product,202
12548,u383,/mypage,148
12549,u046,/product,208
12550,u494,/cart,37
12551,u003,/event,9
12552,u115,/product,219
12553,u389,/event,180
12554,u120,/home,285
12555,u024,/cart,251
12556,u474,/event,124
12557,u045,/home,42
12558,u014,/mypage,208
12559,u330,/cart,152
12560,u209,/home,85
12561,u165,/product,203
12562,u020,/event,148
12563,u011,/home,144
12564,u226,/cart,267
12565,u205,/event,154
12566,u449,/mypage,194
12567,u397,/mypage,266
12568,u303,/cart,261
12569,u130,/mypage,36
12570,u240,/home,127
12571,u208,/home,13
12572,u028,/event,240
12573,u003,/home,228
12574,u249,/product,247
12575,u161,/mypage,159
12576,u305,/product,104
12577,u418,/home,228
12578,u271,/home,57
12579,u477,/home,227
12580,u055,/mypage,217
12581,u427,/home,19
12582,u143,/mypage,13
12583,u088,/home,138
12584,u147,/cart,45
12585,u484,/cart,172
12586,u435,/mypage,217
12587,u230,/cart,117
12588,u119,/product,266
12589,u156,/mypage,209
12590,u360,/cart,192
12591,u482,/product,118
12592,u291,/home,246
12593,u398,/home,109
12594,u373,/product,185
12595,u125,/home,29
12596,u160,/mypage,300
12597,u299,/product,197
12598,u321,/event,179
12599,u110,/event,58
12600,u491,/mypage,245
12601,u332,/event,121
12602,u054,/event,111
12603,u493,/mypage,156
12604,u391,/event,80
12605,u140,/mypage,254
12606,u368,/product,101
12607,u406,/mypage,179
12608,u434,/mypage,193
12609,u440,/cart,125
12610,u428,/mypage,79
12611,u444,/event,199
12612,u284,/event,48
12613,u134,/home,124
12614,u141,/mypage,103
12615,u406,/home,247
12616,u470,/mypage,200
12617,u226,/home,221
12618,u004,/cart,187
12619,u287,/home,245
12620,u447,/product,164
12621,u237,/mypage,65
12622,u061,/home,199
12623,u070,/cart,13
12624,u202,/mypage,286
12625,u314,/product,190
12626,u385,/cart,202
12627,u155,/event,107
12628,u420,/mypage,274
12629,u356,/mypage,230
12630,u008,/home,152
12631,u340,/cart,185
12632,u249,/home,119
12633,u307,/product,129
12634,u339,/product,244
12635,u357,/home,277
12636,u203,/event,299
12637,u495,/product,186
12638,u165,/product,29
12639,u169,/home,89
12640,u200,/home,4
12641,u025,/home,57
12642,u342,/home,43
12643,u419,/cart,218
12644,u038,/event,37
12645,u434,/mypage,236
12646,u099,/mypage,133
12647,u404,/cart,264
12648,u042,/product,45
12649,u438,/product,1
12650,u025,/mypage,263
12651,u072,/product,272
12652,u438,/cart,193
12653,u427,/mypage,27
12654,u392,/mypage,208
12655,u245,/product,101
12656,u346,/product,38
12657,u032,/cart,135
12658,u271,/home,253
12659,u347,/event,126
12660,u322,/event,186
12661,u497,/cart,215
12662,u036,/mypage,71
12663,u065,/home,272
12664,u281,/product,72
12665,u011,/event,110
12666,u385,/home,270
12667,u373,/event,148
12668,u063,/event,197
12669,u033,/product,15
12670,u080,/product,212
12671,u135,/home,224
12672,u312,/product,217
12673,u260,/product,163
12674,u468,/mypage,34
12675,u212,/event,223
12676,u141,/home,125
12677,u076,/product,296
12678,u342,/home,293
12679,u376,/product,92
12680,u176,/product,274
12681,u077,/event,233
12682,u467,/home,90
12683,u195,/mypage,124
12684,u237,/mypage,134
12685,u310,/mypage,291
12686,u165,/product,96
12687,u161,/product,213
12688,u390,/cart,133
12689,u155,/mypage,143
12690,u390,/product,220
12691,u393,/mypage,223
12692,u260,/home,60
12693,u039,/cart,114
12694,u114,/home,219
12695,u132,/home,267
12696,u013,/cart,288
12697,u256,/event,44
12698,u431,/cart,163
12699,u360,/cart,29
12700,u395,/event,86
12701,u400,/event,272
12702,u246,/mypage,27
12703,u088,/cart,296
12704,u051,/product,9
12705,u366,/cart,200
12706,u489,/product,240
12707,u087,/home,212
12708,u092,/event,203
12709,u372,/home,111
12710,u075,/product,166
12711,u261,/cart,38
12712,u275,/home,90
12713,u319,/cart,177
12714,u337,/mypage,291
12715,u488,/event,240
12716,u395,/product,234
12717,u497,/mypage,101
12718,u309,/cart,251
12719,u437,/mypage,162
12720,u391,/cart,35
12721,u289,/product,131
12722,u369,/event,138
12723,u350,/home,38
12724,u033,/event,111
12725,u201,/event,7
12726,u112,/mypage,218
12727,u076,/cart,202
12728,u491,/event,221
12729,u054,/home,83
12730,u187,/mypage,150
12731,u374,/product,106
12732,u107,/home,8
12733,u279,/home,186
12734,u204,/product,17
12735,u381,/mypage,75
12736,u296,/product,130
12737,u327,/mypage,72
12738,u262,/event,115
12739,u493,/product,57
12740,u021,/event,268
12741,u269,/product,43
12742,u088,/event,118
12743,u367,/event,181
12744,u391,/cart,279
12745,u179,/product,95
12746,u002,/event,69
12747,u004,/home,230
12748,u433,/home,282
12749,u152,/product,279
12750,u241,/cart,36
12751,u224,/product,251
12752,u314,/event,108
12753,u323,/event,168
12754,u034,/product,168
12755,u181,/cart,47
12756,u351,/home,10
12757,u490,/cart,42
12758,u017,/mypage,59
12759,u317,/cart,276
12760,u394,/cart,66
12761,u066,/event,89
12762,u107,/home,7
12763,u108,/event,6
12764,u232,/product,67
12765,u124,/cart,20
12766,u079,/mypage,119
12767,u002,/product,140
12768,u350,/product,141
12769,u102,/event,170
12770,u414,/product,295
12771,u059,/event,294
12772,u073,/mypage,16
12773,u443,/mypage,58
12774,u447,/event,203
12775,u114,/home,217
12776,u431,/event,198
12777,u429,/mypage,242
12778,u373,/cart,5
12779,u128,/product,1
12780,u131,/cart,143
12781,u466,/cart,33
12782,u483,/home,200
12783,u051,/event,201
12784,u136,/mypage,238
12785,u003,/home,280
12786,u148,/cart,170
12787,u283,/home,52
12788,u169,/home,251
12789,u209,/cart,74
12790,u298,/event,88
12791,u265,/home,67
12792,u152,/home,61
12793,u184,/home,163
12794,u419,/home,209
12795,u316,/mypage,213
12796,u051,/product,63
12797,u169,/product,170
12798,u191,/product,126
12799,u357,/product,69
12800,u339,/mypage,25
12801,u167,/mypage,281
12802,u099,/event,228
12803,u326,/cart,121
12804,u180,/cart,30
12805,u489,/cart,255
12806,u208,/product,175
12807,u383,/product,187
12808,u024,/home,45
12809,u060,/cart,82
12810,u419,/cart,164
12811,u260,/event,93
12812,u238,/event,279
12813,u283,/mypage,91
12814,u206,/home,114
12815,u043,/event,142
12816,u273,/mypage,10
12817,u497,/product,11
12818,u131,/cart,274
12819,u457,/mypage,4
12820,u362,/mypage,242
12821,u061,/mypage,222
12822,u035,/cart,68
12823,u092,/mypage,113
12824,u189,/cart,152
12825,u339,/cart,93
12826,u024,/cart,181
12827,u289,/event,227
12828,u165,/event,254
12829,u307,/mypage,46
12830,u055,/product,230
12831,u304,/mypage,115
12832,u010,/cart,170
12833,u240,/event,74
12834,u227,/cart,167
12835,u393,/home,45
12836,u200,/home,282
12837,u292,/cart,272
12838,u293,/event,20
12839,u409,/home,179
12840,u338,/product,93
12841,u060,/product,104
12842,u195,/mypage,193
12843,u032,/home,264
12844,u101,/cart,235
12845,u222,/home,67
12846,u344,/mypage,296
12847,u455,/mypage,117
12848,u004,/event,144
12849,u200,/home,60
12850,u383,/product,293
12851,u310,/event,296
12852,u453,/mypage,65
12853,u239,/home,169
12854,u357,/event,25
12855,u468,/product,109
12856,u267,/event,277
12857,u452,/mypage,181
12858,u452,/product,263
12859,u188,/mypage,263
12860,u204,/mypage,54
12861,u280,/cart,121
12862,u497,/mypage,240
12863,u203,/product,27
12864,u365,/mypage,5
12865,u331,/home,241
12866,u122,/event,146
12867,u316,/mypage,153
12868,u401,/cart,161
12869,u237,/cart,159
12870,u142,/home,23
12871,u232,/event,298
12872,u464,/product,219
12873,u070,/event,176
12874,u146,/product,153
12875,u394,/event,182
12876,u291,/home,201
12877,u016,/cart,128
12878,u175,/mypage,264
12879,u108,/mypage,265
12880,u169,/mypage,28
12881,u237,/mypage,294
12882,u495,/event,187
12883,u260,/cart,231
12884,u260,/product,255
12885,u169,/event,283
12886,u037,/event,245
12887,u270,/cart,112
12888,u157,/home,251
12889,u431,/product,30
12890,u227,/home,239
12891,u239,/event,49
12892,u451,/product,162
12893,u337,/home,2
12894,u252,/mypage,274
12895,u112,/event,299
12896,u081,/product,98
12897,u102,/mypage,165
12898,u145,/home,121
12899,u463,/product,210
12900,u298,/mypage,175
12901,u067,/mypage,171
12902,u350,/home,96
12903,u115,/home,71
12904,u477,/event,162
12905,u101,/product,235
12906,u122,/cart,170
12907,u415,/home,146
12908,u320,/event,80
12909,u135,/mypage,28
12910,u097,/product,66
12911,u126,/cart,247
12912,u250,/home,150
12913,u218,/mypage,169
12914,u454,/home,300
12915,u125,/cart,161
12916,u189,/cart,232
12917,u022,/product,19
12918,u021,/event,59
12919,u241,/cart,38
12920,u100,/event,159
12921,u136,/cart,289
12922,u141,/event,201
12923,u057,/product,56
12924,u283,/mypage,128
12925,u475,/mypage,48
12926,u490,/product,245
12927,u347,/home,215
12928,u167,/home,225
12929,u377,/event,53
12930,u464,/product,87
12931,u446,/product,278
12932,u333,/product,14
12933,u187,/event,152
12934,u146,/event,286
12935,u356,/cart,128
12936,u344,/home,132
12937,u190,/cart,166
12938,u416,/cart,298
12939,u171,/home,65
12940,u497,/event,109
12941,u362,/cart,220
12942,u004,/event,256
12943,u250,/mypage,160
12944,u473,/product,119
12945,u331,/product,250
12946,u210,/product,296
12947,u371,/mypage,32
12948,u135,/event,19
12949,u015,/mypage,92
12950,u356,/product,205
12951,u290,/event,73
12952,u486,/event,289
12953,u009,/product,95
12954,u077,/home,289
12955,u228,/cart,173
12956,u347,/home,206
12957,u054,/event,20
12958,u222,/event,13
12959,u470,/home,175
12960,u348,/home,89
12961,u020,/home,107
12962,u300,/product,130
12963,u159,/mypage,17
12964,u235,/event,244
12965,u458,/product,59
12966,u196,/product,38
12967,u283,/product,122
12968,u387,/product,38
12969,u380,/mypage,81
12970,u296,/event,76
12971,u058,/home,173
12972,u115,/home,246
12973,u044,/product,89
12974,u471,/event,22
12975,u444,/home,287
12976,u065,/product,262
12977,u120,/event,228
12978,u384,/cart,94
12979,u233,/home,162
12980,u147,/mypage,287
12981,u166,/event,278
12982,u275,/event,86
12983,u457,/mypage,75
12984,u032,/event,100
12985,u078,/product,266
12986,u426,/home,41
12987,u086,/event,296
12988,u284,/home,150
12989,u133,/event,215
12990,u188,/mypage,297
12991,u166,/product,139
12992,u252,/event,7
12993,u433,/mypage,214
12994,u420,/home,219
12995,u454,/cart,226
12996,u080,/cart,176
12997,u091,/cart,237
12998,u112,/event,282
12999,u239,/cart,241
13000,u254,/mypage,275
13001,u134,/home,227
13002,u002,/mypage,140
13003,u214,/cart,246
13004,u240,/event,28
13005,u223,/home,73
13006,u464,/mypage,264
13007,u257,/mypage,233
13008,u489,/product,280
13009,u157,/product,205
13010,u268,/home,70
13011,u263,/product,206
13012,u352,/home,194
13013,u132,/home,225
13014,u014,/home,175
13015,u101,/event,39
13016,u331,/mypage,218
13017,u018,/cart,199
13018,u374,/event,278
13019,u264,/home,104
13020,u039,/event,194
13021,u157,/event,296
13022,u430,/cart,33
13023,u074,/event,299
13024,u269,/product,64
13025,u451,/product,135
13026,u069,/mypage,185
13027,u122,/cart,139
13028,u043,/event,10
13029,u044,/mypage,44
13030,u316,/mypage,134
13031,u285,/home,268
13032,u226,/home,61
13033,u242,/home,264
13034,u400,/event,249
13035,u447,/home,188
13036,u088,/home,246
13037,u240,/home,29
13038,u242,/cart,30
13039,u146,/product,116
13040,u218,/mypage,297
13041,u191,/event,195
13042,u232,/product,151
13043,u212,/home,28
13044,u168,/home,47
13045,u018,/mypage,1
13046,u027,/event,27
13047,u418,/home,255
13048,u285,/cart,15
13049,u372,/product,7
13050,u191,/home,77
13051,u179,/cart,290
13052,u243,/product,118
13053,u361,/mypage,90
13054,u017,/home,7
13055,u346,/product,241
13056,u187,/mypage,243
13057,u138,/event,171
13058,u328,/product,217
13059,u165,/mypage,232
13060,u384,/cart,131
13061,u426,/product,178
13062,u078,/event,133
13063,u343,/product,29
13064,u145,/home,208
13065,u146,/home,179
13066,u399,/product,226
13067,u150,/home,188
13068,u048,/product,123
13069,u235,/mypage,118
13070,u445,/event,217
13071,u408,/event,294
13072,u395,/mypage,230
13073,u195,/mypage,59
13074,u381,/event,3
13075,u429,/mypage,164
13076,u176,/event,46
13077,u414,/event,155
13078,u307,/home,186
13079,u267,/cart,201
13080,u265,/mypage,41
13081,u141,/cart,18
13082,u264,/home,109
13083,u490,/cart,258
13084,u206,/product,146
13085,u377,/home,183
13086,u228,/cart,136
13087,u170,/home,290
13088,u317,/mypage,286
13089,u224,/product,94
13090,u133,/cart,125
13091,u163,/product,226
13092,u378,/mypage,56
13093,u050,/home,47
13094,u355,/home,266
13095,u191,/home,274
13096,u129,/event,218
13097,u460,/mypage,284
13098,u343,/cart,114
13099,u420,/product,40
13100,u125,/cart,296
13101,u211,/home,257
13102,u341,/product,27
13103,u420,/event,102
13104,u334,/cart,273
13105,u005,/home,80
13106,u076,/event,136
13107,u080,/cart,254
13108,u340,/product,5
13109,u172,/cart,152
13110,u280,/product,295
13111,u265,/event,281
13112,u443,/home,73
13113,u496,/home,145
13114,u241,/cart,277
13115,u144,/event,157
13116,u198,/home,151
13117,u090,/mypage,127
13118,u479,/event,54
13119,u247,/mypage,130
13120,u350,/event,93
13121,u042,/cart,221
13122,u041,/event,94
13123,u256,/cart,275
13124,u025,/cart,177
13125,u410,/product,93
13126,u217,/event,220
13127,u318,/mypage,266
13128,u333,/mypage,233
13129,u302,/mypage,269
13130,u237,/event,170
13131,u151,/cart,169
13132,u263,/cart,232
13133,u389,/cart,36
13134,u121,/cart,3
13135,u060,/mypage,70
13136,u370,/mypage,110
13137,u213,/home,169
13138,u493,/mypage,223
13139,u094,/event,171
13140,u340,/home,298
13141,u107,/cart,193
13142,u459,/product,265
13143,u309,/home,57
13144,u079,/cart,271
13145,u147,/cart,246
13146,u310,/product,217
13147,u369,/cart,209
13148,u061,/home,185
13149,u210,/mypage,206
13150,u070,/product,123
13151,u445,/home,239
13152,u015,/event,172
13153,u315,/cart,266
13154,u016,/cart,119
13155,u053,/event,18
13156,u068,/product,231
13157,u326,/cart,124
13158,u128,/home,110
13159,u429,/event,91
13160,u414,/event,35
13161,u275,/event,83
13162,u146,/cart,234
13163,u447,/cart,215
13164,u097,/home,54
13165,u067,/home,108
13166,u279,/home,252
13167,u279,/product,286
13168,u463,/event,277
13169,u389,/home,203
13170,u214,/home,164
13171,u357,/cart,178
13172,u319,/mypage,170
13173,u263,/event,193
13174,u119,/cart,222
13175,u167,/cart,41
13176,u268,/home,85
13177,u322,/mypage,268
13178,u091,/cart,72
13179,u039,/product,268
13180,u361,/mypage,196
13181,u222,/mypage,22
13182,u467,/cart,140
13183,u200,/mypage,270
13184,u390,/cart,90
13185,u275,/mypage,81
13186,u355,/mypage,147
13187,u230,/home,169
13188,u079,/home,125
13189,u041,/product,86
13190,u418,/mypage,277
13191,u285,/event,47
13192,u406,/product,108
13193,u382,/product,9
13194,u107,/event,196
13195,u268,/event,151
13196,u065,/event,247
13197,u280,/event,70
13198,u219,/mypage,174
13199,u096,/event,74
13200,u271,/event,194
13201,u015,/product,77
13202,u004,/mypage,248
13203,u230,/mypage,116
13204,u426,/cart,225
13205,u497,/home,4
13206,u209,/product,275
13207,u117,/product,137
13208,u327,/cart,189
13209,u246,/product,176
13210,u457,/event,89
13211,u099,/product,232
13212,u256,/home,29
13213,u131,/cart,110
13214,u174,/mypage,183
13215,u362,/mypage,241
13216,u112,/home,65
13217,u398,/event,113
13218,u382,/product,88
13219,u282,/cart,230
13220,u473,/home,160
13221,u364,/product,131
13222,u022,/product,170
13223,u176,/cart,149
13224,u466,/event,267
13225,u310,/product,297
13226,u408,/event,235
13227,u333,/home,151
13228,u054,/home,213
13229,u245,/mypage,276
13230,u438,/home,185
13231,u404,/mypage,216
13232,u327,/cart,205
13233,u446,/event,120
13234,u271,/event,176
13235,u195,/mypage,6
13236,u153,/cart,264
13237,u344,/cart,221
13238,u256,/product,107
13239,u096,/product,37
13240,u494,/product,146
13241,u279,/mypage,170
13242,u181,/mypage,239
13243,u471,/event,15
13244,u006,/event,83
13245,u123,/mypage,135
13246,u482,/cart,299
13247,u431,/mypage,143
13248,u491,/product,216
13249,u141,/home,250
13250,u212,/home,285
13251,u305,/cart,106
13252,u031,/home,66
13253,u484,/home,116
13254,u441,/product,295
13255,u262,/home,61
13256,u124,/mypage,256
13257,u047,/event,74
13258,u279,/product,127
13259,u183,/event,282
13260,u320,/home,165
13261,u457,/mypage,39
13262,u020,/mypage,9
13263,u485,/home,188
13264,u420,/product,106
13265,u235,/cart,102
13266,u167,/event,235
13267,u011,/product,231
13268,u252,/product,262
13269,u393,/event,37
13270,u164,/event,188
13271,u312,/event,189
13272,u237,/mypage,152
13273,u181,/event,175
13274,u291,/cart,292
13275,u190,/cart,14
13276,u457,/cart,166
13277,u460,/product,199
13278,u069,/mypage,43
13279,u227,/home,154
13280,u264,/cart,147
13281,u460,/home,287
13282,u115,/mypage,177
13283,u483,/product,161
13284,u068,/cart,74
13285,u415,/home,233
13286,u458,/mypage,257
13287,u084,/home,202
13288,u333,/cart,50
13289,u448,/home,95
13290,u048,/cart,192
13291,u252,/cart,152
13292,u164,/product,31
13293,u412,/product,21
13294,u405,/product,243
13295,u323,/event,135
13296,u238,/product,14
13297,u263,/mypage,73
13298,u154,/home,97
13299,u422,/cart,124
13300,u089,/home,87
13301,u378,/cart,147
13302,u005,/product,299
13303,u103,/event,120
13304,u149,/home,295
13305,u129,/home,91
13306,u409,/home,283
13307,u462,/home,186
13308,u368,/product,182
13309,u245,/mypage,163
13310,u299,/mypage,32
13311,u363,/home,145
13312,u474,/event,130
13313,u046,/product,122
13314,u463,/product,167
13315,u155,/event,5
13316,u045,/mypage,45
13317,u489,/home,105
13318,u410,/cart,120
13319,u135,/mypage,188
13320,u243,/home,104
13321,u110,/mypage,222
13322,u355,/product,237
13323,u219,/mypage,213
13324,u045,/product,253
13325,u123,/cart,66
13326,u060,/home,78
13327,u014,/product,45
13328,u453,/product,258
13329,u043,/product,21
13330,u048,/cart,157
13331,u287,/home,84
13332,u317,/mypage,26
13333,u285,/mypage,271
13334,u365,/home,297
13335,u195,/event,155
13336,u415,/cart,81
13337,u097,/home,294
13338,u056,/mypage,19
13339,u263,/product,36
13340,u344,/product,99
13341,u165,/event,288
13342,u373,/product,49
13343,u227,/product,120
13344,u390,/event,205
13345,u251,/home,154
13346,u499,/home,248
13347,u044,/home,112
13348,u354,/mypage,289
13349,u048,/mypage,59
13350,u455,/mypage,246
13351,u149,/home,165
13352,u417,/home,58
13353,u123,/product,82
13354,u012,/product,140
13355,u488,/cart,189
13356,u221,/home,253
13357,u040,/cart,266
13358,u244,/event,177
13359,u030,/event,233
13360,u178,/product,184
13361,u363,/event,78
13362,u116,/home,194
13363,u388,/product,61
13364,u202,/home,101
13365,u340,/event,258
13366,u373,/home,48
13367,u334,/home,162
13368,u395,/event,16
13369,u489,/product,294
13370,u314,/event,106
13371,u031,/event,205
13372,u446,/event,12
13373,u007,/cart,144
13374,u207,/mypage,204
13375,u204,/mypage,126
13376,u441,/product,127
13377,u112,/event,31
13378,u015,/event,56
13379,u381,/cart,268
13380,u420,/home,14
13381,u297,/event,34
13382,u141,/home,287
13383,u216,/product,128
13384,u094,/product,153
13385,u111,/home,208
13386,u173,/mypage,252
13387,u151,/cart,278
13388,u356,/mypage,283
13389,u099,/mypage,88
13390,u125,/event,172
13391,u308,/home,296
13392,u253,/product,73
13393,u269,/cart,278
13394,u430,/product,192
13395,u282,/cart,141
13396,u183,/cart,58
13397,u109,/mypage,59
13398,u458,/mypage,216
13399,u401,/home,110
13400,u471,/cart,266
13401,u442,/product,121
13402,u220,/event,278
13403,u288,/product,281
13404,u364,/event,101
13405,u203,/mypage,99
13406,u075,/product,273
13407,u009,/home,133
13408,u356,/product,211
13409,u131,/event,187
13410,u266,/cart,212
13411,u216,/cart,265
13412,u221,/event,137
13413,u051,/event,119
13414,u252,/home,67
13415,u020,/event,117
13416,u055,/event,171
13417,u177,/product,295
13418,u227,/event,205
13419,u020,/home,134
13420,u184,/mypage,155
13421,u003,/mypage,53
13422,u057,/cart,130
13423,u410,/home,190
13424,u225,/product,279
13425,u058,/cart,110
13426,u360,/event,36
13427,u038,/event,276
13428,u196,/home,53
13429,u158,/event,16
13430,u441,/product,193
13431,u039,/home,265
13432,u312,/product,205
13433,u384,/home,171
13434,u175,/cart,139
13435,u195,/cart,133
13436,u090,/event,257
13437,u497,/product,195
13438,u260,/cart,119
13439,u256,/event,46
13440,u137,/home,102
13441,u149,/cart,162
13442,u144,/cart,291
13443,u182,/event,218
13444,u015,/home,119
13445,u004,/home,48
13446,u308,/event,71
13447,u078,/event,77
13448,u490,/product,268
13449,u193,/mypage,242
13450,u465,/cart,65
13451,u354,/home,228
13452,u381,/product,200
13453,u409,/mypage,119
13454,u274,/cart,29
13455,u483,/mypage,167
13456,u429,/event,11
13457,u405,/mypage,100
13458,u133,/home,294
13459,u044,/event,185
13460,u017,/mypage,59
13461,u036,/product,211
13462,u412,/cart,10
13463,u124,/cart,271
13464,u322,/cart,288
13465,u140,/product,243
13466,u417,/event,18
13467,u008,/event,89
13468,u415,/event,293
13469,u170,/mypage,172
13470,u449,/home,157
13471,u416,/product,182
13472,u131,/cart,199
13473,u220,/mypage,169
13474,u151,/product,44
13475,u380,/event,182
13476,u433,/event,67
13477,u244,/cart,87
13478,u257,/home,7
13479,u058,/event,35
13480,u332,/event,105
13481,u139,/cart,237
13482,u297,/cart,164
13483,u300,/product,120
13484,u161,/home,210
13485,u365,/product,283
13486,u117,/product,217
13487,u143,/mypage,250
13488,u368,/home,24
13489,u028,/home,228
13490,u007,/event,285
13491,u495,/home,65
13492,u350,/mypage,146
13493,u326,/cart,230
13494,u208,/home,123
13495,u021,/cart,290
13496,u155,/mypage,145
13497,u047,/cart,89
13498,u321,/product,161
13499,u366,/cart,77
13500,u404,/mypage,104
13501,u328,/product,248
13502,u087,/mypage,242
13503,u366,/cart,208
13504,u338,/event,294
13505,u285,/home,107
13506,u025,/product,213
13507,u454,/cart,194
13508,u141,/event,242
13509,u050,/home,175
13510,u266,/mypage,67
13511,u453,/home,269
13512,u444,/event,20
13513,u346,/mypage,143
13514,u038,/home,250
13515,u373,/mypage,62
13516,u060,/event,62
13517,u039,/cart,206
13518,u132,/cart,196
13519,u365,/home,53
13520,u299,/mypage,124
13521,u031,/mypage,235
13522,u186,/cart,89
13523,u375,/cart,251
13524,u109,/mypage,280
13525,u440,/cart,95
13526,u124,/event,248
13527,u497,/cart,287
13528,u346,/event,235
13529,u003,/home,241
13530,u287,/mypage,62
13531,u324,/product,175
13532,u125,/product,172
13533,u477,/home,81
13534,u045,/mypage,16
13535,u282,/product,85
13536,u208,/event,293
13537,u498,/mypage,31
13538,u315,/event,208
13539,u211,/home,76
13540,u278,/event,185
13541,u467,/product,282
13542,u111,/mypage,185
13543,u236,/home,210
13544,u158,/event,272
13545,u069,/home,1
13546,u425,/home,97
13547,u350,/event,5
13548,u426,/mypage,11
13549,u229,/home,126
13550,u250,/mypage,32
13551,u271,/mypage,214
13552,u471,/event,297
13553,u116,/product,19
13554,u256,/home,293
13555,u494,/mypage,121
13556,u140,/mypage,139
13557,u305,/product,223
13558,u252,/cart,277
13559,u226,/event,91
13560,u316,/event,178
13561,u031,/event,147
13562,u345,/cart,175
13563,u203,/cart,227
13564,u069,/event,242
13565,u203,/cart,142
13566,u046,/mypage,262
13567,u083,/mypage,53
13568,u229,/mypage,139
13569,u256,/event,296
13570,u180,/home,21
13571,u100,/cart,171
13572,u392,/product,77
13573,u032,/product,224
13574,u500,/product,204
13575,u314,/product,30
13576,u111,/product,200
13577,u340,/cart,177
13578,u088,/cart,227
13579,u115,/product,6
13580,u314,/home,237
13581,u386,/cart,21
13582,u376,/event,117
13583,u172,/home,222
13584,u264,/cart,76
13585,u332,/product,140
13586,u239,/event,246
13587,u189,/home,65
13588,u176,/mypage,103
13589,u247,/mypage,13
13590,u032,/cart,108
13591,u205,/event,107
13592,u100,/product,253
13593,u223,/product,112
13594,u133,/product,77
13595,u273,/cart,205
13596,u082,/mypage,119
13597,u239,/product,113
13598,u255,/product,96
13599,u173,/mypage,107
13600,u053,/home,120
13601,u415,/product,242
13602,u423,/home,4
13603,u279,/mypage,160
13604,u073,/product,129
13605,u480,/home,105
13606,u381,/event,6
13607,u137,/product,98
13608,u120,/product,64
13609,u324,/mypage,264
13610,u108,/mypage,144
13611,u188,/event,43
13612,u066,/cart,250
13613,u457,/mypage,7
13614,u138,/event,113
13615,u226,/home,269
13616,u411,/cart,59
13617,u245,/event,293
13618,u338,/event,277
13619,u009,/event,152
13620,u190,/cart,158
13621,u155,/product,50
13622,u189,/event,277
13623,u406,/product,238
13624,u318,/product,223
13625,u149,/home,166
13626,u106,/product,231
13627,u102,/mypage,220
13628,u268,/mypage,186
13629,u316,/product,135
13630,u372,/product,270
13631,u285,/product,293
13632,u020,/product,234
13633,u315,/mypage,240
13634,u468,/mypage,112
13635,u347,/product,42
13636,u356,/cart,12
13637,u122,/product,49
13638,u305,/mypage,192
13639,u388,/mypage,216
13640,u494,/cart,186
13641,u400,/home,16
13642,u066,/cart,6
13643,u203,/event,223
13644,u449,/mypage,208
13645,u327,/home,207
13646,u331,/event,115
13647,u153,/event,214
13648,u242,/home,153
13649,u425,/mypage,296
13650,u348,/mypage,220
13651,u127,/product,287
13652,u299,/cart,46
13653,u456,/home,119
13654,u271,/cart,95
13655,u159,/product,241
13656,u196,/product,79
13657,u053,/cart,181
13658,u290,/event,124
13659,u465,/event,152
13660,u106,/mypage,213
13661,u117,/mypage,132
13662,u315,/cart,148
13663,u004,/product,285
13664,u289,/cart,165
13665,u404,/cart,213
13666,u186,/event,189
13667,u102,/home,241
13668,u030,/mypage,252
13669,u112,/home,28
13670,u077,/home,9
13671,u340,/product,240
13672,u482,/product,195
13673,u344,/event,114
13674,u350,/product,180
13675,u377,/event,237
13676,u105,/product,88
13677,u485,/product,146
13678,u471,/mypage,232
13679,u138,/mypage,110
13680,u307,/home,219
13681,u342,/event,3
13682,u409,/home,298
13683,u064,/home,6
13684,u155,/mypage,266
13685,u221,/event,12
13686,u383,/event,107
13687,u500,/product,212
13688,u159,/cart,230
13689,u397,/mypage,293
13690,u322,/product,241
13691,u264,/cart,186
13692,u323,/cart,47
13693,u248,/event,30
13694,u403,/mypage,12
13695,u307,/product,254
13696,u050,/event,150
13697,u469,/cart,287
13698,u056,/home,147
13699,u180,/event,127
13700,u367,/cart,215
13701,u223,/mypage,154
13702,u131,/event,110
13703,u353,/product,277
13704,u226,/mypage,30
13705,u382,/cart,67
13706,u257,/mypage,16
13707,u338,/cart,200
13708,u224,/cart,45
13709,u284,/product,227
13710,u278,/cart,231
13711,u227,/home,271
13712,u473,/mypage,258
13713,u122,/event,141
13714,u126,/cart,182
13715,u023,/mypage,207
13716,u261,/cart,110
13717,u258,/home,203
13718,u081,/cart,30
13719,u077,/product,24
13720,u262,/mypage,200
13721,u144,/event,85
13722,u136,/product,153
13723,u397,/product,184
13724,u129,/mypage,208
13725,u305,/cart,91
13726,u058,/product,53
13727,u352,/cart,200
13728,u017,/product,259
13729,u232,/home,3
13730,u267,/mypage,24
13731,u108,/cart,159
13732,u215,/mypage,149
13733,u196,/event,1
13734,u464,/cart,31
13735,u109,/event,207
13736,u133,/event,142
13737,u236,/event,299
13738,u063,/home,219
13739,u042,/product,91
13740,u060,/cart,23
13741,u387,/product,295
13742,u418,/event,161
13743,u180,/mypage,210
13744,u364,/mypage,36
13745,u327,/mypage,23
13746,u022,/cart,63
13747,u161,/mypage,114
13748,u111,/product,191
13749,u068,/mypage,213
13750,u366,/event,1
13751,u052,/product,264
13752,u161,/cart,1
13753,u393,/home,86
13754,u301,/cart,247
13755,u099,/mypage,6
13756,u055,/home,36
13757,u095,/cart,182
13758,u439,/event,49
13759,u494,/mypage,48
13760,u467,/cart,287
13761,u029,/event,47
13762,u307,/cart,291
13763,u395,/mypage,60
13764,u098,/event,192
13765,u019,/cart,173
13766,u062,/mypage,49
13767,u344,/mypage,114
13768,u427,/mypage,211
13769,u273,/event,42
13770,u257,/event,253
13771,u040,/event,4
13772,u275,/home,160
13773,u313,/product,105
13774,u363,/product,286
13775,u465,/cart,9
13776,u252,/home,217
13777,u043,/product,113
13778,u107,/product,39
13779,u391,/product,144
13780,u296,/cart,84
13781,u493,/product,22
13782,u289,/cart,22
13783,u341,/home,110
13784,u245,/home,242
13785,u254,/cart,268
13786,u285,/cart,198
13787,u080,/event,131
13788,u277,/home,199
13789,u205,/home,35
13790,u354,/product,213
13791,u404,/product,17
13792,u333,/product,31
13793,u199,/mypage,190
13794,u483,/home,220
13795,u163,/event,48
13796,u087,/home,61
13797,u284,/event,25
13798,u426,/home,278
13799,u042,/home,68
13800,u443,/product,114
13801,u101,/home,94
13802,u167,/cart,299
13803,u448,/mypage,254
13804,u298,/product,31
13805,u220,/product,114
13806,u059,/cart,175
13807,u308,/event,285
13808,u337,/mypage,54
13809,u434,/home,299
13810,u361,/event,56
13811,u293,/event,281
13812,u025,/cart,184
13813,u016,/cart,84
13814,u046,/home,73
13815,u387,/home,112
13816,u406,/event,4
13817,u266,/home,208
13818,u403,/cart,53
13819,u483,/mypage,7
13820,u130,/cart,209
13821,u430,/home,278
13822,u360,/home,256
13823,u465,/home,132
13824,u020,/mypage,121
13825,u140,/event,289
13826,u167,/cart,144
13827,u290,/cart,16
13828,u420,/event,6
13829,u303,/cart,257
13830,u018,/event,68
13831,u355,/event,135
13832,u175,/event,222
13833,u305,/mypage,113
13834,u351,/mypage,280
13835,u469,/cart,293
13836,u335,/home,250
13837,u133,/product,141
13838,u041,/cart,74
13839,u341,/mypage,9
13840,u149,/mypage,184
13841,u233,/event,221
13842,u092,/cart,98
13843,u346,/mypage,148
13844,u233,/event,200
13845,u310,/home,177
13846,u100,/home,50
13847,u201,/cart,254
13848,u072,/mypage,206
13849,u064,/event,151
13850,u345,/event,266
13851,u164,/mypage,8
13852,u069,/event,67
13853,u312,/event,199
13854,u044,/home,200
13855,u199,/product,277
13856,u205,/event,5
13857,u394,/product,158
13858,u306,/mypage,66
13859,u139,/event,281
13860,u305,/event,248
13861,u334,/home,64
13862,u203,/cart,194
13863,u081,/event,252
13864,u421,/cart,23
13865,u081,/home,187
13866,u421,/event,68
13867,u106,/home,76
13868,u166,/product,141
13869,u092,/product,175
13870,u078,/cart,200
13871,u426,/home,1
13872,u267,/cart,268
13873,u429,/mypage,159
13874,u308,/event,33
13875,u232,/product,56
13876,u186,/home,174
13877,u396,/product,5
13878,u321,/cart,117
13879,u170,/product,45
13880,u097,/home,264
13881,u140,/cart,212
13882,u009,/cart,118
13883,u148,/product,125
13884,u077,/product,64
13885,u004,/mypage,44
13886,u453,/product,297
13887,u139,/cart,116
13888,u372,/home,142
13889,u466,/home,144
13890,u442,/home,276
13891,u475,/event,263
13892,u114,/cart,101
13893,u349,/event,247
13894,u303,/mypage,78
13895,u353,/cart,24
13896,u388,/product,50
13897,u476,/home,219
13898,u477,/mypage,76
13899,u117,/home,112
13900,u252,/mypage,290
13901,u444,/mypage,42
13902,u258,/home,8
13903,u492,/home,291
13904,u197,/product,160
13905,u084,/event,177
13906,u238,/mypage,223
13907,u416,/product,171
13908,u186,/mypage,243
13909,u232,/cart,178
13910,u444,/product,214
13911,u110,/cart,258
13912,u268,/mypage,74
13913,u101,/event,77
13914,u162,/cart,152
13915,u383,/product,66
13916,u328,/cart,104
13917,u168,/home,35
13918,u461,/event,270
13919,u348,/mypage,96
13920,u284,/home,170
13921,u024,/product,129
13922,u173,/cart,118
13923,u284,/mypage,96
13924,u262,/event,82
13925,u004,/cart,226
13926,u204,/event,223
13927,u195,/event,23
13928,u273,/product,277
13929,u280,/event,154
13930,u165,/mypage,229
13931,u041,/product,29
13932,u321,/event,161
13933,u107,/home,111
13934,u367,/event,285
13935,u185,/mypage,98
13936,u053,/cart,70
13937,u203,/product,49
13938,u337,/home,247
13939,u431,/cart,43
13940,u132,/cart,113
13941,u002,/home,8
13942,u413,/event,42
13943,u143,/cart,183
13944,u073,/mypage,196
13945,u477,/cart,181
13946,u363,/event,160
13947,u139,/product,110
13948,u036,/mypage,246
13949,u050,/home,186
13950,u117,/product,125
13951,u455,/cart,298
13952,u478,/event,85
13953,u319,/event,240
13954,u015,/home,13
13955,u385,/home,106
13956,u406,/cart,116
13957,u151,/cart,255
13958,u187,/mypage,183
13959,u417,/mypage,212
13960,u321,/home,272
13961,u269,/mypage,48
13962,u429,/event,263
13963,u207,/home,67
13964,u060,/cart,294
13965,u303,/product,256
13966,u311,/cart,112
13967,u234,/event,113
13968,u264,/product,252
13969,u463,/cart,299
13970,u445,/home,108
13971,u110,/home,83
13972,u086,/product,118
13973,u446,/mypage,165
13974,u136,/mypage,21
13975,u476,/event,8
13976,u149,/event,106
13977,u352,/home,160
13978,u375,/mypage,112
13979,u409,/event,285
13980,u238,/cart,236
13981,u242,/event,131
13982,u004,/event,10
13983,u114,/event,198
13984,u211,/cart,206
13985,u007,/home,231
13986,u194,/product,83
13987,u438,/mypage,80
13988,u062,/product,276
13989,u066,/home,298
13990,u425,/product,258
13991,u213,/mypage,85
13992,u247,/mypage,134
13993,u391,/event,69
13994,u219,/cart,111
13995,u307,/product,102
13996,u436,/home,154
13997,u370,/cart,221
13998,u292,/product,19
13999,u461,/event,206
14000,u338,/event,17
14001,u455,/cart,279
14002,u181,/product,49
14003,u094,/product,130
14004,u335,/cart,106
14005,u175,/mypage,142
14006,u297,/mypage,47
14007,u058,/mypage,159
14008,u441,/event,180
14009,u051,/product,134
14010,u093,/home,15
14011,u447,/event,121
14012,u240,/mypage,46
14013,u243,/home,158
14014,u287,/product,193
14015,u130,/mypage,49
14016,u043,/event,174
14017,u297,/cart,186
14018,u378,/mypage,191
14019,u294,/cart,86
14020,u038,/mypage,127
14021,u256,/mypage,102
14022,u472,/home,107
14023,u391,/event,100
14024,u466,/event,173
14025,u296,/event,91
14026,u251,/event,237
14027,u219,/mypage,253
14028,u244,/event,188
14029,u291,/product,185
14030,u404,/mypage,218
14031,u037,/product,159
14032,u046,/event,132
14033,u305,/home,300
14034,u178,/product,285
14035,u013,/mypage,279
14036,u410,/cart,92
14037,u222,/event,67
14038,u099,/product,7
14039,u348,/event,208
14040,u059,/cart,15
14041,u017,/home,39
14042,u042,/product,55
14043,u172,/cart,270
14044,u496,/home,158
14045,u145,/product,102
14046,u212,/cart,256
14047,u317,/product,39
14048,u134,/mypage,7
14049,u045,/home,269
14050,u487,/event,50
14051,u410,/event,129
14052,u423,/event,10
14053,u160,/mypage,293
14054,u490,/home,176
14055,u464,/event,115
14056,u272,/home,196
14057,u233,/mypage,294
14058,u196,/event,119
14059,u199,/event,93
14060,u019,/mypage,202
14061,u061,/home,93
14062,u390,/product,235
14063,u093,/event,157
14064,u115,/product,30
14065,u187,/mypage,199
14066,u291,/mypage,225
14067,u082,/cart,186
14068,u318,/event,54
14069,u341,/cart,186
14070,u469,/event,101
14071,u081,/event,240
14072,u004,/home,60
14073,u349,/cart,158
14074,u348,/mypage,50
14075,u427,/event,256
14076,u106,/product,212
14077,u003,/mypage,218
14078,u261,/cart,209
14079,u261,/mypage,275
14080,u445,/mypage,216
14081,u387,/home,18
14082,u476,/mypage,176
14083,u345,/mypage,243
14084,u103,/cart,257
14085,u194,/event,151
14086,u425,/product,100
14087,u438,/event,141
14088,u140,/event,27
14089,u087,/event,103
14090,u077,/event,203
14091,u430,/event,218
14092,u454,/cart,202
14093,u414,/cart,172
14094,u266,/event,199
14095,u198,/mypage,133
14096,u420,/mypage,136
14097,u498,/event,41
14098,u179,/cart,123
14099,u141,/event,130
14100,u443,/cart,19
14101,u368,/product,130
14102,u013,/cart,124
14103,u227,/event,87
14104,u308,/home,287
14105,u372,/cart,269
14106,u313,/event,162
14107,u450,/product,133
14108,u171,/home,122
14109,u226,/cart,144
14110,u284,/home,247
14111,u269,/home,192
14112,u118,/mypage,111
14113,u102,/mypage,191
14114,u474,/event,298
14115,u097,/product,62
14116,u127,/event,195
14117,u156,/mypage,22
14118,u357,/cart,15
14119,u244,/product,235
14120,u108,/home,141
14121,u045,/cart,1
14122,u370,/event,112
14123,u091,/cart,16
14124,u161,/home,24
14125,u411,/product,209
14126,u185,/mypage,118
14127,u446,/mypage,232
14128,u324,/mypage,222
14129,u106,/product,150
14130,u474,/event,240
14131,u144,/event,137
14132,u355,/event,222
14133,u382,/home,127
14134,u112,/product,249
14135,u101,/mypage,243
14136,u136,/home,172
14137,u305,/product,28
14138,u363,/mypage,146
14139,u419,/home,28
14140,u450,/home,11
14141,u092,/event,224
14142,u023,/event,274
14143,u057,/mypage,168
14144,u059,/event,154
14145,u266,/cart,237
14146,u244,/mypage,241
14147,u104,/mypage,101
14148,u121,/home,219
14149,u045,/cart,129
14150,u111,/cart,229
14151,u442,/cart,139
14152,u362,/event,271
14153,u303,/product,175
14154,u012,/cart,94
14155,u210,/home,96
14156,u390,/event,15
14157,u372,/event,271
14158,u241,/cart,222
14159,u388,/event,31
14160,u247,/home,278
14161,u349,/home,82
14162,u308,/product,123
14163,u453,/event,49
14164,u442,/product,292
14165,u057,/product,97
14166,u252,/event,130
14167,u187,/mypage,267
14168,u495,/cart,53
14169,u359,/product,128
14170,u256,/event,257
14171,u229,/home,172
14172,u470,/mypage,6
14173,u251,/mypage,34
14174,u389,/home,208
14175,u433,/cart,61
14176,u454,/home,219
14177,u137,/home,254
14178,u019,/event,271
14179,u105,/mypage,155
14180,u226,/mypage,138
14181,u263,/product,6
14182,u117,/cart,265
14183,u431,/cart,237
14184,u110,/event,169
14185,u338,/cart,4
14186,u445,/cart,135
14187,u318,/product,246
14188,u095,/mypage,30
14189,u315,/home,97
14190,u061,/event,284
14191,u445,/mypage,126
14192,u406,/event,132
14193,u126,/home,220
14194,u253,/mypage,167
14195,u383,/mypage,258
14196,u425,/cart,134
14197,u137,/home,283
14198,u288,/mypage,162
14199,u381,/mypage,111
14200,u013,/product,96
14201,u498,/home,237
14202,u321,/cart,224
14203,u003,/cart,80
14204,u217,/mypage,28
14205,u064,/cart,82
14206,u106,/home,67
14207,u311,/mypage,206
14208,u196,/product,113
14209,u011,/mypage,85
14210,u467,/product,184
14211,u436,/event,181
14212,u136,/home,126
14213,u016,/event,61
14214,u412,/cart,141
14215,u413,/home,93
14216,u350,/event,107
14217,u474,/product,14
14218,u061,/product,183
14219,u111,/home,286
14220,u500,/cart,3
14221,u012,/cart,66
14222,u103,/home,273
14223,u072,/home,197
14224,u478,/mypage,65
14225,u414,/home,155
14226,u271,/home,17
14227,u291,/product,29
14228,u466,/cart,153
14229,u272,/cart,230
14230,u112,/mypage,184
14231,u228,/event,229
14232,u454,/product,270
14233,u482,/product,139
14234,u426,/cart,168
14235,u122,/mypage,54
14236,u192,/home,275
14237,u081,/event,75
14238,u441,/product,264
14239,u446,/product,224
14240,u478,/cart,68
14241,u301,/cart,51
14242,u259,/cart,95
14243,u446,/cart,187
14244,u332,/event,215
14245,u397,/mypage,270
14246,u339,/home,173
14247,u464,/cart,22
14248,u125,/home,263
14249,u064,/mypage,217
14250,u373,/mypage,169
14251,u433,/cart,135
14252,u380,/mypage,233
14253,u199,/home,174
14254,u008,/cart,263
14255,u284,/cart,300
14256,u379,/home,167
14257,u378,/home,262
14258,u293,/product,131
14259,u148,/event,149
14260,u022,/product,171
14261,u014,/event,212
14262,u305,/cart,178
14263,u402,/cart,108
14264,u189,/cart,261
14265,u262,/home,32
14266,u260,/product,79
14267,u229,/event,169
14268,u154,/event,232
14269,u322,/event,253
14270,u140,/cart,295
14271,u448,/product,190
14272,u146,/home,65
14273,u112,/mypage,230
14274,u076,/cart,128
14275,u248,/mypage,241
14276,u316,/home,9
14277,u253,/home,146
14278,u448,/cart,187
14279,u308,/cart,281
14280,u427,/cart,292
14281,u353,/event,237
14282,u459,/cart,55
14283,u224,/event,68
14284,u102,/mypage,175
14285,u404,/event,251
14286,u061,/product,169
14287,u187,/mypage,114
14288,u176,/home,87
14289,u398,/event,221
14290,u229,/cart,11
14291,u193,/cart,64
14292,u401,/product,79
14293,u252,/product,248
14294,u204,/cart,102
14295,u413,/home,145
14296,u419,/cart,58
14297,u356,/product,142
14298,u053,/event,26
14299,u029,/cart,145
14300,u492,/cart,173
14301,u285,/product,149
14302,u181,/cart,173
14303,u455,/cart,223
14304,u411,/product,63
14305,u218,/mypage,110
14306,u105,/cart,248
14307,u359,/event,213
14308,u261,/home,287
14309,u421,/mypage,183
14310,u389,/home,155
14311,u412,/mypage,47
14312,u016,/mypage,214
14313,u389,/home,151
14314,u103,/home,243
14315,u046,/cart,169
14316,u349,/event,287
14317,u165,/product,48
14318,u321,/mypage,234
14319,u299,/product,115
14320,u201,/mypage,197
14321,u455,/home,125
14322,u446,/home,216
14323,u019,/mypage,295
14324,u490,/mypage,260
14325,u280,/cart,13
14326,u046,/home,189
14327,u191,/mypage,101
14328,u306,/home,48
14329,u056,/cart,105
14330,u089,/home,83
14331,u208,/cart,25
14332,u017,/mypage,98
14333,u352,/product,112
14334,u482,/mypage,222
14335,u125,/event,22
14336,u095,/home,121
14337,u279,/mypage,230
14338,u266,/product,33
14339,u287,/mypage,109
14340,u271,/cart,146
14341,u488,/event,267
14342,u051,/event,232
14343,u222,/event,128
14344,u383,/cart,70
14345,u379,/home,279
14346,u120,/cart,263
14347,u359,/home,96
14348,u151,/product,208
14349,u223,/cart,247
14350,u143,/product,212
14351,u158,/cart,16
14352,u132,/event,287
14353,u100,/product,254
14354,u307,/event,209
14355,u123,/event,168
14356,u266,/home,282
14357,u243,/event,155
14358,u140,/mypage,291
14359,u087,/cart,199
14360,u270,/event,46
14361,u157,/cart,197
14362,u418,/mypage,112
14363,u407,/mypage,172
14364,u128,/home,168
14365,u170,/event,207
14366,u160,/product,101
14367,u315,/cart,6
14368,u483,/product,194
14369,u406,/mypage,6
14370,u434,/mypage,290
14371,u413,/event,138
14372,u393,/mypage,199
14373,u200,/event,266
14374,u033,/home,276
14375,u094,/product,296
14376,u401,/product,125
14377,u341,/product,137
14378,u197,/mypage,252
14379,u071,/product,27
14380,u116,/event,107
14381,u118,/event,286
14382,u397,/cart,28
14383,u199,/home,105
14384,u264,/event,252
14385,u471,/cart,267
14386,u494,/cart,254
14387,u257,/product,27
14388,u476,/cart,169
14389,u168,/mypage,198
14390,u352,/cart,231
14391,u340,/event,191
14392,u423,/event,258
14393,u198,/mypage,2
14394,u028,/cart,173
14395,u035,/product,203
14396,u327,/event,218
14397,u134,/cart,136
14398,u110,/event,115
14399,u085,/event,19
14400,u189,/event,55
14401,u131,/event,182
14402,u099,/cart,130
14403,u091,/home,32
14404,u150,/product,45
14405,u351,/mypage,221
14406,u227,/cart,234
14407,u367,/home,189
14408,u071,/home,128
14409,u167,/home,295
14410,u048,/mypage,271
14411,u178,/home,175
14412,u210,/cart,52
14413,u121,/product,163
14414,u451,/mypage,164
14415,u026,/mypage,45
14416,u321,/cart,97
14417,u468,/product,96
14418,u364,/mypage,257
14419,u445,/event,217
14420,u211,/product,96
14421,u438,/event,25
14422,u400,/cart,66
14423,u107,/product,281
14424,u050,/home,206
14425,u021,/mypage,40
14426,u378,/event,23
14427,u020,/cart,78
14428,u065,/mypage,42
14429,u271,/cart,179
14430,u236,/cart,298
14431,u426,/event,186
14432,u317,/mypage,11
14433,u171,/product,243
14434,u010,/product,180
14435,u316,/mypage,220
14436,u049,/home,149
14437,u111,/cart,258
14438,u421,/product,23
14439,u160,/home,248
14440,u246,/cart,64
14441,u114,/home,220
14442,u040,/home,79
14443,u460,/product,56
14444,u206,/mypage,234
14445,u148,/cart,103
14446,u422,/event,57
14447,u145,/event,123
14448,u495,/product,23
14449,u146,/product,43
14450,u313,/product,228
14451,u145,/product,45
14452,u092,/event,218
14453,u211,/cart,204
14454,u439,/home,90
14455,u114,/product,206
14456,u045,/event,183
14457,u174,/mypage,12
14458,u215,/product,129
14459,u233,/cart,170
14460,u174,/product,216
14461,u234,/product,28
14462,u346,/product,208
14463,u323,/event,30
14464,u074,/event,161
14465,u058,/home,4
14466,u456,/cart,224
14467,u282,/event,22
14468,u219,/mypage,2
14469,u164,/event,39
14470,u396,/home,92
14471,u043,/mypage,47
14472,u435,/event,233
14473,u446,/mypage,104
14474,u415,/product,124
14475,u187,/product,295
14476,u412,/product,119
14477,u009,/cart,140
14478,u272,/cart,299
14479,u359,/cart,42
14480,u446,/event,170
14481,u243,/home,227
14482,u298,/cart,97
14483,u075,/home,271
14484,u117,/home,76
14485,u139,/product,203
14486,u350,/cart,212
14487,u384,/mypage,172
14488,u322,/cart,57
14489,u294,/home,74
14490,u370,/home,156
14491,u036,/home,166
14492,u364,/cart,279
14493,u259,/home,162
14494,u051,/home,114
14495,u098,/cart,201
14496,u397,/cart,127
14497,u115,/event,104
14498,u392,/product,4
14499,u162,/event,189
14500,u359,/cart,100
14501,u239,/home,2
14502,u296,/mypage,145
14503,u062,/event,135
14504,u120,/event,230
14505,u017,/product,50
14506,u403,/event,6
14507,u425,/cart,226
14508,u032,/home,95
14509,u175,/mypage,87
14510,u283,/product,109
14511,u472,/mypage,241
14512,u048,/event,277
14513,u192,/event,271
14514,u056,/event,194
14515,u310,/event,192
14516,u019,/cart,49
14517,u253,/product,289
14518,u123,/home,36
14519,u030,/cart,186
14520,u457,/mypage,43
14521,u397,/event,281
14522,u097,/product,38
14523,u250,/mypage,109
14524,u456,/event,148
14525,u330,/event,15
14526,u266,/mypage,132
14527,u371,/cart,23
14528,u198,/cart,152
14529,u476,/cart,77
14530,u379,/cart,293
14531,u104,/cart,240
14532,u011,/event,196
14533,u443,/cart,4
14534,u296,/cart,201
14535,u093,/home,241
14536,u276,/cart,218
14537,u076,/product,231
14538,u057,/mypage,82
14539,u211,/home,66
14540,u478,/event,34
14541,u063,/mypage,224
14542,u263,/home,61
14543,u014,/mypage,113
14544,u224,/home,35
14545,u302,/cart,293
14546,u002,/mypage,35
14547,u335,/event,26
14548,u026,/product,70
14549,u256,/event,87
14550,u271,/home,177
14551,u476,/mypage,237
14552,u239,/event,254
14553,u402,/home,44
14554,u143,/mypage,238
14555,u069,/event,260
14556,u067,/home,54
14557,u289,/cart,219
14558,u332,/mypage,206
14559,u157,/event,15
14560,u494,/event,231
14561,u104,/cart,186
14562,u200,/mypage,58
14563,u304,/product,77
14564,u019,/cart,62
14565,u498,/product,189
14566,u206,/product,292
14567,u479,/event,145
14568,u375,/mypage,90
14569,u181,/home,25
14570,u254,/cart,55
14571,u218,/event,137
14572,u451,/mypage,214
14573,u328,/event,97
14574,u186,/mypage,62
14575,u283,/product,58
14576,u251,/event,135
14577,u261,/event,145
14578,u256,/event,123
14579,u192,/mypage,171
14580,u336,/mypage,158
14581,u111,/mypage,121
14582,u191,/event,297
14583,u303,/event,64
14584,u091,/cart,75
14585,u396,/home,42
14586,u314,/product,32
14587,u357,/event,131
14588,u219,/mypage,64
14589,u077,/event,252
14590,u058,/mypage,46
14591,u292,/event,300
14592,u295,/product,108
14593,u190,/product,20
14594,u109,/home,126
14595,u392,/mypage,245
14596,u286,/product,21
14597,u165,/event,272
14598,u068,/mypage,245
14599,u192,/product,121
14600,u169,/cart,92
14601,u217,/product,28
14602,u070,/mypage,142
14603,u398,/mypage,252
14604,u130,/event,259
14605,u064,/home,96
14606,u286,/product,207
14607,u303,/mypage,101
14608,u149,/cart,63
14609,u232,/product,293
14610,u499,/product,66
14611,u071,/mypage,114
14612,u043,/event,236
14613,u262,/event,172
14614,u464,/home,126
14615,u291,/cart,225
14616,u192,/home,162
14617,u167,/event,254
14618,u372,/event,289
14619,u041,/event,154
14620,u105,/home,65
14621,u343,/cart,109
14622,u155,/cart,106
14623,u180,/product,258
14624,u474,/home,36
14625,u354,/cart,254
14626,u181,/home,73
14627,u461,/event,81
14628,u026,/mypage,140
14629,u264,/home,97
14630,u195,/mypage,192
14631,u231,/cart,214
14632,u096,/mypage,132
14633,u101,/product,296
14634,u052,/event,275
14635,u194,/event,3
14636,u413,/mypage,275
14637,u162,/cart,9
14638,u205,/mypage,140
14639,u117,/mypage,140
14640,u137,/home,31
14641,u403,/home,9
14642,u154,/product,250
14643,u400,/mypage,243
14644,u134,/mypage,99
14645,u179,/cart,300
14646,u077,/home,1
14647,u055,/mypage,37
14648,u259,/mypage,213
14649,u313,/mypage,59
14650,u110,/product,126
14651,u190,/event,165
14652,u108,/mypage,158
14653,u408,/mypage,40
14654,u052,/home,167
14655,u367,/event,20
14656,u438,/product,154
14657,u235,/cart,203
14658,u028,/home,211
14659,u147,/product,197
14660,u096,/cart,172
14661,u466,/cart,146
14662,u214,/product,2
14663,u467,/product,64
14664,u426,/product,175
14665,u364,/cart,200
14666,u319,/product,74
14667,u340,/product,292
14668,u146,/home,251
14669,u429,/home,228
14670,u127,/cart,118
14671,u142,/event,197
14672,u468,/home,175
14673,u427,/cart,242
14674,u351,/home,26
14675,u214,/home,128
14676,u475,/mypage,270
14677,u437,/home,27
14678,u227,/mypage,184
14679,u056,/event,98
14680,u173,/product,39
14681,u133,/home,91
14682,u001,/product,85
14683,u150,/home,250
14684,u174,/event,35
14685,u197,/mypage,22
14686,u464,/mypage,173
14687,u224,/cart,44
14688,u271,/cart,139
14689,u063,/product,112
14690,u346,/product,223
14691,u201,/cart,7
14692,u072,/mypage,175
14693,u482,/mypage,35
14694,u169,/event,164
14695,u283,/home,225
14696,u332,/mypage,51
14697,u342,/cart,243
14698,u281,/product,290
14699,u031,/cart,91
14700,u378,/cart,92
14701,u088,/home,300
14702,u442,/home,53
14703,u334,/cart,82
14704,u293,/mypage,139
14705,u258,/home,149
14706,u057,/cart,4
14707,u385,/home,111
14708,u418,/mypage,186
14709,u356,/event,296
14710,u298,/product,298
14711,u062,/cart,87
14712,u212,/cart,79
14713,u003,/home,84
14714,u421,/home,56
14715,u231,/cart,22
14716,u078,/home,260
14717,u332,/cart,158
14718,u224,/mypage,258
14719,u263,/mypage,201
14720,u207,/cart,153
14721,u279,/home,278
14722,u076,/event,96
14723,u482,/mypage,64
14724,u127,/event,235
14725,u455,/cart,53
14726,u468,/event,160
14727,u490,/cart,296
14728,u064,/cart,98
14729,u408,/product,59
14730,u287,/home,49
14731,u051,/product,32
14732,u265,/cart,71
14733,u112,/home,184
14734,u207,/mypage,88
14735,u455,/product,149
14736,u094,/mypage,129
14737,u479,/home,65
14738,u076,/cart,203
14739,u090,/event,245
14740,u427,/home,125
14741,u400,/product,6
14742,u072,/cart,127
14743,u480,/cart,82
14744,u124,/mypage,218
14745,u226,/home,230
14746,u243,/event,16
14747,u160,/product,102
14748,u334,/mypage,275
14749,u253,/event,203
14750,u466,/event,155
14751,u027,/mypage,256
14752,u250,/product,39
14753,u021,/event,174
14754,u092,/cart,27
14755,u011,/product,112
14756,u358,/home,190
14757,u438,/home,10
14758,u353,/mypage,253
14759,u495,/product,146
14760,u409,/event,71
14761,u177,/cart,94
14762,u222,/cart,149
14763,u454,/home,224
14764,u382,/mypage,107
14765,u304,/product,249
14766,u433,/event,120
14767,u298,/mypage,164
14768,u359,/product,113
14769,u285,/home,283
14770,u087,/mypage,296
14771,u098,/event,99
14772,u497,/product,236
14773,u282,/event,265
14774,u011,/event,21
14775,u141,/product,119
14776,u181,/event,119
14777,u041,/mypage,189
14778,u297,/product,37
14779,u421,/home,219
14780,u350,/mypage,96
14781,u346,/home,98
14782,u164,/product,160
14783,u363,/event,30
14784,u178,/home,241
14785,u438,/home,254
14786,u246,/cart,4
14787,u371,/mypage,283
14788,u471,/cart,290
14789,u145,/mypage,205
14790,u102,/cart,234
14791,u194,/mypage,214
14792,u361,/event,65
14793,u394,/home,122
14794,u280,/home,167
14795,u467,/mypage,184
14796,u038,/mypage,132
14797,u283,/cart,184
14798,u143,/product,84
14799,u461,/cart,299
14800,u171,/cart,52
14801,u101,/product,18
14802,u381,/cart,35
14803,u180,/cart,50
14804,u298,/event,107
14805,u338,/cart,57
14806,u472,/home,14
14807,u306,/event,255
14808,u159,/cart,55
14809,u345,/product,220
14810,u118,/event,183
14811,u376,/mypage,6
14812,u483,/cart,16
14813,u129,/home,252
14814,u122,/event,73
14815,u073,/product,134
14816,u069,/event,250
14817,u432,/mypage,239
14818,u445,/home,102
14819,u453,/product,111
14820,u325,/mypage,58
14821,u072,/mypage,42
14822,u226,/home,270
14823,u418,/mypage,292
14824,u385,/product,181
14825,u484,/cart,227
14826,u380,/cart,72
14827,u489,/home,37
14828,u463,/product,226
14829,u384,/cart,298
14830,u217,/product,255
14831,u457,/product,37
14832,u045,/cart,106
14833,u123,/home,9
14834,u274,/mypage,207
14835,u083,/product,28
14836,u419,/event,172
14837,u401,/mypage,133
14838,u345,/home,14
14839,u121,/mypage,49
14840,u261,/home,125
14841,u361,/event,153
14842,u281,/cart,48
14843,u347,/home,23
14844,u067,/home,257
14845,u079,/cart,39
14846,u362,/cart,13
14847,u279,/home,230
14848,u024,/product,266
14849,u135,/event,33
14850,u218,/mypage,241
14851,u273,/event,99
14852,u095,/home,145
14853,u291,/mypage,294
14854,u245,/home,108
14855,u341,/product,11
14856,u144,/product,160
14857,u341,/event,131
14858,u110,/product,158
14859,u157,/product,54
14860,u023,/event,185
14861,u034,/home,11
14862,u151,/event,1
14863,u034,/home,150
14864,u057,/product,63
14865,u121,/cart,188
14866,u171,/event,293
14867,u156,/product,25
14868,u370,/event,76
14869,u351,/product,119
14870,u306,/cart,217
14871,u387,/event,67
14872,u337,/home,251
14873,u194,/home,268
14874,u410,/mypage,287
14875,u482,/mypage,284
14876,u255,/mypage,233
14877,u252,/event,244
14878,u377,/event,190
14879,u443,/home,112
14880,u257,/event,238
14881,u337,/home,66
14882,u405,/product,275
14883,u044,/mypage,294
14884,u115,/mypage,234
14885,u330,/product,22
14886,u143,/mypage,244
14887,u116,/home,141
14888,u185,/home,130
14889,u164,/cart,257
14890,u210,/mypage,44
14891,u331,/event,115
14892,u144,/home,276
14893,u285,/home,256
14894,u493,/mypage,207
14895,u399,/cart,21
14896,u127,/home,179
14897,u449,/event,164
14898,u262,/cart,99
14899,u465,/mypage,55
14900,u393,/mypage,167
14901,u123,/event,72
14902,u017,/cart,143
14903,u424,/cart,98
14904,u393,/product,299
14905,u094,/event,42
14906,u346,/mypage,162
14907,u129,/home,211
14908,u117,/mypage,161
14909,u434,/event,234
14910,u005,/product,28
14911,u379,/event,39
14912,u394,/cart,101
14913,u235,/mypage,143
14914,u096,/home,178
14915,u184,/cart,173
14916,u387,/product,164
14917,u137,/cart,19
14918,u231,/mypage,212
14919,u234,/event,258
14920,u448,/mypage,276
14921,u498,/mypage,85
14922,u330,/product,55
14923,u391,/home,20
14924,u234,/product,5
14925,u474,/cart,12
14926,u394,/mypage,159
14927,u254,/home,64
14928,u401,/product,152
14929,u207,/home,228
14930,u188,/event,276
14931,u355,/home,144
14932,u049,/home,160
14933,u283,/event,210
14934,u248,/home,268
14935,u215,/cart,140
14936,u077,/event,65
14937,u395,/cart,154
14938,u422,/event,31
14939,u357,/cart,289
14940,u281,/event,241
14941,u043,/home,9
14942,u061,/mypage,238
14943,u239,/home,119
14944,u125,/product,168
14945,u238,/home,147
14946,u338,/cart,115
14947,u403,/home,238
14948,u126,/product,158
14949,u431,/event,217
14950,u396,/mypage,290
14951,u315,/event,132
14952,u308,/home,110
14953,u328,/home,134
14954,u409,/product,263
14955,u052,/event,227
14956,u320,/mypage,257
14957,u478,/mypage,294
14958,u074,/cart,207
14959,u431,/mypage,83
14960,u146,/event,12
14961,u145,/mypage,63
14962,u054,/product,31
14963,u048,/mypage,219
14964,u394,/cart,126
14965,u070,/product,43
14966,u417,/cart,183
14967,u353,/event,191
14968,u050,/mypage,64
14969,u086,/event,189
14970,u305,/home,244
14971,u030,/home,126
14972,u139,/product,236
14973,u139,/product,80
14974,u182,/event,241
14975,u152,/home,170
14976,u108,/event,71
14977,u162,/home,80
14978,u106,/home,38
14979,u421,/cart,133
14980,u056,/home,59
14981,u304,/home,71
14982,u015,/event,6
14983,u251,/home,127
14984,u378,/event,299
14985,u105,/home,17
14986,u185,/product,91
14987,u039,/cart,136
14988,u084,/event,225
14989,u335,/product,188
14990,u418,/product,287
14991,u136,/product,162
14992,u397,/event,62
14993,u064,/event,56
14994,u494,/cart,293
14995,u367,/mypage,160
14996,u139,/product,212
14997,u406,/home,274
14998,u141,/cart,162
14999,u108,/event,163
15000,u275,/product,206
15001,u272,/product,189
15002,u031,/mypage,55
15003,u139,/mypage,298
15004,u419,/cart,17
15005,u094,/product,69
15006,u100,/cart,285
15007,u190,/mypage,118
15008,u423,/cart,262
15009,u029,/product,171
15010,u449,/product,261
15011,u266,/home,173
15012,u015,/event,162
15013,u024,/event,261
15014,u046,/mypage,231
15015,u414,/product,185
15016,u133,/cart,68
15017,u184,/product,144
15018,u361,/event,253
15019,u251,/event,130
15020,u147,/cart,290
15021,u200,/cart,126
15022,u018,/cart,219
15023,u145,/home,25
15024,u223,/home,198
15025,u291,/mypage,262
15026,u474,/product,200
15027,u153,/mypage,223
15028,u065,/event,187
15029,u413,/cart,107
15030,u255,/event,117
15031,u403,/mypage,181
15032,u463,/cart,195
15033,u011,/mypage,52
15034,u072,/home,12
15035,u454,/cart,13
15036,u240,/product,185
15037,u130,/cart,102
15038,u309,/event,23
15039,u048,/event,31
15040,u294,/mypage,114
15041,u073,/cart,240
15042,u016,/event,289
15043,u074,/event,70
15044,u185,/home,245
15045,u152,/product,64
15046,u352,/event,30
15047,u112,/product,191
15048,u031,/product,300
15049,u153,/product,261
15050,u479,/mypage,133
15051,u486,/cart,80
15052,u236,/mypage,294
15053,u184,/product,125
15054,u219,/home,256
15055,u303,/cart,292
15056,u213,/cart,173
15057,u475,/cart,182
15058,u365,/mypage,182
15059,u432,/event,260
15060,u449,/home,89
15061,u230,/product,56
15062,u253,/cart,74
15063,u225,/home,271
15064,u118,/product,75
15065,u478,/cart,13
15066,u083,/product,107
15067,u202,/product,244
15068,u199,/home,237
15069,u210,/cart,16
15070,u393,/cart,21
15071,u143,/event,173
15072,u340,/cart,51
15073,u042,/product,283
15074,u194,/product,259
15075,u041,/home,9
15076,u180,/home,70
15077,u363,/product,273
15078,u368,/mypage,83
15079,u020,/event,150
15080,u348,/cart,183
15081,u087,/mypage,70
15082,u227,/event,252
15083,u247,/cart,94
15084,u106,/mypage,108
15085,u163,/cart,112
15086,u467,/product,234
15087,u100,/product,226
15088,u267,/product,215
15089,u395,/mypage,96
15090,u041,/cart,62
15091,u022,/home,71
15092,u195,/home,251
15093,u226,/product,35
15094,u132,/product,129
15095,u489,/mypage,198
15096,u490,/mypage,196
15097,u498,/cart,111
15098,u448,/event,35
15099,u185,/cart,244
15100,u128,/home,14
15101,u183,/product,3
15102,u287,/mypage,287
15103,u100,/home,285
15104,u233,/product,16
15105,u341,/mypage,186
15106,u027,/event,108
15107,u431,/product,240
15108,u231,/product,54
15109,u067,/mypage,244
15110,u099,/cart,44
15111,u380,/cart,265
15112,u175,/home,82
15113,u351,/event,192
15114,u311,/home,270
15115,u077,/event,279
15116,u367,/home,1
15117,u312,/home,242
15118,u078,/product,15
15119,u288,/event,44
15120,u447,/product,63
15121,u268,/mypage,143
15122,u178,/product,126
15123,u306,/cart,292
15124,u212,/home,68
15125,u121,/product,39
15126,u417,/cart,265
15127,u370,/event,180
15128,u059,/event,185
15129,u229,/mypage,16
15130,u102,/product,101
15131,u008,/mypage,270
15132,u276,/home,223
15133,u443,/home,145
15134,u481,/home,239
15135,u173,/home,87
15136,u489,/cart,63
15137,u485,/product,13
15138,u025,/event,263
15139,u321,/mypage,217
15140,u253,/cart,265
15141,u359,/event,167
15142,u175,/mypage,174
15143,u487,/home,174
15144,u295,/home,156
15145,u172,/home,152
15146,u317,/event,91
15147,u462,/product,201
15148,u212,/mypage,150
15149,u347,/event,66
15150,u229,/product,257
15151,u220,/cart,54
15152,u277,/home,148
15153,u393,/product,21
15154,u158,/product,284
15155,u139,/cart,24
15156,u350,/cart,206
15157,u075,/home,250
15158,u449,/event,134
15159,u340,/product,152
15160,u310,/product,294
15161,u463,/cart,55
15162,u218,/event,230
15163,u132,/home,227
15164,u285,/mypage,215
15165,u289,/mypage,185
15166,u273,/cart,229
15167,u139,/mypage,39
15168,u491,/home,28
15169,u203,/event,235
15170,u329,/product,220
15171,u149,/home,259
15172,u230,/mypage,121
15173,u335,/mypage,231
15174,u276,/mypage,163
15175,u111,/event,243
15176,u027,/home,82
15177,u143,/mypage,109
15178,u450,/home,221
15179,u380,/cart,183
15180,u347,/mypage,268
15181,u076,/cart,127
15182,u480,/event,280
15183,u008,/cart,226
15184,u002,/cart,21
15185,u248,/mypage,103
15186,u200,/cart,35
15187,u411,/mypage,229
15188,u192,/event,297
15189,u092,/event,72
15190,u388,/home,113
15191,u343,/product,241
15192,u488,/product,176
15193,u398,/event,61
15194,u073,/cart,200
15195,u457,/event,95
15196,u038,/product,128
15197,u003,/home,283
15198,u400,/cart,235
15199,u338,/mypage,295
15200,u179,/mypage,59
15201,u189,/product,73
15202,u362,/cart,93
15203,u175,/event,195
15204,u011,/home,298
15205,u277,/home,171
15206,u470,/event,276
15207,u109,/event,24
15208,u358,/product,16
15209,u104,/cart,38
15210,u421,/product,208
15211,u174,/product,65
15212,u302,/mypage,166
15213,u223,/mypage,137
15214,u316,/mypage,228
15215,u444,/event,15
15216,u378,/event,23
15217,u219,/home,13
15218,u256,/cart,194
15219,u051,/cart,123
15220,u127,/event,17
15221,u027,/cart,41
15222,u374,/event,159
15223,u457,/cart,101
15224,u199,/mypage,225
15225,u043,/event,123
15226,u258,/event,224
15227,u096,/home,184
15228,u457,/event,251
15229,u410,/cart,4
15230,u379,/cart,131
15231,u498,/cart,257
15232,u224,/event,63
15233,u269,/product,149
15234,u390,/mypage,256
15235,u158,/home,141
15236,u088,/event,260
15237,u186,/product,33
15238,u129,/home,258
15239,u257,/event,89
15240,u215,/product,133
15241,u352,/mypage,89
15242,u043,/product,70
15243,u105,/product,296
15244,u446,/mypage,269
15245,u460,/product,63
15246,u161,/mypage,13
15247,u008,/event,63
15248,u109,/product,4
15249,u149,/cart,262
15250,u133,/cart,215
15251,u233,/event,37
15252,u187,/cart,57
15253,u376,/event,195
15254,u200,/home,152
15255,u162,/event,281
15256,u302,/product,296
15257,u044,/home,206
15258,u352,/cart,190
15259,u226,/event,252
15260,u472,/event,205
15261,u478,/cart,243
15262,u369,/event,198
15263,u206,/cart,247
15264,u499,/event,24
15265,u288,/cart,65
15266,u005,/mypage,176
15267,u436,/product,224
15268,u160,/cart,165
15269,u475,/product,37
15270,u252,/cart,32
15271,u148,/mypage,276
15272,u266,/event,271
15273,u069,/mypage,286
15274,u257,/event,74
15275,u240,/cart,154
15276,u380,/cart,73
15277,u086,/home,221
15278,u040,/mypage,186
15279,u355,/home,213
15280,u456,/mypage,88
15281,u305,/mypage,240
15282,u402,/product,270
15283,u222,/cart,18
15284,u032,/event,246
15285,u072,/cart,213
15286,u441,/event,104
15287,u300,/home,126
15288,u084,/home,132
15289,u127,/home,100
15290,u046,/mypage,98
15291,u291,/product,124
15292,u421,/home,41
15293,u056,/home,261
15294,u135,/home,206
15295,u182,/cart,257
15296,u273,/cart,176
15297,u268,/event,164
15298,u191,/product,149
15299,u183,/product,292
15300,u202,/home,176
15301,u039,/cart,99
15302,u211,/mypage,235
15303,u480,/cart,178
15304,u233,/mypage,109
15305,u163,/home,232
15306,u491,/mypage,280
15307,u103,/mypage,234
15308,u365,/home,124
15309,u169,/cart,204
15310,u490,/event,222
15311,u499,/product,105
15312,u414,/mypage,295
15313,u182,/mypage,224
15314,u341,/cart,35
15315,u238,/mypage,73
15316,u168,/event,24
15317,u355,/home,299
15318,u057,/event,67
15319,u136,/event,157
15320,u325,/event,216
15321,u361,/product,101
15322,u202,/mypage,146
15323,u071,/event,269
15324,u441,/cart,60
15325,u249,/mypage,235
15326,u098,/event,247
15327,u290,/mypage,25
15328,u047,/home,68
15329,u336,/event,40
15330,u311,/home,161
15331,u439,/product,5
15332,u097,/mypage,233
15333,u082,/home,66
15334,u064,/cart,39
15335,u293,/home,141
15336,u461,/cart,196
15337,u088,/cart,139
15338,u214,/product,78
15339,u019,/home,201
15340,u173,/event,209
15341,u112,/product,109
15342,u348,/cart,19
15343,u268,/product,148
15344,u097,/product,197
15345,u066,/cart,124
15346,u345,/mypage,47
15347,u489,/cart,8
15348,u121,/home,254
15349,u161,/cart,270
15350,u430,/cart,34
15351,u345,/cart,82
15352,u032,/product,145
15353,u271,/cart,98
15354,u386,/cart,26
15355,u250,/cart,189
15356,u008,/mypage,109
15357,u378,/product,95
15358,u264,/home,300
15359,u328,/mypage,239
15360,u013,/product,136
15361,u139,/home,155
15362,u476,/product,45
15363,u013,/mypage,7
15364,u240,/event,50
15365,u343,/mypage,90
15366,u121,/cart,124
15367,u481,/product,251
15368,u244,/product,251
15369,u224,/cart,176
15370,u132,/event,204
15371,u034,/event,66
15372,u228,/cart,244
15373,u485,/product,173
15374,u165,/cart,286
15375,u475,/home,148
15376,u240,/home,93
15377,u466,/event,209
15378,u220,/home,174
15379,u457,/product,298
15380,u112,/mypage,66
15381,u311,/cart,92
15382,u237,/home,72
15383,u493,/home,178
15384,u031,/home,107
15385,u453,/cart,114
15386,u326,/product,292
15387,u026,/event,81
15388,u242,/mypage,277
15389,u498,/mypage,170
15390,u259,/product,148
15391,u416,/event,243
15392,u097,/product,290
15393,u036,/product,23
15394,u114,/event,58
15395,u353,/mypage,57
15396,u076,/event,178
15397,u307,/product,291
15398,u357,/cart,162
15399,u237,/home,148
15400,u411,/product,44
15401,u405,/home,216
15402,u482,/product,91
15403,u018,/event,167
15404,u307,/home,24
15405,u002,/cart,129
15406,u098,/event,129
15407,u449,/product,201
15408,u137,/cart,129
15409,u108,/product,289
15410,u414,/event,48
15411,u130,/product,81
15412,u354,/home,29
15413,u238,/product,85
15414,u471,/event,204
15415,u368,/mypage,123
15416,u164,/product,237
15417,u261,/home,260
15418,u463,/event,280
15419,u164,/event,55
15420,u029,/mypage,112
15421,u097,/mypage,191
15422,u112,/home,8
15423,u023,/mypage,23
15424,u461,/home,217
15425,u109,/product,176
15426,u264,/event,244
15427,u478,/event,170
15428,u146,/event,190
15429,u283,/event,62
15430,u246,/product,284
15431,u337,/cart,237
15432,u335,/home,124
15433,u149,/cart,216
15434,u327,/product,113
15435,u095,/cart,194
15436,u182,/event,271
15437,u146,/home,172
15438,u152,/event,103
15439,u171,/home,239
15440,u161,/event,105
15441,u161,/home,264
15442,u188,/home,256
15443,u203,/mypage,198
15444,u184,/mypage,185
15445,u468,/mypage,210
15446,u168,/event,7
15447,u022,/product,113
15448,u230,/cart,79
15449,u094,/mypage,203
15450,u378,/cart,265
15451,u132,/product,46
15452,u005,/mypage,82
15453,u095,/product,167
15454,u048,/cart,174
15455,u181,/event,189
15456,u430,/product,233
15457,u329,/product,118
15458,u249,/event,212
15459,u024,/cart,36
15460,u146,/product,220
15461,u158,/product,30
15462,u095,/mypage,242
15463,u024,/mypage,40
15464,u113,/event,80
15465,u092,/mypage,287
15466,u074,/home,9
15467,u318,/product,186
15468,u327,/product,160
15469,u457,/product,79
15470,u086,/mypage,190
15471,u017,/home,157
15472,u291,/event,69
15473,u286,/cart,14
15474,u236,/event,169
15475,u102,/mypage,28
15476,u472,/mypage,240
15477,u276,/product,151
15478,u385,/event,207
15479,u235,/mypage,13
15480,u026,/event,259
15481,u080,/cart,156
15482,u205,/event,201
15483,u194,/mypage,159
15484,u353,/mypage,114
15485,u221,/home,290
15486,u325,/cart,108
15487,u266,/event,259
15488,u082,/cart,9
15489,u272,/cart,172
15490,u297,/product,172
15491,u404,/event,85
15492,u293,/event,95
15493,u194,/event,290
15494,u385,/product,108
15495,u414,/product,168
15496,u230,/product,250
15497,u126,/cart,212
15498,u472,/mypage,85
15499,u243,/home,139
15500,u240,/product,99
15501,u400,/product,130
15502,u327,/cart,221
15503,u214,/event,54
15504,u024,/cart,52
15505,u480,/cart,198
15506,u045,/mypage,25
15507,u194,/mypage,203
15508,u087,/mypage,282
15509,u198,/mypage,268
15510,u490,/event,87
15511,u140,/cart,131
15512,u456,/home,126
15513,u349,/mypage,185
15514,u043,/mypage,219
15515,u319,/cart,214
15516,u410,/home,118
15517,u342,/cart,140
15518,u025,/mypage,277
15519,u117,/product,52
15520,u279,/product,279
15521,u015,/home,203
15522,u297,/product,138
15523,u241,/event,300
15524,u035,/product,105
15525,u253,/event,127
15526,u324,/mypage,283
15527,u414,/home,47
15528,u398,/product,82
15529,u477,/home,40
15530,u198,/product,50
15531,u257,/cart,93
15532,u016,/home,79
15533,u124,/mypage,51
15534,u187,/product,111
15535,u038,/product,125
15536,u417,/event,112
15537,u348,/home,150
15538,u394,/home,284
15539,u091,/home,86
15540,u249,/home,94
15541,u126,/home,282
15542,u305,/event,248
15543,u096,/home,58
15544,u094,/mypage,179
15545,u310,/home,126
15546,u051,/event,249
15547,u326,/cart,205
15548,u463,/mypage,8
15549,u004,/home,54
15550,u336,/mypage,41
15551,u488,/event,193
15552,u445,/cart,109
15553,u421,/product,151
15554,u436,/cart,272
15555,u123,/cart,112
15556,u402,/mypage,247
15557,u059,/cart,38
15558,u161,/cart,253
15559,u156,/event,60
15560,u059,/event,30
15561,u460,/mypage,232
15562,u006,/product,248
15563,u073,/mypage,96
15564,u464,/home,131
15565,u028,/home,122
15566,u337,/mypage,5
15567,u441,/mypage,104
15568,u145,/mypage,59
15569,u092,/product,86
15570,u058,/event,7
15571,u013,/cart,110
15572,u092,/cart,39
15573,u280,/product,72
15574,u350,/cart,96
15575,u365,/event,197
15576,u083,/cart,76
15577,u336,/home,84
15578,u046,/product,58
15579,u051,/event,240
15580,u289,/cart,149
15581,u085,/mypage,111
15582,u086,/event,253
15583,u348,/home,52
15584,u384,/home,206
15585,u229,/mypage,57
15586,u058,/event,240
15587,u407,/mypage,211
15588,u378,/product,4
15589,u092,/cart,50
15590,u171,/product,260
15591,u204,/cart,87
15592,u222,/event,120
15593,u400,/home,88
15594,u088,/home,294
15595,u154,/home,248
15596,u352,/cart,107
15597,u329,/home,145
15598,u485,/home,185
15599,u406,/product,40
15600,u312,/mypage,144
15601,u400,/home,32
15602,u341,/cart,15
15603,u230,/cart,164
15604,u002,/mypage,133
15605,u257,/cart,84
15606,u281,/cart,212
15607,u476,/event,229
15608,u032,/product,255
15609,u259,/cart,224
15610,u232,/mypage,252
15611,u026,/home,287
15612,u336,/product,13
15613,u334,/event,202
15614,u140,/cart,21
15615,u174,/mypage,119
15616,u165,/cart,4
15617,u044,/event,84
15618,u227,/product,233
15619,u329,/mypage,227
15620,u125,/product,281
15621,u096,/mypage,14
15622,u061,/mypage,121
15623,u067,/home,185
15624,u056,/home,81
15625,u033,/product,131
15626,u015,/event,101
15627,u436,/event,274
15628,u016,/home,21
15629,u187,/home,92
15630,u156,/home,206
15631,u162,/home,34
15632,u346,/event,140
15633,u439,/event,40
15634,u369,/home,236
15635,u026,/event,140
15636,u277,/cart,226
15637,u291,/event,262
15638,u285,/event,100
15639,u323,/home,84
15640,u458,/cart,29
15641,u230,/mypage,13
15642,u158,/cart,279
15643,u351,/home,127
15644,u278,/mypage,62
15645,u296,/home,64
15646,u052,/cart,172
15647,u358,/event,256
15648,u408,/event,238
15649,u225,/event,37
15650,u300,/cart,67
15651,u138,/mypage,205
15652,u378,/home,50
15653,u248,/home,291
15654,u079,/home,231
15655,u217,/cart,170
15656,u039,/event,239
15657,u389,/home,67
15658,u453,/product,106
15659,u285,/home,129
15660,u361,/cart,118
15661,u157,/event,259
15662,u448,/product,226
15663,u236,/product,166
15664,u442,/product,77
15665,u031,/mypage,181
15666,u326,/mypage,94
15667,u273,/cart,269
15668,u289,/mypage,243
15669,u402,/product,185
15670,u363,/mypage,256
15671,u090,/event,88
15672,u318,/mypage,98
15673,u111,/cart,242
15674,u457,/home,84
15675,u359,/cart,16
15676,u458,/mypage,125
15677,u295,/mypage,206
15678,u341,/event,101
15679,u366,/mypage,271
15680,u158,/event,147
15681,u274,/cart,137
15682,u070,/event,128
15683,u300,/mypage,120
15684,u164,/event,178
15685,u068,/product,40
15686,u284,/mypage,214
15687,u339,/event,208
15688,u086,/product,243
15689,u128,/cart,116
15690,u426,/product,160
15691,u459,/home,200
15692,u323,/product,29
15693,u437,/home,211
15694,u218,/product,126
15695,u139,/home,60
15696,u135,/product,48
15697,u192,/event,101
15698,u131,/cart,91
15699,u498,/event,109
15700,u206,/product,271
15701,u285,/event,94
15702,u455,/product,100
15703,u187,/event,17
15704,u146,/cart,137
15705,u187,/cart,61
15706,u379,/cart,105
15707,u139,/cart,76
15708,u044,/home,54
15709,u240,/cart,136
15710,u456,/mypage,136
15711,u151,/mypage,171
15712,u245,/cart,86
15713,u392,/home,284
15714,u273,/cart,92
15715,u439,/cart,194
15716,u122,/mypage,57
15717,u461,/cart,39
15718,u083,/mypage,57
15719,u063,/event,140
15720,u386,/event,89
15721,u462,/cart,199
15722,u148,/product,257
15723,u227,/product,130
15724,u226,/product,166
15725,u110,/mypage,271
15726,u452,/event,192
15727,u392,/mypage,61
15728,u185,/product,2
15729,u032,/event,162
15730,u415,/home,134
15731,u189,/home,271
15732,u113,/cart,246
15733,u453,/mypage,91
15734,u470,/product,25
15735,u174,/event,286
15736,u088,/cart,167
15737,u379,/product,40
15738,u014,/mypage,47
15739,u072,/cart,208
15740,u154,/product,245
15741,u274,/event,87
15742,u158,/product,25
15743,u419,/home,138
15744,u324,/event,7
15745,u218,/event,200
15746,u059,/home,194
15747,u415,/mypage,212
15748,u125,/event,159
15749,u311,/home,76
15750,u410,/home,266
15751,u468,/event,19
15752,u198,/cart,5
15753,u218,/home,137
15754,u225,/home,180
15755,u298,/home,53
15756,u056,/product,164
15757,u002,/product,98
15758,u042,/event,23
15759,u001,/cart,27
15760,u096,/event,85
15761,u286,/mypage,278
15762,u213,/mypage,117
15763,u328,/product,58
15764,u474,/product,31
15765,u284,/event,41
15766,u136,/mypage,281
15767,u152,/product,191
15768,u019,/event,203
15769,u391,/event,232
15770,u259,/cart,84
15771,u017,/home,35
15772,u147,/home,143
15773,u430,/cart,70
15774,u132,/event,8
15775,u329,/event,115
15776,u432,/event,87
15777,u127,/mypage,217
15778,u035,/cart,297
15779,u189,/product,266
15780,u361,/cart,140
15781,u234,/cart,241
15782,u358,/event,110
15783,u459,/event,258
15784,u088,/mypage,118
15785,u015,/cart,161
15786,u256,/event,295
15787,u241,/mypage,274
15788,u435,/product,200
15789,u228,/event,9
15790,u241,/cart,52
15791,u021,/cart,112
15792,u310,/cart,275
15793,u053,/cart,3
15794,u396,/cart,118
15795,u292,/home,122
15796,u175,/event,14
15797,u448,/product,272
15798,u183,/mypage,210
15799,u317,/event,218
15800,u367,/home,215
15801,u109,/cart,158
15802,u347,/event,202
15803,u009,/event,168
15804,u433,/home,88
15805,u045,/home,46
15806,u257,/cart,67
15807,u200,/product,71
15808,u195,/cart,147
15809,u469,/home,270
15810,u012,/product,143
15811,u177,/mypage,151
15812,u032,/mypage,179
15813,u403,/mypage,120
15814,u165,/event,192
15815,u124,/cart,81
15816,u411,/cart,126
15817,u241,/event,170
15818,u020,/event,214
15819,u472,/cart,166
15820,u235,/product,249
15821,u449,/cart,287
15822,u416,/cart,80
15823,u170,/home,88
15824,u088,/cart,283
15825,u425,/cart,215
15826,u235,/mypage,27
15827,u043,/event,167
15828,u396,/product,81
15829,u437,/event,90
15830,u319,/cart,289
15831,u352,/event,168
15832,u450,/product,108
15833,u403,/mypage,204
15834,u255,/cart,300
15835,u487,/mypage,28
15836,u073,/home,115
15837,u341,/mypage,174
15838,u138,/home,225
15839,u001,/home,287
15840,u135,/home,176
15841,u293,/home,66
15842,u145,/product,213
15843,u289,/cart,241
15844,u456,/cart,114
15845,u429,/mypage,175
15846,u036,/product,247
15847,u193,/product,171
15848,u083,/mypage,146
15849,u214,/home,160
15850,u067,/event,86
15851,u012,/cart,31
15852,u262,/cart,73
15853,u012,/event,126
15854,u105,/cart,209
15855,u040,/home,270
15856,u307,/event,270
15857,u254,/product,230
15858,u074,/mypage,92
15859,u334,/event,179
15860,u309,/product,112
15861,u355,/mypage,22
15862,u147,/home,34
15863,u247,/home,197
15864,u025,/product,104
15865,u425,/product,32
15866,u259,/cart,150
15867,u145,/home,271
15868,u333,/cart,128
15869,u215,/event,28
15870,u341,/product,9
15871,u323,/mypage,102
15872,u045,/product,242
15873,u467,/mypage,277
15874,u025,/product,35
15875,u017,/mypage,124
15876,u477,/event,249
15877,u372,/event,256
15878,u482,/event,238
15879,u233,/product,214
15880,u176,/event,194
15881,u160,/cart,179
15882,u153,/cart,30
15883,u107,/cart,259
15884,u057,/mypage,170
15885,u413,/cart,104
15886,u184,/home,56
15887,u462,/home,72
15888,u196,/mypage,105
15889,u294,/cart,191
15890,u106,/product,26
15891,u276,/mypage,70
15892,u099,/product,97
15893,u335,/home,106
15894,u187,/home,160
15895,u499,/mypage,162
15896,u173,/home,238
15897,u012,/product,193
15898,u129,/home,222
15899,u071,/event,8
15900,u198,/event,145
15901,u368,/home,164
15902,u324,/home,153
15903,u157,/mypage,245
15904,u224,/product,55
15905,u478,/event,147
15906,u288,/product,131
15907,u339,/product,233
15908,u357,/mypage,233
15909,u128,/home,90
15910,u299,/cart,28
15911,u224,/mypage,168
15912,u423,/event,87
15913,u177,/product,18
15914,u081,/product,185
15915,u260,/mypage,106
15916,u233,/event,58
15917,u083,/cart,280
15918,u093,/mypage,136
15919,u272,/mypage,44
15920,u303,/mypage,154
15921,u426,/mypage,184
15922,u488,/home,197
15923,u348,/cart,299
15924,u035,/mypage,142
15925,u161,/event,151
15926,u153,/event,129
15927,u393,/cart,74
15928,u122,/mypage,4
15929,u016,/cart,38
15930,u496,/cart,87
15931,u156,/product,270
15932,u193,/event,276
15933,u188,/cart,131
15934,u253,/home,36
15935,u258,/mypage,241
15936,u391,/event,178
15937,u392,/home,64
15938,u458,/cart,193
15939,u232,/home,117
15940,u217,/event,74
15941,u389,/cart,23
15942,u381,/product,258
15943,u358,/home,30
15944,u409,/cart,40
15945,u237,/event,17
15946,u425,/event,124
15947,u139,/event,22
15948,u345,/product,55
15949,u212,/home,114
15950,u340,/cart,7
15951,u383,/event,66
15952,u411,/home,198
15953,u454,/cart,180
15954,u247,/cart,91
15955,u250,/cart,148
15956,u332,/product,258
15957,u365,/product,65
15958,u390,/mypage,205
15959,u251,/mypage,174
15960,u472,/home,182
15961,u349,/home,217
15962,u465,/event,267
15963,u479,/mypage,36
15964,u178,/cart,240
15965,u057,/cart,187
15966,u428,/event,214
15967,u042,/event,213
15968,u287,/mypage,155
15969,u023,/mypage,123
15970,u216,/product,199
15971,u129,/event,8
15972,u175,/mypage,190
15973,u161,/home,212
15974,u060,/home,113
15975,u107,/mypage,172
15976,u213,/product,96
15977,u068,/cart,191
15978,u477,/home,262
15979,u077,/cart,203
15980,u311,/event,35
15981,u304,/product,42
15982,u486,/product,220
15983,u463,/mypage,231
15984,u433,/cart,286
15985,u430,/event,297
15986,u249,/mypage,156
15987,u270,/event,293
15988,u386,/mypage,210
15989,u379,/product,44
15990,u293,/event,115
15991,u030,/cart,83
15992,u254,/home,134
15993,u363,/product,200
15994,u293,/product,93
15995,u391,/cart,289
15996,u375,/home,217
15997,u129,/product,121
15998,u003,/home,69
15999,u248,/cart,208
16000,u301,/home,57
16001,u250,/event,105
16002,u499,/home,47
16003,u293,/mypage,218
16004,u125,/event,9
16005,u429,/mypage,186
16006,u342,/cart,116
16007,u416,/event,3
16008,u216,/product,89
16009,u099,/home,212
16010,u097,/cart,214
16011,u241,/product,181
16012,u252,/event,192
16013,u201,/mypage,149
16014,u086,/mypage,267
16015,u159,/home,1
16016,u410,/cart,5
16017,u430,/home,112
16018,u438,/product,241
16019,u105,/home,112
16020,u386,/product,158
16021,u393,/mypage,90
16022,u364,/event,156
16023,u443,/event,106
16024,u384,/cart,66
16025,u350,/product,175
16026,u430,/event,42
16027,u060,/mypage,264
16028,u354,/product,7
16029,u495,/product,277
16030,u002,/event,299
16031,u169,/mypage,212
16032,u495,/product,35
16033,u288,/cart,103
16034,u471,/home,53
16035,u049,/product,258
16036,u391,/home,239
16037,u249,/mypage,16
16038,u415,/product,201
16039,u218,/event,202
16040,u118,/event,156
16041,u246,/product,260
16042,u038,/product,82
16043,u213,/cart,298
16044,u264,/cart,173
16045,u006,/product,103
16046,u351,/event,26
16047,u368,/product,143
16048,u016,/product,252
16049,u185,/product,177
16050,u325,/product,56
16051,u338,/product,80
16052,u364,/cart,176
16053,u065,/event,169
16054,u213,/event,51
16055,u299,/cart,25
16056,u417,/product,28
16057,u190,/event,257
16058,u233,/mypage,32
16059,u234,/home,65
16060,u359,/event,169
16061,u078,/cart,150
16062,u408,/mypage,37
16063,u257,/cart,82
16064,u410,/mypage,259
16065,u122,/mypage,258
16066,u461,/product,3
16067,u465,/home,168
16068,u062,/cart,240
16069,u227,/event,212
16070,u138,/mypage,46
16071,u126,/event,44
16072,u210,/cart,226
16073,u212,/cart,71
16074,u261,/product,69
16075,u361,/event,56
16076,u430,/mypage,168
16077,u337,/cart,289
16078,u342,/home,68
16079,u289,/cart,288
16080,u439,/cart,298
16081,u399,/cart,98
16082,u344,/cart,164
16083,u235,/event,210
16084,u443,/event,40
16085,u370,/product,278
16086,u275,/event,176
16087,u321,/cart,9
16088,u398,/home,299
16089,u436,/home,189
16090,u305,/cart,205
16091,u382,/event,264
16092,u097,/product,107
16093,u289,/cart,97
16094,u197,/home,60
16095,u297,/cart,45
16096,u079,/event,16
16097,u213,/event,55
16098,u288,/cart,118
16099,u210,/home,272
16100,u253,/mypage,22
16101,u480,/event,70
16102,u001,/product,15
16103,u463,/product,110
16104,u282,/mypage,52
16105,u484,/home,81
16106,u006,/mypage,219
16107,u203,/event,220
16108,u113,/event,84
16109,u484,/home,103
16110,u332,/event,115
16111,u152,/cart,258
16112,u115,/event,186
16113,u216,/event,1
16114,u236,/home,297
16115,u323,/home,178
16116,u208,/cart,252
16117,u413,/cart,100
16118,u302,/event,251
16119,u245,/home,163
16120,u134,/event,231
16121,u104,/mypage,125
16122,u039,/event,129
16123,u372,/mypage,3
16124,u303,/cart,139
16125,u218,/mypage,273
16126,u254,/product,26
16127,u387,/cart,265
16128,u496,/mypage,220
16129,u274,/home,30
16130,u436,/product,170
16131,u109,/home,70
16132,u496,/mypage,91
16133,u217,/event,66
16134,u162,/cart,254
16135,u399,/mypage,25
16136,u352,/home,289
16137,u168,/mypage,27
16138,u157,/home,47
16139,u400,/cart,198
16140,u063,/cart,240
16141,u394,/home,21
16142,u014,/home,297
16143,u344,/home,18
16144,u231,/product,266
16145,u260,/cart,132
16146,u201,/event,119
16147,u323,/cart,255
16148,u145,/product,206
16149,u386,/mypage,119
16150,u420,/mypage,17
16151,u284,/mypage,142
16152,u054,/product,55
16153,u295,/mypage,163
16154,u485,/mypage,194
16155,u255,/home,269
16156,u113,/product,56
16157,u103,/home,180
16158,u151,/product,278
16159,u327,/cart,90
16160,u184,/home,54
16161,u045,/mypage,22
16162,u101,/cart,154
16163,u441,/home,296
16164,u151,/product,296
16165,u145,/home,93
16166,u161,/mypage,230
16167,u319,/mypage,19
16168,u374,/product,72
16169,u127,/mypage,278
16170,u364,/event,215
16171,u240,/event,221
16172,u019,/event,85
16173,u431,/mypage,296
16174,u481,/cart,37
16175,u458,/product,159
16176,u009,/product,289
16177,u314,/event,282
16178,u112,/mypage,237
16179,u147,/cart,100
16180,u011,/mypage,52
16181,u262,/product,209
16182,u123,/product,292
16183,u341,/product,230
16184,u362,/home,93
16185,u198,/event,125
16186,u262,/product,3
16187,u242,/home,179
16188,u478,/cart,287
16189,u041,/mypage,167
16190,u061,/product,115
16191,u423,/home,40
16192,u417,/event,261
16193,u213,/home,175
16194,u225,/event,208
16195,u432,/event,253
16196,u037,/mypage,70
16197,u361,/mypage,283
16198,u311,/product,18
16199,u448,/product,31
16200,u472,/product,272
16201,u497,/event,164
16202,u412,/event,139
16203,u018,/cart,258
16204,u320,/product,122
16205,u348,/home,108
16206,u214,/home,194
16207,u225,/event,272
16208,u247,/home,87
16209,u137,/mypage,242
16210,u340,/product,194
16211,u166,/cart,239
16212,u033,/product,208
16213,u145,/mypage,213
16214,u245,/cart,187
16215,u049,/cart,162
16216,u118,/event,183
16217,u392,/product,182
16218,u228,/cart,153
16219,u348,/mypage,273
16220,u075,/cart,72
16221,u369,/event,294
16222,u496,/home,58
16223,u418,/mypage,188
16224,u486,/home,53
16225,u420,/home,162
16226,u377,/event,244
16227,u458,/product,119
16228,u279,/cart,39
16229,u164,/event,220
16230,u147,/event,254
16231,u019,/cart,31
16232,u339,/event,273
16233,u005,/mypage,279
16234,u104,/mypage,108
16235,u035,/mypage,115
16236,u133,/event,166
16237,u360,/home,91
16238,u389,/event,164
16239,u261,/event,27
16240,u128,/cart,177
16241,u193,/product,124
16242,u438,/product,277
16243,u296,/product,126
16244,u154,/mypage,185
16245,u071,/cart,165
16246,u232,/home,174
16247,u040,/cart,173
16248,u370,/event,272
16249,u481,/product,207
16250,u099,/mypage,279
16251,u004,/product,86
16252,u493,/cart,75
16253,u238,/home,194
16254,u057,/mypage,200
16255,u396,/product,262
16256,u466,/event,297
16257,u479,/event,129
16258,u247,/event,93
16259,u488,/product,241
16260,u013,/product,285
16261,u177,/cart,241
16262,u287,/event,95
16263,u212,/mypage,50
16264,u293,/product,63
16265,u408,/mypage,80
16266,u092,/mypage,144
16267,u047,/product,115
16268,u072,/mypage,1
16269,u444,/event,95
16270,u179,/product,297
16271,u129,/home,257
16272,u185,/cart,175
16273,u189,/cart,33
16274,u432,/mypage,85
16275,u163,/mypage,272
16276,u455,/product,44
16277,u134,/home,27
16278,u456,/product,178
16279,u206,/product,15
16280,u104,/product,259
16281,u078,/event,244
16282,u098,/cart,156
16283,u446,/mypage,5
16284,u158,/event,297
16285,u417,/mypage,195
16286,u185,/event,52
16287,u219,/mypage,300
16288,u366,/event,72
16289,u048,/product,76
16290,u400,/cart,31
16291,u269,/event,89
16292,u436,/mypage,209
16293,u465,/mypage,161
16294,u198,/cart,108
16295,u153,/event,198
16296,u026,/mypage,276
16297,u090,/product,11
16298,u296,/product,186
16299,u279,/event,91
16300,u267,/mypage,149
16301,u203,/event,110
16302,u202,/product,40
16303,u204,/product,125
16304,u009,/mypage,151
16305,u199,/home,53
16306,u241,/product,202
16307,u496,/product,264
16308,u394,/home,121
16309,u484,/product,208
16310,u160,/mypage,26
16311,u264,/cart,256
16312,u145,/mypage,42
16313,u324,/home,222
16314,u414,/product,131
16315,u437,/product,18
16316,u118,/home,32
16317,u366,/home,199
16318,u211,/product,193
16319,u221,/product,74
16320,u269,/cart,186
16321,u429,/cart,157
16322,u038,/cart,2
16323,u274,/cart,233
16324,u316,/event,78
16325,u084,/mypage,181
16326,u039,/home,1
16327,u262,/cart,270
16328,u219,/home,19
16329,u196,/event,23
16330,u379,/home,94
16331,u444,/event,4
16332,u152,/event,10
16333,u327,/home,227
16334,u135,/mypage,172
16335,u103,/mypage,55
16336,u466,/event,69
16337,u462,/cart,143
16338,u038,/home,214
16339,u200,/event,280
16340,u279,/cart,164
16341,u241,/product,76
16342,u466,/home,221
16343,u179,/home,91
16344,u467,/cart,79
16345,u460,/product,269
16346,u293,/product,178
16347,u137,/cart,8
16348,u236,/home,35
16349,u329,/home,238
16350,u388,/product,265
16351,u192,/home,87
16352,u125,/home,178
16353,u328,/home,218
16354,u223,/event,49
16355,u130,/mypage,174
16356,u120,/product,102
16357,u398,/home,256
16358,u392,/home,131
16359,u234,/mypage,163
16360,u183,/cart,34
16361,u088,/mypage,283
16362,u356,/product,150
16363,u386,/mypage,92
16364,u081,/home,93
16365,u260,/mypage,37
16366,u183,/product,25
16367,u261,/mypage,182
16368,u072,/home,226
16369,u447,/event,281
16370,u002,/home,81
16371,u214,/mypage,221
16372,u086,/cart,24
16373,u436,/cart,30
16374,u245,/product,70
16375,u143,/mypage,33
16376,u119,/mypage,152
16377,u123,/home,127
16378,u419,/product,188
16379,u024,/product,250
16380,u129,/mypage,204
16381,u417,/product,123
16382,u288,/product,259
16383,u492,/cart,152
16384,u025,/product,247
16385,u329,/event,182
16386,u132,/product,300
16387,u304,/cart,80
16388,u432,/mypage,183
16389,u378,/mypage,10
16390,u098,/product,14
16391,u268,/event,131
16392,u421,/home,148
16393,u285,/event,126
16394,u425,/product,24
16395,u264,/cart,11
16396,u171,/home,140
16397,u480,/mypage,254
16398,u339,/home,172
16399,u300,/home,162
16400,u061,/mypage,65
16401,u467,/product,239
16402,u250,/product,54
16403,u031,/mypage,27
16404,u248,/cart,148
16405,u132,/event,294
16406,u354,/product,291
16407,u055,/home,242
16408,u064,/event,129
16409,u438,/home,16
16410,u103,/cart,183
16411,u202,/mypage,259
16412,u353,/cart,272
16413,u203,/cart,250
16414,u387,/product,246
16415,u151,/cart,194
16416,u208,/event,3
16417,u227,/product,113
16418,u202,/event,30
16419,u393,/cart,241
16420,u135,/home,76
16421,u004,/mypage,55
16422,u279,/home,99
16423,u224,/mypage,108
16424,u257,/product,183
16425,u431,/product,274
16426,u348,/mypage,145
16427,u003,/cart,111
16428,u298,/product,187
16429,u060,/event,10
16430,u071,/event,169
16431,u248,/event,192
16432,u068,/event,215
16433,u288,/cart,287
16434,u479,/home,112
16435,u342,/home,219
16436,u101,/event,241
16437,u268,/home,236
16438,u162,/product,134
16439,u428,/mypage,35
16440,u128,/cart,125
16441,u250,/event,138
16442,u081,/mypage,264
16443,u118,/mypage,113
16444,u006,/product,184
16445,u124,/mypage,188
16446,u070,/event,22
16447,u268,/mypage,178
16448,u097,/product,287
16449,u429,/event,122
16450,u149,/home,48
16451,u044,/cart,251
16452,u428,/cart,234
16453,u169,/cart,251
16454,u104,/event,238
16455,u019,/cart,21
16456,u295,/event,235
16457,u274,/home,159
16458,u187,/event,173
16459,u295,/event,231
16460,u120,/mypage,198
16461,u049,/home,103
16462,u396,/cart,11
16463,u176,/event,106
16464,u466,/event,278
16465,u463,/mypage,50
16466,u473,/home,266
16467,u444,/home,151
16468,u415,/home,255
16469,u495,/cart,220
16470,u320,/cart,110
16471,u017,/event,83
16472,u413,/home,258
16473,u339,/mypage,234
16474,u339,/event,35
16475,u347,/event,296
16476,u302,/home,199
16477,u164,/mypage,237
16478,u093,/product,211
16479,u127,/cart,36
16480,u061,/home,136
16481,u276,/cart,226
16482,u285,/event,231
16483,u478,/home,75
16484,u198,/cart,245
16485,u356,/product,282
16486,u426,/home,284
16487,u497,/product,61
16488,u086,/event,288
16489,u320,/mypage,261
16490,u188,/product,133
16491,u296,/mypage,33
16492,u320,/event,14
16493,u327,/mypage,150
16494,u052,/cart,287
16495,u399,/cart,189
16496,u099,/event,117
16497,u032,/cart,110
16498,u234,/event,105
16499,u064,/mypage,165
16500,u189,/mypage,207
16501,u498,/event,12
16502,u253,/home,223
16503,u385,/mypage,131
16504,u131,/mypage,49
16505,u139,/cart,2
16506,u003,/home,140
16507,u019,/event,190
16508,u211,/home,77
16509,u123,/home,27
16510,u373,/event,160
16511,u497,/home,228
16512,u394,/mypage,249
16513,u082,/mypage,211
16514,u269,/product,91
16515,u376,/mypage,258
16516,u339,/cart,157
16517,u079,/event,106
16518,u381,/cart,133
16519,u302,/event,295
16520,u422,/mypage,77
16521,u459,/cart,59
16522,u409,/mypage,246
16523,u354,/product,211
16524,u209,/cart,142
16525,u229,/cart,261
16526,u462,/event,287
16527,u360,/product,248
16528,u466,/home,31
16529,u430,/cart,97
16530,u499,/mypage,74
16531,u182,/mypage,29
16532,u408,/event,254
16533,u236,/home,286
16534,u166,/product,206
16535,u002,/home,244
16536,u149,/product,11
16537,u132,/home,81
16538,u180,/event,31
16539,u024,/cart,62
16540,u103,/home,210
16541,u350,/event,254
16542,u239,/cart,76
16543,u246,/home,225
16544,u057,/product,230
16545,u295,/event,53
16546,u225,/event,110
16547,u380,/cart,5
16548,u211,/cart,92
16549,u357,/event,81
16550,u292,/mypage,13
16551,u353,/cart,108
16552,u263,/mypage,52
16553,u250,/event,237
16554,u204,/product,86
16555,u435,/event,18
16556,u074,/cart,160
16557,u127,/home,203
16558,u328,/product,295
16559,u035,/cart,262
16560,u159,/event,140
16561,u454,/event,65
16562,u172,/event,28
16563,u423,/cart,197
16564,u414,/event,263
16565,u081,/home,105
16566,u224,/mypage,11
16567,u201,/home,164
16568,u364,/cart,17
16569,u340,/product,202
16570,u467,/home,122
16571,u132,/home,242
16572,u116,/home,70
16573,u080,/home,222
16574,u197,/event,223
16575,u208,/cart,147
16576,u336,/home,167
16577,u120,/product,143
16578,u081,/home,211
16579,u290,/cart,114
16580,u172,/product,86
16581,u484,/mypage,223
16582,u468,/home,239
16583,u282,/home,188
16584,u284,/home,123
16585,u500,/mypage,17
16586,u489,/cart,232
16587,u115,/product,60
16588,u115,/event,228
16589,u439,/mypage,287
16590,u198,/cart,183
16591,u171,/cart,69
16592,u210,/home,162
16593,u062,/home,226
16594,u006,/cart,188
16595,u255,/home,187
16596,u494,/product,192
16597,u019,/mypage,205
16598,u273,/event,137
16599,u149,/home,65
16600,u396,/product,176
16601,u476,/mypage,299
16602,u429,/mypage,223
16603,u336,/product,163
16604,u288,/event,78
16605,u448,/event,127
16606,u161,/event,13
16607,u018,/event,96
16608,u172,/cart,33
16609,u188,/home,248
16610,u410,/mypage,229
16611,u356,/cart,39
16612,u444,/mypage,103
16613,u244,/mypage,129
16614,u302,/cart,112
16615,u035,/product,233
16616,u411,/product,137
16617,u392,/cart,172
16618,u272,/home,34
16619,u320,/event,217
16620,u353,/product,58
16621,u102,/cart,214
16622,u391,/home,204
16623,u142,/event,40
16624,u164,/product,221
16625,u395,/cart,128
16626,u078,/product,66
16627,u434,/cart,231
16628,u021,/mypage,49
16629,u002,/home,139
16630,u271,/home,86
16631,u299,/event,38
16632,u316,/mypage,275
16633,u140,/home,285
16634,u308,/cart,127
16635,u230,/cart,284
16636,u342,/home,70
16637,u458,/event,264
16638,u057,/event,128
16639,u005,/home,267
16640,u437,/home,166
16641,u264,/mypage,7
16642,u169,/mypage,22
16643,u280,/home,138
16644,u009,/product,111
16645,u145,/home,175
16646,u018,/mypage,58
16647,u356,/home,174
16648,u193,/product,175
16649,u491,/mypage,222
16650,u415,/mypage,20
16651,u325,/product,55
16652,u399,/product,36
16653,u050,/event,213
16654,u292,/cart,215
16655,u012,/product,39
16656,u083,/cart,221
16657,u493,/event,217
16658,u398,/cart,74
16659,u259,/home,77
16660,u362,/cart,290
16661,u269,/product,204
16662,u398,/product,27
16663,u235,/cart,261
16664,u422,/mypage,135
16665,u300,/cart,39
16666,u434,/product,200
16667,u003,/mypage,77
16668,u001,/product,115
16669,u041,/cart,222
16670,u190,/event,182
16671,u254,/home,215
16672,u201,/cart,252
16673,u436,/mypage,50
16674,u109,/home,147
16675,u295,/mypage,177
16676,u435,/home,156
16677,u121,/mypage,292
16678,u346,/event,149
16679,u333,/home,204
16680,u139,/cart,21
16681,u271,/event,74
16682,u449,/mypage,166
16683,u098,/product,66
16684,u434,/product,12
16685,u242,/product,139
16686,u458,/mypage,251
16687,u198,/cart,49
16688,u470,/product,212
16689,u051,/product,292
16690,u187,/cart,251
16691,u129,/cart,279
16692,u204,/home,259
16693,u382,/home,166
16694,u438,/mypage,103
16695,u296,/product,160
16696,u453,/home,266
16697,u113,/cart,139
16698,u325,/cart,73
16699,u346,/event,264
16700,u272,/cart,290
16701,u280,/mypage,64
16702,u302,/product,8
16703,u222,/mypage,197
16704,u191,/event,101
16705,u092,/cart,213
16706,u415,/product,235
16707,u224,/product,72
16708,u123,/event,276
16709,u121,/home,90
16710,u241,/cart,119
16711,u464,/cart,63
16712,u273,/product,177
16713,u495,/cart,241
16714,u428,/mypage,17
16715,u083,/product,264
16716,u010,/home,233
16717,u255,/home,14
16718,u216,/product,289
16719,u152,/cart,10
16720,u069,/event,293
16721,u147,/cart,233
16722,u115,/cart,110
16723,u143,/home,145
16724,u357,/product,38
16725,u016,/product,96
16726,u487,/product,64
16727,u424,/mypage,221
16728,u430,/event,240
16729,u439,/mypage,26
16730,u455,/event,217
16731,u328,/event,132
16732,u241,/event,70
16733,u385,/home,50
16734,u041,/home,152
16735,u001,/mypage,118
16736,u261,/cart,127
16737,u380,/event,286
16738,u089,/event,10
16739,u406,/home,280
16740,u229,/event,244
16741,u403,/mypage,178
16742,u330,/product,97
16743,u444,/cart,73
16744,u069,/cart,109
16745,u303,/product,67
16746,u069,/cart,66
16747,u185,/event,245
16748,u231,/product,234
16749,u234,/cart,186
16750,u229,/cart,25
16751,u085,/home,267
16752,u270,/cart,96
16753,u048,/home,145
16754,u270,/cart,222
16755,u018,/product,194
16756,u098,/mypage,118
16757,u299,/event,274
16758,u251,/mypage,259
16759,u448,/cart,91
16760,u416,/home,147
16761,u237,/cart,287
16762,u127,/cart,258
16763,u406,/mypage,160
16764,u229,/event,29
16765,u451,/event,296
16766,u360,/product,91
16767,u270,/cart,124
16768,u067,/home,77
16769,u499,/cart,159
16770,u209,/home,215
16771,u365,/event,149
16772,u211,/event,232
16773,u269,/home,267
16774,u390,/mypage,265
16775,u404,/event,111
16776,u368,/event,41
16777,u448,/product,294
16778,u167,/mypage,149
16779,u400,/cart,300
16780,u070,/home,59
16781,u365,/mypage,172
16782,u384,/event,89
16783,u118,/cart,27
16784,u045,/mypage,144
16785,u236,/product,254
16786,u250,/mypage,217
16787,u071,/event,101
16788,u259,/mypage,195
16789,u453,/cart,150
16790,u393,/mypage,253
16791,u348,/event,292
16792,u044,/event,284
16793,u322,/product,70
16794,u011,/home,282
16795,u368,/home,12
16796,u404,/home,50
16797,u381,/cart,92
16798,u259,/event,214
16799,u306,/home,203
16800,u094,/cart,44
16801,u165,/event,166
16802,u301,/cart,56
16803,u130,/mypage,22
16804,u290,/event,228
16805,u051,/home,262
16806,u005,/home,136
16807,u324,/cart,264
16808,u356,/event,94
16809,u140,/product,90
16810,u248,/cart,202
16811,u217,/cart,66
16812,u318,/cart,265
16813,u102,/home,177
16814,u059,/event,64
16815,u301,/event,80
16816,u381,/cart,33
16817,u093,/product,132
16818,u106,/product,168
16819,u119,/event,238
16820,u192,/event,248
16821,u255,/event,109
16822,u129,/product,199
16823,u410,/cart,273
16824,u438,/event,166
16825,u025,/product,36
16826,u005,/cart,225
16827,u307,/home,132
16828,u001,/event,245
16829,u039,/product,262
16830,u016,/event,44
16831,u482,/mypage,19
16832,u247,/cart,202
16833,u202,/event,255
16834,u427,/cart,243
16835,u078,/home,236
16836,u062,/product,149
16837,u394,/product,189
16838,u200,/event,257
16839,u337,/product,26
16840,u112,/product,179
16841,u388,/product,199
16842,u477,/mypage,191
16843,u367,/product,186
16844,u167,/mypage,229
16845,u373,/event,251
16846,u106,/cart,6
16847,u243,/mypage,48
16848,u383,/home,256
16849,u091,/mypage,115
16850,u335,/mypage,153
16851,u416,/event,198
16852,u138,/event,37
16853,u094,/event,46
16854,u134,/mypage,105
16855,u337,/event,122
16856,u055,/mypage,203
16857,u091,/event,171
16858,u202,/cart,131
16859,u115,/mypage,20
16860,u299,/cart,33
16861,u323,/mypage,173
16862,u202,/event,112
16863,u009,/home,202
16864,u103,/event,75
16865,u365,/home,28
16866,u184,/home,200
16867,u133,/home,229
16868,u262,/event,29
16869,u447,/cart,257
16870,u056,/home,105
16871,u380,/cart,101
16872,u448,/event,127
16873,u310,/event,187
16874,u477,/product,248
16875,u473,/product,163
16876,u298,/mypage,201
16877,u226,/event,241
16878,u357,/home,172
16879,u185,/cart,265
16880,u304,/mypage,19
16881,u243,/home,94
16882,u356,/mypage,197
16883,u312,/mypage,50
16884,u167,/cart,282
16885,u094,/event,5
16886,u026,/product,294
16887,u127,/product,54
16888,u109,/product,201
16889,u261,/mypage,100
16890,u242,/cart,216
16891,u011,/product,33
16892,u128,/event,280
16893,u433,/mypage,148
16894,u039,/cart,256
16895,u247,/home,70
16896,u380,/mypage,35
16897,u270,/cart,89
16898,u359,/cart,33
16899,u370,/mypage,181
16900,u408,/event,44
16901,u243,/event,187
16902,u173,/mypage,81
16903,u080,/product,189
16904,u186,/product,280
16905,u166,/mypage,252
16906,u343,/home,224
16907,u100,/home,78
16908,u394,/product,281
16909,u399,/product,115
16910,u409,/product,183
16911,u487,/product,279
16912,u438,/event,270
16913,u314,/event,54
16914,u192,/product,180
16915,u412,/mypage,210
16916,u154,/event,81
16917,u211,/mypage,159
16918,u436,/event,137
16919,u212,/cart,185
16920,u165,/home,233
16921,u351,/product,267
16922,u126,/home,6
16923,u473,/home,282
16924,u486,/cart,26
16925,u270,/mypage,26
16926,u479,/mypage,246
16927,u162,/event,159
16928,u420,/cart,14
16929,u383,/cart,278
16930,u057,/home,164
16931,u272,/home,56
16932,u001,/mypage,285
16933,u456,/event,250
16934,u305,/event,134
16935,u130,/event,223
16936,u041,/mypage,109
16937,u229,/mypage,281
16938,u489,/event,193
16939,u100,/event,152
16940,u199,/cart,125
16941,u480,/product,120
16942,u154,/event,227
16943,u142,/mypage,210
16944,u499,/product,102
16945,u488,/event,296
16946,u458,/product,80
16947,u407,/event,88
16948,u258,/home,39
16949,u177,/home,93
16950,u112,/event,149
16951,u106,/mypage,256
16952,u126,/cart,161
16953,u026,/cart,85
16954,u060,/mypage,149
16955,u005,/cart,2
16956,u130,/event,67
16957,u385,/event,14
16958,u320,/event,289
16959,u219,/product,39
16960,u139,/cart,250
16961,u231,/product,210
16962,u194,/home,293
16963,u273,/cart,298
16964,u059,/mypage,286
16965,u048,/event,153
16966,u249,/product,200
16967,u224,/cart,105
16968,u315,/event,271
16969,u270,/cart,269
16970,u231,/cart,260
16971,u383,/mypage,178
16972,u463,/cart,232
16973,u060,/product,58
16974,u410,/mypage,275
16975,u130,/cart,136
16976,u491,/mypage,200
16977,u034,/event,125
16978,u433,/mypage,164
16979,u093,/cart,246
16980,u129,/event,245
16981,u248,/cart,122
16982,u225,/product,41
16983,u073,/product,260
16984,u141,/mypage,234
16985,u228,/cart,197
16986,u463,/home,42
16987,u476,/mypage,289
16988,u427,/mypage,241
16989,u171,/cart,253
16990,u304,/mypage,114
16991,u065,/product,21
16992,u328,/home,31
16993,u166,/mypage,7
16994,u164,/cart,180
16995,u379,/home,225
16996,u118,/event,165
16997,u282,/cart,146
16998,u017,/cart,291
16999,u035,/mypage,115
17000,u142,/cart,95
17001,u149,/event,65
17002,u441,/event,53
17003,u069,/product,120
17004,u127,/home,209
17005,u173,/product,104
17006,u191,/product,189
17007,u314,/event,161
17008,u478,/mypage,278
17009,u011,/mypage,203
17010,u416,/product,258
17011,u096,/home,207
17012,u470,/home,269
17013,u251,/mypage,251
17014,u392,/cart,241
17015,u259,/mypage,75
17016,u399,/event,98
17017,u239,/event,127
17018,u025,/mypage,241
17019,u234,/product,298
17020,u329,/mypage,127
17021,u445,/event,198
17022,u211,/home,292
17023,u256,/mypage,256
17024,u258,/cart,172
17025,u500,/home,29
17026,u352,/cart,143
17027,u187,/home,228
17028,u361,/product,205
17029,u081,/mypage,14
17030,u352,/home,9
17031,u476,/event,119
17032,u364,/product,76
17033,u208,/cart,76
17034,u230,/mypage,82
17035,u177,/cart,198
17036,u122,/home,171
17037,u319,/cart,41
17038,u378,/cart,218
17039,u256,/home,35
17040,u235,/event,164
17041,u105,/mypage,283
17042,u431,/event,85
17043,u143,/cart,284
17044,u047,/mypage,284
17045,u236,/home,260
17046,u344,/mypage,156
17047,u004,/event,169
17048,u365,/cart,103
17049,u354,/mypage,2
17050,u187,/product,201
17051,u174,/mypage,245
17052,u073,/event,268
17053,u112,/mypage,190
17054,u018,/event,13
17055,u179,/home,98
17056,u437,/home,210
17057,u311,/event,230
17058,u094,/home,66
17059,u274,/home,163
17060,u199,/mypage,125
17061,u284,/event,15
17062,u424,/product,248
17063,u443,/mypage,171
17064,u115,/event,292
17065,u450,/mypage,80
17066,u058,/cart,294
17067,u088,/cart,44
17068,u115,/event,53
17069,u246,/product,2
17070,u446,/event,99
17071,u290,/home,271
17072,u191,/mypage,111
17073,u018,/event,287
17074,u134,/mypage,105
17075,u441,/event,265
17076,u476,/home,217
17077,u227,/product,102
17078,u275,/event,218
17079,u173,/event,24
17080,u479,/event,244
17081,u247,/cart,180
17082,u289,/cart,230
17083,u402,/product,168
17084,u149,/home,2
17085,u164,/event,247
17086,u461,/product,182
17087,u007,/cart,21
17088,u092,/cart,273
17089,u334,/mypage,258
17090,u281,/home,14
17091,u322,/mypage,164
17092,u413,/cart,271
17093,u230,/product,109
17094,u176,/event,258
17095,u150,/cart,242
17096,u323,/product,24
17097,u270,/home,79
17098,u148,/home,9
17099,u407,/cart,44
17100,u190,/home,240
17101,u377,/cart,297
17102,u126,/home,208
17103,u195,/home,268
17104,u344,/home,220
17105,u393,/home,45
17106,u176,/cart,196
17107,u497,/event,46
17108,u119,/cart,9
17109,u361,/cart,226
17110,u340,/cart,24
17111,u022,/home,160
17112,u172,/mypage,155
17113,u018,/mypage,71
17114,u067,/event,12
17115,u208,/mypage,20
17116,u475,/event,159
17117,u311,/cart,124
17118,u171,/event,179
17119,u379,/mypage,21
17120,u472,/product,202
17121,u109,/mypage,112
17122,u207,/cart,250
17123,u072,/product,156
17124,u186,/cart,262
17125,u470,/home,249
17126,u020,/mypage,114
17127,u121,/cart,34
17128,u401,/cart,95
17129,u134,/cart,209
17130,u206,/product,19
17131,u395,/home,18
17132,u134,/cart,109
17133,u303,/mypage,10
17134,u140,/mypage,279
17135,u410,/event,254
17136,u324,/product,162
17137,u054,/cart,6
17138,u352,/mypage,193
17139,u057,/event,27
17140,u290,/mypage,258
17141,u484,/event,108
17142,u038,/event,8
17143,u488,/mypage,257
17144,u496,/home,204
17145,u497,/event,274
17146,u467,/mypage,53
17147,u115,/home,118
17148,u440,/mypage,151
17149,u195,/mypage,56
17150,u348,/product,282
17151,u050,/cart,28
17152,u052,/event,130
17153,u167,/cart,210
17154,u198,/product,190
17155,u225,/product,58
17156,u080,/cart,113
17157,u216,/home,66
17158,u226,/event,257
17159,u232,/event,89
17160,u395,/product,300
17161,u182,/event,300
17162,u483,/cart,251
17163,u144,/cart,20
17164,u285,/home,289
17165,u332,/mypage,232
17166,u062,/event,119
17167,u334,/product,46
17168,u389,/cart,254
17169,u049,/event,19
17170,u458,/cart,89
17171,u196,/home,136
17172,u428,/cart,230
17173,u045,/event,171
17174,u019,/cart,135
17175,u393,/home,190
17176,u095,/event,134
17177,u146,/cart,257
17178,u379,/product,213
17179,u379,/mypage,147
17180,u373,/cart,132
17181,u045,/mypage,59
17182,u428,/product,238
17183,u286,/home,131
17184,u305,/mypage,249
17185,u425,/event,70
17186,u011,/mypage,97
17187,u416,/mypage,99
17188,u228,/product,201
17189,u477,/cart,85
17190,u160,/product,244
17191,u344,/event,2
17192,u361,/event,145
17193,u338,/home,160
17194,u224,/cart,139
17195,u002,/product,223
17196,u356,/home,98
17197,u181,/product,145
17198,u080,/cart,181
17199,u175,/event,45
17200,u286,/product,74
17201,u419,/event,79
17202,u426,/home,107
17203,u274,/cart,63
17204,u442,/cart,177
17205,u038,/home,295
17206,u342,/cart,140
17207,u477,/product,186
17208,u396,/product,247
17209,u174,/home,189
17210,u206,/mypage,258
17211,u327,/home,262
17212,u464,/cart,270
17213,u473,/product,7
17214,u225,/product,242
17215,u037,/product,201
17216,u097,/product,158
17217,u017,/product,109
17218,u251,/mypage,54
17219,u376,/product,78
17220,u209,/event,82
17221,u232,/product,125
17222,u080,/event,65
17223,u230,/event,220
17224,u225,/cart,223
17225,u452,/mypage,172
17226,u467,/mypage,261
17227,u441,/home,298
17228,u325,/cart,198
17229,u276,/event,235
17230,u386,/cart,299
17231,u352,/product,295
17232,u149,/cart,100
17233,u404,/home,104
17234,u214,/event,178
17235,u327,/event,81
17236,u444,/event,210
17237,u259,/cart,3
17238,u466,/cart,118
17239,u208,/event,225
17240,u331,/mypage,108
17241,u391,/product,17
17242,u098,/home,204
17243,u064,/product,55
17244,u248,/event,8
17245,u175,/product,155
17246,u022,/product,284
17247,u349,/mypage,114
17248,u097,/product,53
17249,u335,/cart,50
17250,u263,/home,54
17251,u204,/event,144
17252,u277,/home,81
17253,u128,/event,70
17254,u276,/home,62
17255,u447,/mypage,114
17256,u257,/mypage,188
17257,u489,/product,37
17258,u057,/cart,142
17259,u397,/product,289
17260,u248,/mypage,49
17261,u185,/event,126
17262,u134,/home,163
17263,u297,/home,12
17264,u345,/event,219
17265,u007,/mypage,216
17266,u434,/product,121
17267,u367,/event,181
17268,u031,/cart,204
17269,u020,/product,211
17270,u468,/product,74
17271,u160,/event,283
17272,u328,/mypage,68
17273,u075,/cart,54
17274,u327,/mypage,75
17275,u445,/event,51
17276,u483,/product,173
17277,u023,/event,65
17278,u034,/home,272
17279,u149,/home,40
17280,u166,/event,298
17281,u255,/home,203
17282,u070,/mypage,269
17283,u033,/home,289
17284,u314,/event,182
17285,u095,/event,272
17286,u203,/event,192
17287,u026,/mypage,110
17288,u215,/mypage,48
17289,u391,/event,286
17290,u477,/product,59
17291,u149,/home,227
17292,u489,/product,242
17293,u101,/home,270
17294,u352,/event,43
17295,u473,/cart,102
17296,u297,/home,100
17297,u317,/home,80
17298,u014,/home,175
17299,u433,/event,91
17300,u204,/home,247
17301,u004,/product,146
17302,u253,/cart,263
17303,u423,/cart,230
17304,u320,/mypage,274
17305,u432,/mypage,88
17306,u033,/product,87
17307,u237,/product,273
17308,u061,/cart,90
17309,u079,/mypage,107
17310,u089,/product,295
17311,u233,/product,168
17312,u132,/home,58
17313,u152,/mypage,128
17314,u282,/cart,251
17315,u395,/cart,150
17316,u121,/home,260
17317,u275,/event,160
17318,u185,/mypage,138
17319,u233,/mypage,27
17320,u030,/event,294
17321,u089,/cart,220
17322,u111,/event,211
17323,u307,/mypage,124
17324,u245,/cart,185
17325,u327,/cart,9
17326,u144,/cart,279
17327,u125,/mypage,253
17328,u185,/home,7
17329,u448,/event,238
17330,u497,/home,298
17331,u028,/product,60
17332,u228,/product,49
17333,u323,/home,117
17334,u393,/cart,257
17335,u002,/cart,99
17336,u108,/product,57
17337,u413,/cart,216
17338,u298,/event,136
17339,u010,/home,25
17340,u043,/cart,208
17341,u016,/home,103
17342,u472,/product,168
17343,u096,/home,223
17344,u086,/product,197
17345,u028,/mypage,107
17346,u040,/event,142
17347,u067,/event,205
17348,u429,/product,119
17349,u060,/event,49
17350,u150,/home,282
17351,u489,/product,98
17352,u054,/home,33
17353,u244,/home,230
17354,u062,/mypage,299
17355,u152,/cart,239
17356,u472,/cart,24
17357,u172,/home,294
17358,u186,/home,284
17359,u038,/mypage,6
17360,u003,/cart,212
17361,u395,/event,120
17362,u327,/cart,81
17363,u411,/event,116
17364,u187,/mypage,189
17365,u045,/event,222
17366,u123,/cart,94
17367,u136,/home,123
17368,u334,/home,77
17369,u361,/product,270
17370,u402,/event,246
17371,u051,/home,204
17372,u213,/cart,217
17373,u012,/product,151
17374,u298,/product,99
17375,u188,/event,226
17376,u228,/cart,42
17377,u341,/cart,297
17378,u023,/cart,242
17379,u044,/event,173
17380,u099,/product,66
17381,u366,/event,253
17382,u356,/cart,84
17383,u202,/home,162
17384,u270,/event,268
17385,u320,/mypage,60
17386,u206,/mypage,128
17387,u051,/event,55
17388,u163,/home,48
17389,u035,/cart,84
17390,u371,/cart,60
17391,u081,/cart,257
17392,u160,/cart,157
17393,u495,/event,226
17394,u112,/home,105
17395,u228,/home,241
17396,u459,/cart,48
17397,u294,/home,210
17398,u206,/mypage,165
17399,u159,/cart,28
17400,u278,/cart,244
17401,u380,/home,99
17402,u131,/home,63
17403,u333,/home,253
17404,u207,/home,237
17405,u015,/event,54
17406,u106,/home,59
17407,u054,/product,232
17408,u110,/mypage,114
17409,u439,/home,268
17410,u324,/home,233
17411,u084,/home,126
17412,u494,/cart,241
17413,u301,/event,184
17414,u489,/event,133
17415,u007,/home,33
17416,u292,/home,163
17417,u149,/product,205
17418,u371,/home,225
17419,u284,/product,149
17420,u039,/home,216
17421,u446,/cart,106
17422,u139,/product,156
17423,u492,/home,63
17424,u130,/event,163
17425,u450,/cart,203
17426,u483,/event,74
17427,u141,/mypage,75
17428,u065,/product,32
17429,u330,/event,151
17430,u065,/home,41
17431,u217,/mypage,134
17432,u205,/home,115
17433,u266,/mypage,179
17434,u051,/cart,77
17435,u122,/cart,217
17436,u201,/cart,76
17437,u034,/event,147
17438,u218,/cart,167
17439,u097,/product,51
17440,u485,/event,139
17441,u298,/cart,5
17442,u221,/home,166
17443,u331,/cart,53
17444,u050,/product,244
17445,u476,/home,115
17446,u329,/cart,218
17447,u381,/product,54
17448,u388,/home,255
17449,u279,/mypage,24
17450,u328,/event,275
17451,u220,/mypage,165
17452,u232,/event,28
17453,u058,/mypage,270
17454,u117,/home,141
17455,u055,/cart,143
17456,u328,/cart,251
17457,u157,/event,124
17458,u122,/cart,115
17459,u191,/mypage,241
17460,u128,/event,245
17461,u018,/home,219
17462,u258,/cart,80
17463,u429,/cart,124
17464,u040,/event,164
17465,u025,/cart,3
17466,u408,/mypage,110
17467,u243,/home,43
17468,u467,/home,266
17469,u168,/mypage,204
17470,u286,/mypage,230
17471,u138,/home,184
17472,u087,/mypage,11
17473,u168,/cart,17
17474,u307,/cart,248
17475,u472,/mypage,79
17476,u258,/home,272
17477,u137,/event,79
17478,u200,/event,259
17479,u026,/event,106
17480,u380,/mypage,89
17481,u148,/home,219
17482,u482,/home,47
17483,u306,/cart,138
17484,u019,/event,91
17485,u379,/event,263
17486,u331,/mypage,14
17487,u262,/mypage,28
17488,u202,/mypage,104
17489,u046,/home,77
17490,u492,/home,236
17491,u480,/mypage,171
17492,u309,/product,284
17493,u077,/product,108
17494,u124,/home,95
17495,u169,/event,249
17496,u256,/product,178
17497,u002,/product,266
17498,u436,/cart,220
17499,u064,/event,90
17500,u353,/event,60
17501,u491,/cart,48
17502,u098,/cart,90
17503,u255,/event,97
17504,u074,/product,162
17505,u334,/event,120
17506,u359,/event,131
17507,u093,/home,159
17508,u370,/product,7
17509,u312,/cart,95
17510,u018,/event,123
17511,u459,/event,134
17512,u058,/cart,261
17513,u234,/home,148
17514,u074,/cart,26
17515,u441,/cart,291
17516,u070,/cart,116
17517,u488,/home,295
17518,u187,/cart,281
17519,u252,/event,115
17520,u203,/cart,94
17521,u251,/product,236
17522,u300,/cart,233
17523,u077,/product,267
17524,u370,/home,217
17525,u492,/home,66
17526,u299,/product,44
17527,u123,/cart,54
17528,u053,/home,123
17529,u336,/product,26
17530,u055,/home,244
17531,u169,/product,191
17532,u485,/home,92
17533,u445,/cart,208
17534,u499,/mypage,143
17535,u489,/mypage,148
17536,u365,/home,88
17537,u109,/product,65
17538,u093,/product,88
17539,u465,/home,286
17540,u248,/product,269
17541,u386,/cart,243
17542,u031,/mypage,156
17543,u107,/mypage,54
17544,u128,/event,7
17545,u270,/cart,288
17546,u450,/event,266
17547,u106,/event,87
17548,u064,/product,58
17549,u218,/mypage,96
17550,u072,/event,28
17551,u265,/home,108
17552,u229,/home,191
17553,u055,/mypage,119
17554,u039,/event,279
17555,u155,/cart,279
17556,u287,/product,277
17557,u002,/product,228
17558,u327,/cart,225
17559,u455,/product,279
17560,u064,/home,115
17561,u407,/product,229
17562,u032,/cart,295
17563,u137,/event,87
17564,u157,/cart,161
17565,u158,/home,226
17566,u439,/event,8
17567,u008,/cart,120
17568,u471,/cart,165
17569,u333,/mypage,266
17570,u067,/product,136
17571,u283,/home,64
17572,u399,/mypage,15
17573,u342,/mypage,92
17574,u290,/product,265
17575,u165,/home,70
17576,u374,/mypage,144
17577,u252,/event,284
17578,u392,/product,175
17579,u264,/event,182
17580,u113,/event,36
17581,u191,/event,151
17582,u052,/cart,121
17583,u111,/home,229
17584,u396,/home,196
17585,u211,/event,253
17586,u032,/event,110
17587,u392,/product,47
17588,u052,/mypage,36
17589,u368,/event,48
17590,u054,/mypage,171
17591,u173,/product,14
17592,u305,/product,251
17593,u106,/home,98
17594,u131,/home,118
17595,u250,/event,40
17596,u498,/event,5
17597,u397,/product,249
17598,u293,/product,15
17599,u213,/home,276
17600,u298,/product,27
17601,u459,/home,147
17602,u471,/cart,265
17603,u067,/home,245
17604,u074,/home,201
17605,u094,/cart,230
17606,u499,/cart,66
17607,u153,/event,287
17608,u139,/event,125
17609,u076,/cart,165
17610,u032,/event,169
17611,u428,/product,295
17612,u339,/mypage,13
17613,u172,/product,197
17614,u414,/event,62
17615,u067,/home,231
17616,u082,/home,177
17617,u245,/mypage,12
17618,u434,/product,161
17619,u357,/cart,6
17620,u472,/mypage,51
17621,u292,/mypage,213
17622,u277,/cart,143
17623,u165,/event,168
17624,u488,/event,276
17625,u400,/home,229
17626,u135,/cart,95
17627,u018,/cart,134
17628,u029,/cart,44
17629,u499,/cart,167
17630,u215,/event,144
17631,u005,/mypage,90
17632,u025,/home,202
17633,u331,/event,162
17634,u308,/mypage,125
17635,u019,/home,37
17636,u115,/cart,41
17637,u156,/home,179
17638,u378,/mypage,27
17639,u199,/event,10
17640,u293,/home,131
17641,u402,/cart,222
17642,u184,/cart,266
17643,u132,/home,26
17644,u007,/home,151
17645,u020,/home,150
17646,u366,/event,131
17647,u435,/cart,129
17648,u320,/event,198
17649,u271,/product,152
17650,u375,/mypage,226
17651,u180,/product,185
17652,u209,/home,145
17653,u459,/mypage,298
17654,u310,/product,145
17655,u203,/event,69
17656,u162,/event,217
17657,u031,/home,99
17658,u272,/home,241
17659,u309,/cart,41
17660,u046,/mypage,58
17661,u088,/home,197
17662,u181,/product,191
17663,u031,/mypage,61
17664,u189,/mypage,169
17665,u309,/home,158
17666,u124,/home,174
17667,u482,/home,225
17668,u445,/home,255
17669,u132,/home,222
17670,u351,/cart,247
17671,u487,/event,199
17672,u450,/product,52
17673,u321,/home,118
17674,u398,/product,127
17675,u063,/mypage,235
17676,u206,/event,30
17677,u084,/cart,158
17678,u494,/event,52
17679,u212,/mypage,131
17680,u472,/cart,143
17681,u195,/mypage,215
17682,u145,/cart,259
17683,u311,/product,129
17684,u350,/cart,44
17685,u483,/mypage,117
17686,u095,/mypage,35
17687,u444,/home,124
17688,u443,/event,66
17689,u140,/cart,253
17690,u478,/mypage,81
17691,u400,/mypage,235
17692,u384,/cart,295
17693,u048,/cart,154
17694,u498,/mypage,295
17695,u157,/home,3
17696,u295,/cart,197
17697,u174,/mypage,131
17698,u460,/event,121
17699,u452,/mypage,80
17700,u330,/cart,287
17701,u380,/mypage,254
17702,u287,/home,245
17703,u385,/product,245
17704,u204,/event,215
17705,u412,/cart,293
17706,u241,/product,232
17707,u272,/home,165
17708,u128,/cart,76
17709,u180,/home,289
17710,u052,/mypage,233
17711,u063,/event,65
17712,u434,/mypage,293
17713,u229,/cart,227
17714,u223,/event,222
17715,u218,/event,30
17716,u355,/mypage,42
17717,u302,/home,98
17718,u458,/cart,84
17719,u195,/cart,65
17720,u176,/mypage,108
17721,u058,/event,223
17722,u443,/mypage,255
17723,u433,/home,272
17724,u407,/cart,216
17725,u386,/event,164
17726,u295,/home,14
17727,u322,/cart,224
17728,u376,/product,213
17729,u249,/home,156
17730,u439,/cart,229
17731,u245,/event,57
17732,u140,/home,182
17733,u413,/event,240
17734,u484,/home,70
17735,u497,/cart,10
17736,u357,/home,185
17737,u189,/cart,132
17738,u317,/cart,19
17739,u328,/mypage,276
17740,u165,/event,166
17741,u068,/cart,200
17742,u323,/product,252
17743,u133,/cart,282
17744,u138,/cart,173
17745,u376,/cart,243
17746,u200,/event,108
17747,u124,/cart,140
17748,u498,/product,2
17749,u363,/cart,14
17750,u290,/cart,111
17751,u400,/home,231
17752,u083,/event,241
17753,u067,/mypage,74
17754,u244,/event,293
17755,u168,/mypage,285
17756,u255,/home,285
17757,u298,/cart,81
17758,u377,/event,207
17759,u012,/product,210
17760,u474,/event,277
17761,u016,/product,238
17762,u223,/cart,136
17763,u277,/product,147
17764,u101,/cart,24
17765,u029,/event,204
17766,u411,/home,222
17767,u182,/product,245
17768,u254,/event,270
17769,u132,/product,143
17770,u252,/home,216
17771,u148,/mypage,34
17772,u301,/home,200
17773,u099,/event,298
17774,u171,/home,242
17775,u412,/product,176
17776,u311,/product,177
17777,u019,/home,199
17778,u311,/home,179
17779,u219,/mypage,244
17780,u272,/home,246
17781,u320,/mypage,73
17782,u107,/home,245
17783,u343,/home,11
17784,u269,/home,101
17785,u111,/cart,297
17786,u010,/product,107
17787,u485,/event,154
17788,u119,/product,222
17789,u294,/product,143
17790,u320,/cart,51
17791,u283,/home,47
17792,u357,/event,296
17793,u328,/cart,61
17794,u061,/product,294
17795,u434,/cart,216
17796,u462,/cart,21
17797,u127,/home,55
17798,u278,/product,284
17799,u237,/mypage,49
17800,u135,/event,183
17801,u303,/cart,50
17802,u043,/product,15
17803,u415,/product,119
17804,u289,/home,189
17805,u309,/event,222
17806,u349,/event,297
17807,u130,/product,112
17808,u294,/cart,97
17809,u286,/product,247
17810,u183,/cart,82
17811,u272,/mypage,154
17812,u198,/product,243
17813,u369,/event,124
17814,u157,/mypage,167
17815,u028,/product,5
17816,u418,/product,230
17817,u244,/product,41
17818,u233,/mypage,105
17819,u417,/home,206
17820,u082,/cart,24
17821,u486,/cart,181
17822,u102,/product,218
17823,u228,/mypage,75
17824,u143,/cart,262
17825,u126,/event,74
17826,u203,/mypage,237
17827,u391,/event,124
17828,u376,/mypage,270
17829,u292,/cart,41
17830,u411,/product,270
17831,u496,/event,227
17832,u085,/mypage,250
17833,u246,/cart,255
17834,u404,/mypage,197
17835,u471,/mypage,43
17836,u027,/cart,10
17837,u227,/event,85
17838,u306,/event,196
17839,u161,/product,145
17840,u052,/cart,249
17841,u113,/home,264
17842,u026,/product,10
17843,u147,/home,136
17844,u040,/home,236
17845,u413,/home,291
17846,u036,/product,144
17847,u128,/product,234
17848,u029,/product,217
17849,u187,/event,271
17850,u473,/home,150
17851,u318,/event,114
17852,u410,/cart,163
17853,u016,/home,299
17854,u108,/cart,108
17855,u463,/home,41
17856,u016,/home,166
17857,u262,/cart,190
17858,u203,/event,116
17859,u489,/home,113
17860,u245,/home,24
17861,u371,/home,237
17862,u141,/mypage,98
17863,u048,/event,185
17864,u213,/home,256
17865,u120,/home,95
17866,u484,/home,228
17867,u110,/event,110
17868,u121,/mypage,247
17869,u416,/home,43
17870,u431,/home,51
17871,u339,/cart,290
17872,u088,/event,81
17873,u040,/mypage,81
17874,u471,/product,134
17875,u008,/home,213
17876,u040,/product,269
17877,u196,/cart,139
17878,u434,/mypage,219
17879,u475,/event,28
17880,u088,/cart,44
17881,u500,/cart,128
17882,u175,/mypage,22
17883,u428,/cart,242
17884,u043,/home,286
17885,u365,/home,17
17886,u490,/cart,174
17887,u027,/home,162
17888,u383,/product,36
17889,u363,/home,293
17890,u484,/cart,209
17891,u030,/product,247
17892,u208,/mypage,98
17893,u410,/cart,254
17894,u249,/mypage,224
17895,u214,/home,168
17896,u132,/mypage,171
17897,u193,/product,163
17898,u242,/cart,5
17899,u429,/cart,87
17900,u092,/cart,206
17901,u443,/cart,30
17902,u199,/mypage,135
17903,u340,/mypage,213
17904,u388,/home,252
17905,u173,/cart,55
17906,u379,/mypage,82
17907,u256,/event,56
17908,u407,/home,154
17909,u288,/mypage,50
17910,u196,/home,189
17911,u494,/mypage,11
17912,u485,/home,291
17913,u256,/cart,182
17914,u467,/event,22
17915,u286,/product,206
17916,u252,/mypage,196
17917,u436,/cart,24
17918,u135,/cart,149
17919,u047,/cart,143
17920,u383,/product,134
17921,u393,/product,208
17922,u253,/home,272
17923,u276,/home,178
17924,u435,/home,34
17925,u169,/home,117
17926,u225,/mypage,213
17927,u395,/product,211
17928,u262,/cart,228
17929,u023,/cart,74
17930,u131,/home,211
17931,u372,/mypage,259
17932,u060,/cart,77
17933,u448,/home,228
17934,u500,/event,276
17935,u041,/event,6
17936,u023,/event,274
17937,u040,/cart,113
17938,u219,/cart,296
17939,u242,/product,116
17940,u306,/event,201
17941,u211,/home,25
17942,u161,/cart,63
17943,u444,/event,43
17944,u166,/home,15
17945,u408,/event,222
17946,u008,/home,235
17947,u179,/home,275
17948,u451,/home,3
17949,u461,/event,243
17950,u284,/cart,92
17951,u260,/cart,189
17952,u186,/event,224
17953,u053,/mypage,220
17954,u472,/event,247
17955,u410,/home,222
17956,u220,/event,68
17957,u353,/home,82
17958,u409,/product,284
17959,u389,/product,154
17960,u301,/home,133
17961,u106,/home,78
17962,u057,/cart,82
17963,u232,/product,187
17964,u319,/event,274
17965,u114,/product,217
17966,u489,/event,144
17967,u402,/home,269
17968,u348,/mypage,53
17969,u088,/home,177
17970,u304,/mypage,138
17971,u414,/cart,239
17972,u322,/event,274
17973,u441,/mypage,15
17974,u047,/product,85
17975,u176,/event,67
17976,u032,/mypage,111
17977,u213,/home,8
17978,u441,/mypage,277
17979,u020,/product,184
17980,u252,/home,36
17981,u436,/event,87
17982,u368,/home,204
17983,u368,/product,235
17984,u032,/product,191
17985,u475,/cart,181
17986,u454,/mypage,55
17987,u163,/home,201
17988,u225,/event,40
17989,u224,/event,78
17990,u294,/event,178
17991,u278,/event,99
17992,u198,/home,68
17993,u400,/cart,125
17994,u442,/event,263
17995,u250,/product,74
17996,u415,/home,76
17997,u092,/cart,142
17998,u185,/home,282
17999,u484,/home,199
18000,u315,/cart,10
18001,u314,/event,287
18002,u410,/event,105
18003,u422,/mypage,255
18004,u467,/home,275
18005,u469,/product,148
18006,u457,/home,29
18007,u027,/home,224
18008,u200,/cart,277
18009,u150,/mypage,148
18010,u492,/product,289
18011,u119,/home,3
18012,u142,/event,32
18013,u116,/cart,213
18014,u001,/mypage,255
18015,u455,/home,197
18016,u142,/mypage,126
18017,u241,/cart,3
18018,u146,/cart,240
18019,u453,/mypage,27
18020,u326,/cart,284
18021,u421,/product,30
18022,u135,/event,8
18023,u065,/event,272
18024,u296,/home,82
18025,u435,/event,218
18026,u135,/cart,59
18027,u097,/home,25
18028,u165,/home,61
18029,u459,/mypage,280
18030,u475,/cart,252
18031,u169,/cart,247
18032,u108,/mypage,261
18033,u397,/home,278
18034,u145,/product,249
18035,u158,/home,196
18036,u082,/mypage,85
18037,u257,/cart,2
18038,u228,/product,177
18039,u162,/product,95
18040,u007,/cart,72
18041,u493,/mypage,185
18042,u038,/cart,190
18043,u460,/home,60
18044,u097,/cart,81
18045,u130,/event,42
18046,u048,/event,284
18047,u262,/event,177
18048,u007,/cart,63
18049,u107,/mypage,62
18050,u450,/mypage,137
18051,u045,/mypage,13
18052,u184,/home,149
18053,u053,/product,12
18054,u496,/home,253
18055,u133,/home,141
18056,u377,/cart,35
18057,u170,/event,298
18058,u310,/product,111
18059,u411,/product,243
18060,u209,/mypage,75
18061,u402,/event,288
18062,u293,/mypage,136
18063,u230,/product,262
18064,u239,/mypage,104
18065,u022,/mypage,78
18066,u346,/cart,92
18067,u436,/product,25
18068,u193,/home,188
18069,u212,/product,211
18070,u416,/home,225
18071,u042,/product,155
18072,u425,/home,105
18073,u245,/product,153
18074,u316,/home,71
18075,u331,/cart,275
18076,u417,/home,291
18077,u114,/event,200
18078,u297,/cart,98
18079,u221,/cart,107
18080,u496,/event,180
18081,u348,/product,44
18082,u337,/cart,162
18083,u355,/mypage,144
18084,u191,/event,283
18085,u390,/home,189
18086,u017,/mypage,299
18087,u164,/home,151
18088,u196,/product,56
18089,u274,/event,282
18090,u297,/event,211
18091,u400,/product,123
18092,u500,/home,66
18093,u102,/home,144
18094,u080,/product,124
18095,u417,/product,266
18096,u269,/product,54
18097,u339,/mypage,198
18098,u003,/product,167
18099,u014,/mypage,79
18100,u254,/home,133
18101,u003,/home,159
18102,u126,/mypage,223
18103,u476,/event,220
18104,u264,/cart,240
18105,u021,/event,79
18106,u200,/home,83
18107,u238,/cart,245
18108,u376,/mypage,215
18109,u488,/event,104
18110,u212,/mypage,15
18111,u183,/product,249
18112,u100,/mypage,30
18113,u432,/mypage,270
18114,u500,/product,104
18115,u098,/home,289
18116,u236,/home,48
18117,u312,/mypage,278
18118,u087,/cart,238
18119,u256,/home,239
18120,u186,/home,269
18121,u355,/event,71
18122,u054,/home,289
18123,u260,/event,97
18124,u207,/event,271
18125,u479,/product,259
18126,u333,/home,217
18127,u279,/mypage,199
18128,u006,/home,194
18129,u397,/event,259
18130,u349,/mypage,33
18131,u449,/product,250
18132,u302,/home,160
18133,u373,/product,190
18134,u088,/mypage,137
18135,u194,/cart,258
18136,u476,/home,217
18137,u280,/home,231
18138,u306,/product,81
18139,u324,/cart,52
18140,u341,/mypage,234
18141,u310,/event,5
18142,u112,/home,22
18143,u286,/home,272
18144,u109,/cart,287
18145,u372,/home,280
18146,u469,/cart,133
18147,u132,/mypage,234
18148,u283,/mypage,23
18149,u484,/cart,274
18150,u127,/product,131
18151,u214,/cart,277
18152,u194,/event,70
18153,u199,/home,94
18154,u052,/product,36
18155,u344,/mypage,16
18156,u217,/event,213
18157,u153,/home,164
18158,u473,/mypage,296
18159,u244,/cart,114
18160,u328,/home,272
18161,u256,/mypage,5
18162,u432,/product,228
18163,u269,/product,172
18164,u362,/product,225
18165,u055,/product,215
18166,u377,/mypage,271
18167,u255,/home,148
18168,u459,/home,171
18169,u403,/cart,250
18170,u277,/home,121
18171,u324,/event,103
18172,u366,/home,146
18173,u420,/product,62
18174,u431,/event,174
18175,u199,/product,139
18176,u247,/mypage,142
18177,u495,/cart,127
18178,u101,/home,255
18179,u500,/mypage,82
18180,u231,/product,20
18181,u181,/mypage,245
18182,u210,/event,70
18183,u017,/mypage,159
18184,u423,/home,226
18185,u267,/cart,206
18186,u130,/home,59
18187,u171,/event,230
18188,u151,/event,198
18189,u072,/home,249
18190,u262,/cart,219
18191,u176,/product,162
18192,u463,/cart,154
18193,u077,/cart,172
18194,u288,/event,206
18195,u233,/product,92
18196,u294,/mypage,29
18197,u238,/product,70
18198,u368,/event,242
18199,u316,/cart,23
18200,u222,/home,51
18201,u161,/cart,54
18202,u117,/mypage,84
18203,u225,/product,286
18204,u209,/mypage,270
18205,u112,/product,70
18206,u412,/product,275
18207,u342,/mypage,269
18208,u200,/product,80
18209,u184,/cart,217
18210,u333,/mypage,216
18211,u096,/mypage,212
18212,u458,/event,45
18213,u031,/product,185
18214,u206,/cart,255
18215,u138,/mypage,27
18216,u287,/cart,103
18217,u252,/home,157
18218,u427,/mypage,83
18219,u211,/product,247
18220,u119,/cart,3
18221,u332,/event,17
18222,u027,/home,77
18223,u421,/event,212
18224,u442,/cart,200
18225,u326,/home,300
18226,u410,/event,39
18227,u146,/mypage,19
18228,u291,/home,4
18229,u025,/mypage,55
18230,u221,/event,183
18231,u428,/mypage,166
18232,u159,/cart,160
18233,u479,/product,20
18234,u028,/home,243
18235,u454,/mypage,138
18236,u438,/event,67
18237,u336,/event,153
18238,u442,/product,3
18239,u467,/cart,93
18240,u421,/product,175
18241,u341,/mypage,293
18242,u260,/event,102
18243,u029,/event,102
18244,u081,/home,211
18245,u204,/cart,205
18246,u292,/home,24
18247,u384,/event,31
18248,u322,/mypage,207
18249,u385,/home,61
18250,u417,/event,48
18251,u110,/cart,1
18252,u328,/product,184
18253,u018,/home,209
18254,u139,/product,76
18255,u235,/event,132
18256,u126,/cart,295
18257,u331,/cart,212
18258,u174,/product,221
18259,u345,/cart,32
18260,u434,/cart,99
18261,u146,/event,252
18262,u345,/cart,41
18263,u042,/event,8
18264,u081,/mypage,192
18265,u359,/mypage,181
18266,u099,/mypage,276
18267,u370,/event,176
18268,u184,/mypage,288
18269,u253,/cart,289
18270,u478,/product,31
18271,u134,/home,177
18272,u452,/cart,84
18273,u493,/mypage,85
18274,u391,/product,26
18275,u413,/home,205
18276,u473,/cart,119
18277,u011,/product,69
18278,u309,/event,235
18279,u361,/cart,151
18280,u330,/cart,117
18281,u117,/product,159
18282,u177,/event,269
18283,u220,/event,145
18284,u450,/home,152
18285,u439,/event,233
18286,u067,/cart,202
18287,u369,/cart,247
18288,u077,/mypage,109
18289,u339,/cart,53
18290,u289,/home,210
18291,u231,/home,12
18292,u017,/mypage,294
18293,u227,/mypage,150
18294,u150,/product,261
18295,u085,/mypage,292
18296,u127,/home,195
18297,u326,/cart,68
18298,u063,/product,258
18299,u065,/event,183
18300,u260,/cart,241
18301,u497,/home,93
18302,u146,/mypage,37
18303,u001,/cart,187
18304,u241,/mypage,294
18305,u291,/home,186
18306,u393,/mypage,134
18307,u118,/cart,180
18308,u457,/event,180
18309,u493,/home,76
18310,u395,/product,147
18311,u105,/cart,141
18312,u029,/event,14
18313,u264,/home,213
18314,u437,/product,37
18315,u482,/product,169
18316,u313,/cart,123
18317,u166,/event,277
18318,u384,/cart,167
18319,u318,/home,242
18320,u108,/home,80
18321,u268,/product,38
18322,u327,/home,37
18323,u094,/event,158
18324,u327,/product,49
18325,u498,/mypage,41
18326,u164,/cart,135
18327,u394,/event,284
18328,u259,/mypage,112
18329,u393,/event,234
18330,u027,/event,30
18331,u190,/home,228
18332,u013,/mypage,190
18333,u485,/home,206
18334,u478,/product,198
18335,u343,/product,95
18336,u228,/event,92
18337,u478,/cart,104
18338,u067,/event,172
18339,u232,/product,2
18340,u491,/event,269
18341,u027,/cart,252
18342,u021,/event,263
18343,u319,/product,226
18344,u310,/mypage,256
18345,u254,/cart,84
18346,u359,/product,223
18347,u428,/product,200
18348,u290,/home,266
18349,u154,/cart,142
18350,u138,/home,280
18351,u345,/product,260
18352,u469,/cart,232
18353,u499,/mypage,79
18354,u270,/product,205
18355,u414,/product,10
18356,u052,/event,181
18357,u054,/cart,296
18358,u161,/product,247
18359,u476,/cart,229
18360,u437,/mypage,253
18361,u491,/home,185
18362,u330,/cart,115
18363,u099,/product,37
18364,u500,/event,294
18365,u482,/product,37
18366,u407,/product,153
18367,u419,/event,169
18368,u460,/event,33
18369,u316,/event,49
18370,u440,/event,195
18371,u185,/home,73
18372,u058,/home,11
18373,u403,/home,88
18374,u256,/mypage,218
18375,u158,/mypage,289
18376,u183,/mypage,238
18377,u029,/home,180
18378,u062,/product,167
18379,u117,/mypage,28
18380,u448,/event,99
18381,u049,/mypage,2
18382,u170,/product,254
18383,u428,/event,107
18384,u088,/mypage,240
18385,u325,/mypage,86
18386,u363,/event,147
18387,u346,/event,96
18388,u092,/event,264
18389,u347,/mypage,244
18390,u163,/product,46
18391,u040,/cart,84
18392,u343,/cart,106
18393,u276,/event,69
18394,u440,/home,228
18395,u167,/event,99
18396,u376,/home,159
18397,u441,/cart,129
18398,u335,/mypage,138
18399,u415,/home,290
18400,u193,/cart,162
18401,u497,/mypage,197
18402,u091,/cart,104
18403,u284,/cart,4
18404,u495,/mypage,73
18405,u393,/event,229
18406,u482,/home,182
18407,u231,/product,212
18408,u271,/cart,3
18409,u332,/event,31
18410,u165,/home,278
18411,u080,/cart,46
18412,u331,/home,16
18413,u481,/product,46
18414,u335,/mypage,223
18415,u232,/product,10
18416,u245,/cart,297
18417,u054,/cart,143
18418,u425,/cart,213
18419,u220,/home,209
18420,u413,/event,236
18421,u352,/event,5
18422,u496,/home,171
18423,u028,/cart,121
18424,u140,/home,42
18425,u001,/product,201
18426,u335,/cart,176
18427,u233,/event,156
18428,u237,/cart,215
18429,u433,/event,186
18430,u382,/event,99
18431,u372,/product,245
18432,u246,/cart,43
18433,u392,/home,173
18434,u002,/event,267
18435,u167,/mypage,11
18436,u406,/product,124
18437,u125,/home,153
18438,u457,/event,96
18439,u061,/cart,249
18440,u326,/home,215
18441,u429,/home,193
18442,u487,/cart,113
18443,u436,/event,113
18444,u429,/home,165
18445,u105,/cart,85
18446,u279,/mypage,1
18447,u487,/event,271
18448,u036,/event,77
18449,u297,/product,32
18450,u479,/mypage,194
18451,u058,/cart,29
18452,u246,/home,26
18453,u222,/event,63
18454,u204,/mypage,28
18455,u113,/event,236
18456,u030,/cart,296
18457,u031,/cart,61
18458,u062,/event,294
18459,u328,/event,227
18460,u312,/event,104
18461,u054,/mypage,295
18462,u146,/event,227
18463,u017,/mypage,199
18464,u345,/home,282
18465,u237,/cart,216
18466,u424,/home,77
18467,u077,/mypage,262
18468,u113,/home,263
18469,u343,/event,278
18470,u265,/cart,241
18471,u232,/mypage,277
18472,u261,/mypage,79
18473,u132,/product,234
18474,u179,/mypage,207
18475,u272,/event,276
18476,u352,/event,91
18477,u229,/cart,258
18478,u096,/product,7
18479,u447,/home,292
18480,u366,/event,34
18481,u461,/cart,132
18482,u250,/cart,182
18483,u009,/home,100
18484,u437,/product,197
18485,u232,/product,45
18486,u034,/cart,196
18487,u229,/mypage,34
18488,u142,/home,275
18489,u082,/mypage,94
18490,u486,/cart,208
18491,u158,/mypage,61
18492,u329,/product,231
18493,u041,/event,167
18494,u029,/mypage,143
18495,u344,/product,111
18496,u339,/home,192
18497,u465,/mypage,210
18498,u328,/product,241
18499,u276,/home,115
18500,u061,/mypage,33
18501,u187,/home,263
18502,u373,/home,124
18503,u196,/mypage,12
18504,u014,/cart,226
18505,u305,/home,156
18506,u222,/cart,145
18507,u307,/cart,31
18508,u395,/cart,280
18509,u034,/cart,51
18510,u310,/product,131
18511,u465,/product,254
18512,u287,/mypage,48
18513,u444,/home,83
18514,u223,/mypage,28
18515,u011,/mypage,257
18516,u433,/event,26
18517,u328,/event,268
18518,u038,/cart,158
18519,u441,/home,220
18520,u459,/event,200
18521,u050,/home,245
18522,u389,/event,78
18523,u428,/mypage,143
18524,u084,/home,210
18525,u455,/event,26
18526,u286,/home,176
18527,u380,/mypage,177
18528,u284,/product,144
18529,u348,/home,131
18530,u320,/event,249
18531,u365,/mypage,166
18532,u360,/event,91
18533,u146,/home,18
18534,u119,/home,102
18535,u043,/cart,34
18536,u383,/mypage,212
18537,u048,/event,178
18538,u302,/mypage,223
18539,u092,/product,159
18540,u313,/cart,240
18541,u215,/cart,52
18542,u313,/cart,178
18543,u443,/mypage,109
18544,u093,/cart,39
18545,u307,/mypage,20
18546,u043,/home,70
18547,u441,/event,119
18548,u109,/cart,69
18549,u075,/event,249
18550,u358,/event,29
18551,u273,/cart,296
18552,u157,/product,217
18553,u260,/product,121
18554,u316,/cart,190
18555,u136,/product,143
18556,u132,/mypage,94
18557,u047,/product,268
18558,u325,/home,61
18559,u062,/cart,174
18560,u245,/event,142
18561,u399,/home,190
18562,u446,/home,108
18563,u319,/mypage,186
18564,u189,/product,81
18565,u464,/product,241
18566,u186,/home,259
18567,u389,/product,254
18568,u125,/home,237
18569,u164,/product,164
18570,u077,/product,76
18571,u143,/product,129
18572,u358,/product,50
18573,u379,/product,292
18574,u179,/event,295
18575,u454,/event,167
18576,u483,/event,85
18577,u283,/home,252
18578,u102,/product,192
18579,u010,/home,216
18580,u364,/cart,167
18581,u395,/cart,268
18582,u023,/cart,266
18583,u088,/mypage,150
18584,u022,/event,278
18585,u082,/mypage,195
18586,u096,/cart,178
18587,u268,/event,93
18588,u296,/product,232
18589,u012,/event,81
18590,u323,/cart,260
18591,u488,/event,112
18592,u195,/home,269
18593,u031,/cart,181
18594,u276,/product,70
18595,u215,/product,104
18596,u480,/home,210
18597,u236,/cart,11
18598,u033,/home,190
18599,u102,/product,231
18600,u383,/home,111
18601,u428,/cart,49
18602,u425,/cart,228
18603,u245,/cart,195
18604,u436,/mypage,261
18605,u357,/event,109
18606,u377,/event,46
18607,u122,/event,276
18608,u242,/home,269
18609,u016,/cart,128
18610,u260,/product,277
18611,u479,/mypage,282
18612,u379,/home,91
18613,u361,/product,115
18614,u338,/mypage,200
18615,u411,/cart,232
18616,u353,/cart,100
18617,u389,/event,200
18618,u139,/cart,171
18619,u059,/product,168
18620,u475,/event,80
18621,u481,/product,79
18622,u007,/mypage,106
18623,u402,/cart,209
18624,u426,/cart,138
18625,u410,/product,290
18626,u352,/event,63
18627,u108,/mypage,30
18628,u230,/home,287
18629,u348,/event,23
18630,u469,/event,292
18631,u304,/product,135
18632,u175,/home,19
18633,u487,/event,271
18634,u103,/mypage,78
18635,u316,/product,37
18636,u196,/product,299
18637,u265,/event,8
18638,u157,/product,249
18639,u260,/cart,254
18640,u408,/home,30
18641,u126,/event,98
18642,u325,/home,185
18643,u193,/mypage,171
18644,u334,/event,91
18645,u162,/home,298
18646,u197,/mypage,154
18647,u038,/product,110
18648,u164,/product,281
18649,u271,/mypage,299
18650,u346,/home,281
18651,u456,/mypage,266
18652,u480,/event,16
18653,u269,/home,47
18654,u453,/home,236
18655,u051,/cart,90
18656,u469,/product,205
18657,u014,/product,212
18658,u262,/home,260
18659,u333,/cart,286
18660,u340,/mypage,147
18661,u134,/cart,108
18662,u411,/event,69
18663,u400,/home,102
18664,u089,/event,254
18665,u254,/event,109
18666,u443,/mypage,115
18667,u398,/home,39
18668,u351,/mypage,29
18669,u411,/cart,120
18670,u263,/cart,124
18671,u024,/mypage,241
18672,u292,/event,169
18673,u491,/event,263
18674,u367,/cart,91
18675,u061,/mypage,63
18676,u285,/home,34
18677,u416,/mypage,242
18678,u143,/event,86
18679,u307,/home,117
18680,u054,/home,82
18681,u494,/event,183
18682,u317,/event,159
18683,u199,/home,112
18684,u030,/product,109
18685,u055,/product,37
18686,u251,/mypage,59
18687,u230,/home,158
18688,u091,/product,72
18689,u253,/cart,270
18690,u279,/mypage,48
18691,u447,/home,273
18692,u163,/mypage,86
18693,u013,/event,112
18694,u013,/cart,60
18695,u196,/cart,67
18696,u444,/event,86
18697,u449,/event,46
18698,u284,/mypage,53
18699,u005,/mypage,177
18700,u116,/home,22
18701,u010,/home,236
18702,u309,/product,166
18703,u033,/product,204
18704,u445,/product,80
18705,u100,/mypage,10
18706,u039,/product,230
18707,u489,/home,91
18708,u016,/mypage,287
18709,u455,/home,160
18710,u003,/home,142
18711,u199,/mypage,199
18712,u043,/product,207
18713,u019,/event,254
18714,u074,/event,81
18715,u019,/cart,187
18716,u025,/mypage,283
18717,u004,/event,105
18718,u354,/cart,118
18719,u124,/product,186
18720,u014,/home,206
18721,u364,/product,216
18722,u068,/cart,35
18723,u019,/cart,296
18724,u140,/event,62
18725,u249,/product,19
18726,u450,/cart,39
18727,u415,/cart,52
18728,u106,/product,65
18729,u016,/mypage,203
18730,u227,/product,29
18731,u443,/mypage,77
18732,u151,/home,245
18733,u159,/home,104
18734,u174,/mypage,215
18735,u213,/cart,123
18736,u122,/mypage,26
18737,u114,/event,116
18738,u339,/mypage,186
18739,u247,/cart,103
18740,u114,/mypage,52
18741,u302,/cart,259
18742,u010,/home,15
18743,u408,/mypage,153
18744,u053,/event,73
18745,u350,/event,250
18746,u185,/home,48
18747,u366,/cart,221
18748,u266,/product,63
18749,u138,/event,186
18750,u003,/home,116
18751,u296,/cart,190
18752,u445,/cart,262
18753,u367,/cart,199
18754,u441,/cart,83
18755,u031,/home,258
18756,u055,/mypage,11
18757,u072,/product,87
18758,u002,/home,193
18759,u179,/home,268
18760,u281,/mypage,4
18761,u208,/home,58
18762,u437,/event,179
18763,u017,/event,176
18764,u062,/mypage,83
18765,u200,/event,243
18766,u325,/cart,11
18767,u144,/event,49
18768,u454,/event,82
18769,u339,/product,264
18770,u322,/cart,101
18771,u376,/mypage,221
18772,u178,/event,276
18773,u451,/mypage,256
18774,u402,/product,6
18775,u073,/home,132
18776,u433,/mypage,249
18777,u042,/home,117
18778,u197,/cart,117
18779,u146,/event,193
18780,u386,/cart,46
18781,u130,/cart,74
18782,u370,/event,59
18783,u352,/mypage,225
18784,u481,/cart,173
18785,u112,/home,152
18786,u187,/mypage,189
18787,u182,/home,287
18788,u493,/home,26
18789,u075,/mypage,10
18790,u219,/mypage,180
18791,u157,/event,101
18792,u499,/cart,218
18793,u467,/cart,70
18794,u416,/event,72
18795,u304,/cart,105
18796,u212,/home,20
18797,u489,/mypage,13
18798,u290,/mypage,82
18799,u134,/cart,30
18800,u331,/mypage,60
18801,u136,/event,153
18802,u227,/home,78
18803,u429,/product,215
18804,u004,/event,152
18805,u058,/event,31
18806,u402,/event,7
18807,u086,/product,186
18808,u087,/cart,166
18809,u465,/product,42
18810,u097,/cart,48
18811,u231,/event,96
18812,u096,/mypage,15
18813,u465,/mypage,178
18814,u154,/home,252
18815,u190,/cart,17
18816,u050,/event,127
18817,u230,/mypage,19
18818,u180,/mypage,138
18819,u284,/product,284
18820,u059,/event,97
18821,u315,/product,109
18822,u387,/mypage,208
18823,u317,/home,14
18824,u390,/mypage,84
18825,u411,/mypage,217
18826,u334,/cart,223
18827,u488,/home,70
18828,u416,/home,196
18829,u146,/event,143
18830,u370,/event,246
18831,u193,/cart,238
18832,u285,/cart,196
18833,u087,/cart,25
18834,u285,/cart,181
18835,u030,/home,157
18836,u127,/mypage,298
18837,u290,/product,183
18838,u240,/home,298
18839,u297,/product,264
18840,u222,/home,5
18841,u074,/mypage,177
18842,u322,/cart,55
18843,u129,/product,271
18844,u347,/product,166
18845,u350,/cart,73
18846,u006,/product,96
18847,u481,/mypage,210
18848,u173,/mypage,61
18849,u275,/home,289
18850,u406,/mypage,19
18851,u399,/cart,96
18852,u272,/product,22
18853,u436,/cart,100
18854,u008,/event,251
18855,u113,/home,278
18856,u116,/home,117
18857,u288,/mypage,149
18858,u010,/home,221
18859,u327,/event,238
18860,u406,/event,73
18861,u357,/home,298
18862,u443,/home,9
18863,u169,/home,251
18864,u452,/home,297
18865,u235,/home,182
18866,u249,/cart,157
18867,u179,/cart,13
18868,u436,/event,60
18869,u456,/cart,127
18870,u262,/event,223
18871,u242,/product,283
18872,u330,/cart,126
18873,u060,/cart,191
18874,u212,/event,218
18875,u312,/cart,237
18876,u320,/product,289
18877,u194,/product,210
18878,u117,/product,244
18879,u112,/product,136
18880,u486,/product,251
18881,u388,/home,98
18882,u347,/mypage,41
18883,u293,/home,168
18884,u210,/event,165
18885,u350,/home,136
18886,u033,/product,158
18887,u098,/home,230
18888,u204,/mypage,119
18889,u077,/mypage,260
18890,u228,/event,281
18891,u044,/event,18
18892,u478,/cart,45
18893,u299,/home,242
18894,u406,/home,82
18895,u349,/cart,96
18896,u444,/product,220
18897,u384,/product,227
18898,u129,/product,237
18899,u128,/mypage,24
18900,u035,/product,39
18901,u270,/cart,99
18902,u148,/home,97
18903,u177,/event,62
18904,u413,/event,288
18905,u074,/event,64
18906,u034,/home,147
18907,u237,/event,88
18908,u013,/event,105
18909,u131,/event,276
18910,u247,/product,177
18911,u160,/home,144
18912,u423,/cart,179
18913,u407,/event,157
18914,u232,/product,33
18915,u334,/home,203
18916,u263,/mypage,168
18917,u304,/product,208
18918,u207,/product,243
18919,u327,/home,8
18920,u280,/mypage,138
18921,u115,/mypage,100
18922,u024,/home,153
18923,u281,/cart,243
18924,u260,/home,208
18925,u192,/event,6
18926,u266,/mypage,25
18927,u456,/cart,36
18928,u261,/mypage,20
18929,u385,/product,145
18930,u146,/event,95
18931,u285,/mypage,88
18932,u222,/home,240
18933,u106,/cart,194
18934,u018,/mypage,235
18935,u112,/event,104
18936,u041,/cart,289
18937,u100,/home,265
18938,u044,/product,232
18939,u467,/product,78
18940,u302,/product,267
18941,u382,/home,157
18942,u174,/home,118
18943,u002,/mypage,118
18944,u142,/mypage,58
18945,u336,/home,206
18946,u147,/event,212
18947,u131,/mypage,95
18948,u372,/event,102
18949,u288,/event,285
18950,u415,/home,105
18951,u450,/product,244
18952,u333,/product,83
18953,u326,/event,286
18954,u053,/mypage,39
18955,u187,/cart,107
18956,u338,/mypage,95
18957,u187,/mypage,274
18958,u128,/home,90
18959,u046,/product,204
18960,u250,/home,209
18961,u027,/product,126
18962,u258,/cart,38
18963,u468,/event,267
18964,u233,/event,7
18965,u080,/mypage,253
18966,u159,/mypage,8
18967,u242,/product,212
18968,u468,/cart,272
18969,u261,/home,2
18970,u174,/home,128
18971,u301,/home,214
18972,u247,/mypage,39
18973,u089,/mypage,262
18974,u343,/product,228
18975,u313,/product,277
18976,u169,/mypage,115
18977,u483,/home,285
18978,u458,/product,95
18979,u404,/event,265
18980,u050,/cart,218
18981,u293,/cart,128
18982,u304,/cart,126
18983,u424,/event,265
18984,u374,/product,125
18985,u485,/product,22
18986,u225,/product,154
18987,u417,/mypage,213
18988,u051,/home,175
18989,u222,/product,119
18990,u027,/event,256
18991,u283,/home,34
18992,u348,/mypage,144
18993,u198,/event,20
18994,u044,/cart,40
18995,u435,/product,288
18996,u455,/home,131
18997,u151,/event,54
18998,u455,/product,20
18999,u288,/product,215
19000,u066,/cart,281
19001,u229,/cart,258
19002,u169,/event,96
19003,u110,/event,279
19004,u332,/mypage,218
19005,u360,/home,246
19006,u475,/product,67
19007,u409,/event,236
19008,u497,/event,13
19009,u361,/event,97
19010,u313,/cart,34
19011,u362,/product,209
19012,u286,/mypage,299
19013,u026,/event,185
19014,u396,/event,150
19015,u039,/event,281
19016,u129,/product,213
19017,u208,/product,127
19018,u244,/cart,214
19019,u400,/home,260
19020,u140,/cart,114
19021,u176,/event,232
19022,u247,/event,269
19023,u186,/mypage,71
19024,u353,/mypage,142
19025,u494,/cart,259
19026,u120,/event,38
19027,u275,/mypage,99
19028,u226,/cart,160
19029,u278,/mypage,86
19030,u098,/mypage,194
19031,u020,/cart,67
19032,u138,/cart,167
19033,u003,/product,180
19034,u427,/event,255
19035,u328,/home,80
19036,u062,/event,265
19037,u089,/mypage,171
19038,u405,/mypage,285
19039,u280,/home,204
19040,u389,/home,2
19041,u493,/product,225
19042,u370,/event,107
19043,u392,/product,150
19044,u002,/product,261
19045,u420,/home,156
19046,u110,/event,131
19047,u047,/product,224
19048,u313,/mypage,5
19049,u263,/event,164
19050,u164,/home,8
19051,u269,/event,53
19052,u315,/mypage,237
19053,u470,/home,254
19054,u435,/mypage,106
19055,u320,/product,41
19056,u121,/product,156
19057,u017,/product,242
19058,u407,/cart,149
19059,u093,/cart,22
19060,u034,/event,192
19061,u230,/cart,187
19062,u164,/event,155
19063,u267,/event,109
19064,u325,/product,285
19065,u037,/home,254
19066,u343,/home,175
19067,u202,/home,173
19068,u162,/event,108
19069,u268,/cart,60
19070,u027,/mypage,208
19071,u004,/home,221
19072,u476,/event,60
19073,u209,/home,176
19074,u100,/home,226
19075,u194,/event,11
19076,u412,/product,151
19077,u150,/cart,193
19078,u308,/event,47
19079,u262,/home,151
19080,u110,/product,199
19081,u444,/mypage,232
19082,u169,/event,171
19083,u434,/cart,135
19084,u202,/home,197
19085,u285,/product,138
19086,u397,/product,214
19087,u011,/cart,100
19088,u121,/mypage,280
19089,u081,/cart,223
19090,u302,/event,194
19091,u372,/home,280
19092,u361,/home,264
19093,u239,/cart,265
19094,u285,/home,148
19095,u056,/cart,11
19096,u099,/event,115
19097,u481,/cart,270
19098,u228,/cart,171
19099,u054,/product,200
19100,u062,/mypage,124
19101,u444,/event,29
19102,u444,/product,81
19103,u336,/mypage,107
19104,u451,/home,150
19105,u151,/product,36
19106,u352,/product,44
19107,u406,/product,141
19108,u436,/cart,170
19109,u426,/event,16
19110,u471,/home,244
19111,u095,/cart,206
19112,u199,/mypage,249
19113,u068,/product,30
19114,u196,/product,215
19115,u179,/event,270
19116,u500,/product,227
19117,u358,/home,190
19118,u056,/home,146
19119,u051,/product,205
19120,u249,/event,248
19121,u489,/event,250
19122,u311,/cart,297
19123,u337,/product,66
19124,u369,/product,139
19125,u446,/mypage,197
19126,u246,/product,240
19127,u041,/mypage,216
19128,u242,/cart,169
19129,u400,/event,299
19130,u061,/product,16
19131,u429,/mypage,157
19132,u172,/cart,13
19133,u473,/product,276
19134,u361,/mypage,143
19135,u462,/cart,105
19136,u287,/mypage,71
19137,u194,/mypage,229
19138,u207,/mypage,143
19139,u490,/home,121
19140,u346,/event,199
19141,u250,/cart,280
19142,u267,/event,260
19143,u310,/mypage,201
19144,u309,/home,266
19145,u393,/event,266
19146,u218,/product,290
19147,u468,/home,153
19148,u063,/mypage,123
19149,u166,/mypage,20
19150,u382,/mypage,147
19151,u313,/home,145
19152,u405,/cart,134
19153,u239,/cart,96
19154,u235,/home,232
19155,u071,/cart,154
19156,u140,/cart,78
19157,u246,/mypage,211
19158,u033,/home,172
19159,u130,/event,84
19160,u282,/event,142
19161,u464,/home,234
19162,u163,/home,126
19163,u313,/home,130
19164,u196,/home,123
19165,u230,/mypage,87
19166,u287,/home,117
19167,u161,/event,268
19168,u487,/mypage,59
19169,u347,/home,287
19170,u334,/cart,274
19171,u254,/event,236
19172,u001,/event,184
19173,u016,/home,98
19174,u295,/mypage,111
19175,u430,/mypage,89
19176,u166,/event,232
19177,u429,/mypage,245
19178,u355,/cart,202
19179,u418,/product,48
19180,u391,/event,247
19181,u035,/mypage,207
19182,u093,/event,209
19183,u375,/event,271
19184,u211,/home,207
19185,u462,/product,116
19186,u392,/mypage,201
19187,u107,/mypage,62
19188,u124,/home,102
19189,u073,/event,67
19190,u156,/mypage,265
19191,u216,/cart,14
19192,u313,/cart,207
19193,u204,/cart,142
19194,u291,/event,232
19195,u016,/cart,116
19196,u202,/cart,138
19197,u494,/product,132
19198,u495,/mypage,173
19199,u148,/home,68
19200,u056,/event,195
19201,u088,/home,277
19202,u334,/home,40
19203,u359,/product,272
19204,u316,/product,131
19205,u470,/mypage,84
19206,u273,/home,13
19207,u405,/mypage,84
19208,u422,/home,182
19209,u127,/event,165
19210,u014,/cart,182
19211,u205,/mypage,219
19212,u317,/event,21
19213,u020,/home,87
19214,u449,/product,97
19215,u046,/cart,69
19216,u413,/cart,8
19217,u487,/cart,63
19218,u476,/cart,234
19219,u168,/mypage,137
19220,u356,/product,237
19221,u217,/mypage,214
19222,u500,/home,90
19223,u246,/event,293
19224,u381,/product,124
19225,u116,/product,169
19226,u224,/mypage,160
19227,u464,/product,11
19228,u048,/mypage,138
19229,u132,/cart,230
19230,u202,/event,43
19231,u213,/product,295
19232,u431,/cart,28
19233,u375,/event,145
19234,u034,/home,110
19235,u040,/mypage,158
19236,u033,/event,126
19237,u343,/product,209
19238,u189,/product,109
19239,u131,/event,190
19240,u359,/cart,145
19241,u220,/home,66
19242,u419,/home,113
19243,u390,/mypage,144
19244,u378,/event,233
19245,u346,/product,224
19246,u134,/cart,27
19247,u039,/mypage,263
19248,u317,/product,262
19249,u460,/mypage,59
19250,u458,/cart,108
19251,u424,/cart,109
19252,u174,/cart,93
19253,u176,/event,65
19254,u425,/mypage,217
19255,u413,/home,255
19256,u356,/mypage,44
19257,u428,/product,260
19258,u146,/event,171
19259,u434,/home,126
19260,u379,/cart,23
19261,u238,/cart,46
19262,u258,/cart,10
19263,u192,/mypage,71
19264,u343,/cart,27
19265,u389,/cart,162
19266,u394,/cart,214
19267,u365,/cart,40
19268,u068,/home,206
19269,u316,/home,221
19270,u056,/home,179
19271,u395,/mypage,233
19272,u112,/event,80
19273,u169,/product,1
19274,u119,/home,162
19275,u274,/cart,194
19276,u159,/product,129
19277,u139,/product,281
19278,u009,/cart,131
19279,u345,/home,32
19280,u300,/product,108
19281,u056,/mypage,182
19282,u479,/home,242
19283,u287,/event,125
19284,u008,/cart,97
19285,u298,/home,20
19286,u123,/cart,108
19287,u485,/product,82
19288,u451,/event,73
19289,u013,/cart,187
19290,u394,/cart,178
19291,u481,/event,76
19292,u455,/mypage,155
19293,u311,/event,191
19294,u197,/cart,227
19295,u280,/product,118
19296,u305,/product,298
19297,u396,/cart,107
19298,u037,/home,297
19299,u350,/cart,41
19300,u498,/mypage,259
19301,u261,/cart,228
19302,u281,/event,272
19303,u472,/product,272
19304,u482,/home,290
19305,u175,/event,93
19306,u372,/mypage,125
19307,u310,/event,266
19308,u102,/home,37
19309,u288,/mypage,288
19310,u222,/cart,268
19311,u150,/event,10
19312,u427,/event,150
19313,u175,/event,81
19314,u343,/cart,194
19315,u328,/event,2
19316,u459,/product,81
19317,u230,/home,274
19318,u414,/mypage,229
19319,u183,/mypage,232
19320,u422,/cart,28
19321,u407,/mypage,283
19322,u446,/home,68
19323,u018,/event,175
19324,u454,/product,24
19325,u130,/event,300
19326,u467,/home,237
19327,u148,/product,298
19328,u011,/event,133
19329,u471,/mypage,129
19330,u246,/event,98
19331,u315,/product,22
19332,u077,/cart,131
19333,u423,/cart,7
19334,u350,/event,121
19335,u326,/home,294
19336,u248,/home,278
19337,u335,/mypage,1
19338,u062,/home,93
19339,u030,/product,204
19340,u251,/product,37
19341,u377,/event,130
19342,u476,/product,222
19343,u043,/event,213
19344,u340,/event,141
19345,u248,/home,15
19346,u251,/mypage,113
19347,u178,/product,227
19348,u175,/event,188
19349,u070,/home,279
19350,u127,/home,99
19351,u006,/home,39
19352,u378,/event,41
19353,u326,/mypage,114
19354,u092,/home,170
19355,u082,/mypage,24
19356,u031,/event,152
19357,u036,/event,194
19358,u365,/cart,108
19359,u487,/home,282
19360,u194,/home,152
19361,u076,/mypage,121
19362,u050,/event,252
19363,u072,/product,67
19364,u436,/cart,196
19365,u429,/cart,144
19366,u243,/home,20
19367,u195,/home,202
19368,u032,/event,233
19369,u492,/product,252
19370,u465,/event,271
19371,u273,/mypage,85
19372,u038,/cart,63
19373,u279,/home,21
19374,u031,/event,83
19375,u413,/mypage,14
19376,u258,/cart,242
19377,u318,/mypage,24
19378,u372,/home,49
19379,u234,/home,177
19380,u393,/event,139
19381,u239,/event,170
19382,u277,/cart,233
19383,u388,/cart,231
19384,u304,/home,116
19385,u413,/product,205
19386,u322,/event,164
19387,u325,/mypage,144
19388,u394,/event,43
19389,u427,/home,299
19390,u390,/mypage,299
19391,u430,/product,248
19392,u271,/cart,277
19393,u367,/event,162
19394,u084,/product,23
19395,u276,/home,148
19396,u162,/product,100
19397,u136,/product,13
19398,u136,/mypage,279
19399,u090,/home,238
19400,u435,/home,2
19401,u013,/product,202
19402,u488,/event,179
19403,u173,/cart,229
19404,u178,/product,223
19405,u413,/cart,46
19406,u486,/event,108
19407,u271,/product,175
19408,u042,/home,242
19409,u438,/product,104
19410,u027,/product,179
19411,u260,/product,46
19412,u244,/product,199
19413,u490,/product,128
19414,u444,/home,279
19415,u393,/home,133
19416,u284,/home,275
19417,u456,/mypage,220
19418,u451,/home,55
19419,u086,/cart,258
19420,u011,/cart,156
19421,u360,/product,31
19422,u204,/cart,238
19423,u473,/event,65
19424,u048,/home,69
19425,u228,/home,208
19426,u265,/home,1
19427,u290,/mypage,49
19428,u494,/event,213
19429,u461,/event,120
19430,u468,/cart,66
19431,u044,/cart,78
19432,u478,/event,248
19433,u104,/event,59
19434,u038,/home,232
19435,u392,/home,203
19436,u274,/event,270
19437,u331,/event,141
19438,u215,/cart,52
19439,u149,/event,121
19440,u180,/mypage,160
19441,u219,/mypage,292
19442,u172,/product,239
19443,u150,/product,176
19444,u089,/cart,236
19445,u228,/event,276
19446,u299,/mypage,252
19447,u368,/event,114
19448,u349,/mypage,192
19449,u046,/event,198
19450,u018,/product,83
19451,u499,/product,246
19452,u379,/home,52
19453,u136,/home,181
19454,u365,/home,226
19455,u408,/home,180
19456,u330,/home,195
19457,u373,/product,73
19458,u115,/home,158
19459,u250,/event,78
19460,u173,/mypage,215
19461,u039,/home,186
19462,u327,/mypage,177
19463,u352,/product,118
19464,u412,/mypage,150
19465,u047,/event,65
19466,u474,/mypage,9
19467,u223,/product,281
19468,u377,/mypage,45
19469,u165,/event,204
19470,u028,/product,14
19471,u497,/mypage,274
19472,u030,/cart,43
19473,u328,/mypage,111
19474,u135,/product,141
19475,u418,/mypage,105
19476,u209,/product,165
19477,u223,/mypage,32
19478,u355,/mypage,256
19479,u227,/mypage,128
19480,u146,/event,75
19481,u151,/cart,49
19482,u361,/event,238
19483,u199,/product,49
19484,u410,/mypage,252
19485,u382,/cart,124
19486,u011,/mypage,209
19487,u147,/event,155
19488,u067,/mypage,103
19489,u072,/event,271
19490,u121,/cart,268
19491,u248,/home,89
19492,u299,/cart,54
19493,u216,/product,287
19494,u364,/mypage,21
19495,u285,/cart,179
19496,u136,/mypage,80
19497,u194,/product,225
19498,u245,/product,115
19499,u053,/product,173
19500,u267,/home,67
19501,u344,/mypage,239
19502,u202,/event,115
19503,u137,/home,132
19504,u409,/home,227
19505,u500,/cart,134
19506,u472,/event,218
19507,u175,/product,67
19508,u156,/event,206
19509,u265,/cart,59
19510,u212,/mypage,92
19511,u035,/event,190
19512,u037,/event,54
19513,u127,/cart,74
19514,u323,/mypage,153
19515,u168,/cart,233
19516,u015,/cart,4
19517,u321,/home,182
19518,u413,/event,134
19519,u350,/cart,270
19520,u489,/home,249
19521,u213,/event,160
19522,u274,/event,266
19523,u153,/home,116
19524,u280,/product,61
19525,u092,/event,224
19526,u024,/event,275
19527,u396,/product,101
19528,u180,/mypage,147
19529,u277,/product,66
19530,u472,/cart,186
19531,u065,/cart,278
19532,u275,/home,199
19533,u447,/home,97
19534,u451,/cart,128
19535,u159,/home,250
19536,u218,/cart,160
19537,u209,/home,135
19538,u051,/home,297
19539,u336,/home,17
19540,u335,/home,150
19541,u345,/event,114
19542,u291,/home,87
19543,u425,/mypage,260
19544,u420,/product,161
19545,u267,/cart,145
19546,u287,/home,51
19547,u069,/event,244
19548,u038,/product,227
19549,u251,/home,165
19550,u198,/mypage,174
19551,u100,/mypage,3
19552,u427,/mypage,50
19553,u349,/event,145
19554,u139,/event,292
19555,u466,/cart,8
19556,u468,/mypage,2
19557,u337,/product,15
19558,u407,/mypage,82
19559,u086,/mypage,23
19560,u442,/event,134
19561,u424,/home,200
19562,u167,/mypage,152
19563,u017,/product,290
19564,u126,/event,216
19565,u129,/cart,65
19566,u421,/event,164
19567,u285,/event,67
19568,u269,/home,87
19569,u122,/mypage,198
19570,u164,/event,92
19571,u212,/home,7
19572,u284,/home,187
19573,u297,/mypage,14
19574,u343,/home,270
19575,u394,/mypage,262
19576,u007,/home,127
19577,u001,/home,171
19578,u476,/product,234
19579,u276,/product,280
19580,u498,/event,269
19581,u377,/event,83
19582,u403,/product,27
19583,u466,/product,6
19584,u233,/home,32
19585,u440,/mypage,33
19586,u461,/event,293
19587,u378,/product,86
19588,u105,/mypage,240
19589,u194,/event,86
19590,u058,/cart,138
19591,u036,/cart,35
19592,u500,/mypage,288
19593,u031,/event,2
19594,u430,/product,233
19595,u376,/product,86
19596,u426,/mypage,158
19597,u435,/product,287
19598,u210,/product,171
19599,u276,/product,157
19600,u299,/product,200
19601,u103,/mypage,299
19602,u395,/mypage,250
19603,u331,/cart,166
19604,u180,/mypage,46
19605,u028,/mypage,73
19606,u395,/product,123
19607,u185,/cart,269
19608,u259,/cart,234
19609,u433,/product,264
19610,u333,/product,135
19611,u205,/product,265
19612,u418,/mypage,50
19613,u455,/event,42
19614,u340,/mypage,14
19615,u180,/cart,285
19616,u250,/cart,107
19617,u010,/product,210
19618,u045,/cart,300
19619,u308,/home,153
19620,u034,/event,240
19621,u290,/cart,81
19622,u334,/home,96
19623,u238,/mypage,261
19624,u315,/home,141
19625,u169,/cart,278
19626,u042,/home,288
19627,u488,/mypage,62
19628,u243,/product,263
19629,u144,/cart,265
19630,u155,/mypage,248
19631,u139,/mypage,132
19632,u022,/home,296
19633,u445,/product,216
19634,u095,/mypage,265
19635,u497,/event,178
19636,u377,/mypage,12
19637,u454,/event,95
19638,u011,/home,286
19639,u327,/home,183
19640,u234,/home,42
19641,u292,/event,147
19642,u443,/product,165
19643,u229,/cart,76
19644,u337,/mypage,66
19645,u170,/cart,192
19646,u448,/event,257
19647,u013,/mypage,138
19648,u218,/mypage,7
19649,u001,/home,174
19650,u356,/mypage,57
19651,u066,/product,195
19652,u439,/product,140
19653,u361,/product,151
19654,u318,/cart,248
19655,u348,/home,3
19656,u070,/cart,60
19657,u293,/home,202
19658,u459,/event,72
19659,u158,/cart,218
19660,u026,/mypage,185
19661,u415,/event,249
19662,u460,/product,148
19663,u273,/event,249
19664,u148,/event,198
19665,u125,/home,273
19666,u109,/cart,226
19667,u068,/mypage,16
19668,u484,/mypage,49
19669,u440,/home,19
19670,u367,/event,128
19671,u137,/event,158
19672,u322,/home,259
19673,u008,/cart,69
19674,u024,/product,81
19675,u100,/home,162
19676,u400,/mypage,245
19677,u449,/cart,234
19678,u128,/product,222
19679,u285,/product,257
19680,u435,/event,194
19681,u177,/event,185
19682,u373,/cart,178
19683,u072,/cart,261
19684,u212,/mypage,166
19685,u482,/event,277
19686,u185,/home,219
19687,u391,/event,137
19688,u496,/mypage,245
19689,u269,/product,206
19690,u159,/mypage,243
19691,u058,/product,24
19692,u027,/home,90
19693,u176,/cart,134
19694,u208,/cart,175
19695,u435,/product,123
19696,u147,/event,261
19697,u179,/product,300
19698,u136,/mypage,147
19699,u148,/event,4
19700,u147,/home,160
19701,u191,/home,169
19702,u342,/event,109
19703,u392,/product,247
19704,u021,/event,172
19705,u333,/home,34
19706,u268,/home,202
19707,u332,/home,102
19708,u274,/event,187
19709,u336,/mypage,179
19710,u167,/mypage,144
19711,u084,/product,295
19712,u269,/home,98
19713,u127,/product,148
19714,u040,/mypage,236
19715,u434,/event,45
19716,u042,/mypage,3
19717,u441,/home,194
19718,u227,/event,151
19719,u482,/product,195
19720,u027,/cart,280
19721,u320,/home,267
19722,u170,/mypage,80
19723,u225,/home,133
19724,u115,/event,294
19725,u395,/cart,241
19726,u130,/mypage,106
19727,u497,/cart,246
19728,u200,/mypage,274
19729,u299,/product,259
19730,u214,/home,201
19731,u324,/home,270
19732,u341,/event,236
19733,u197,/cart,162
19734,u269,/home,277
19735,u150,/product,42
19736,u405,/mypage,213
19737,u325,/cart,84
19738,u372,/home,229
19739,u429,/mypage,19
19740,u328,/home,165
19741,u100,/home,69
19742,u215,/home,190
19743,u164,/event,154
19744,u032,/product,273
19745,u386,/cart,173
19746,u319,/cart,276
19747,u391,/event,217
19748,u294,/cart,192
19749,u290,/home,88
19750,u213,/mypage,47
19751,u117,/home,254
19752,u266,/product,231
19753,u444,/product,56
19754,u401,/mypage,124
19755,u179,/mypage,158
19756,u056,/product,121
19757,u392,/cart,168
19758,u299,/product,104
19759,u091,/cart,265
19760,u029,/product,148
19761,u178,/cart,256
19762,u040,/home,197
19763,u092,/event,139
19764,u395,/product,171
19765,u053,/cart,65
19766,u264,/event,103
19767,u069,/event,29
19768,u079,/product,52
19769,u238,/cart,18
19770,u067,/mypage,39
19771,u023,/event,2
19772,u400,/event,199
19773,u119,/cart,141
19774,u107,/product,144
19775,u349,/event,2
19776,u093,/event,107
19777,u126,/cart,204
19778,u143,/home,207
19779,u327,/product,281
19780,u340,/event,20
19781,u416,/product,170
19782,u078,/home,185
19783,u370,/home,138
19784,u348,/product,180
19785,u438,/home,244
19786,u067,/product,196
19787,u473,/mypage,188
19788,u023,/cart,160
19789,u275,/cart,87
19790,u199,/home,73
19791,u421,/product,171
19792,u148,/event,79
19793,u450,/product,132
19794,u019,/cart,185
19795,u412,/product,24
19796,u392,/event,40
19797,u493,/home,116
19798,u314,/home,3
19799,u137,/cart,272
19800,u468,/mypage,70
19801,u243,/cart,85
19802,u101,/cart,27
19803,u260,/event,19
19804,u386,/cart,215
19805,u288,/product,113
19806,u172,/cart,184
19807,u206,/product,261
19808,u190,/mypage,285
19809,u033,/mypage,79
19810,u285,/cart,108
19811,u314,/mypage,225
19812,u153,/mypage,200
19813,u297,/mypage,22
19814,u023,/cart,185
19815,u251,/product,104
19816,u465,/mypage,2
19817,u236,/mypage,65
19818,u208,/event,1
19819,u296,/cart,6
19820,u156,/cart,234
19821,u453,/cart,14
19822,u053,/event,162
19823,u008,/cart,212
19824,u348,/event,178
19825,u401,/cart,265
19826,u305,/mypage,20
19827,u331,/event,166
19828,u274,/event,255
19829,u444,/product,84
19830,u104,/product,149
19831,u094,/home,130
19832,u123,/home,32
19833,u205,/product,33
19834,u294,/home,20
19835,u424,/event,289
19836,u241,/home,127
19837,u196,/product,175
19838,u303,/home,47
19839,u433,/cart,76
19840,u427,/home,79
19841,u281,/event,56
19842,u069,/product,111
19843,u081,/mypage,211
19844,u348,/home,139
19845,u002,/product,148
19846,u477,/cart,153
19847,u070,/product,134
19848,u378,/mypage,80
19849,u088,/cart,123
19850,u012,/product,119
19851,u354,/product,29
19852,u008,/home,50
19853,u098,/product,230
19854,u270,/mypage,88
19855,u279,/product,136
19856,u340,/product,171
19857,u032,/mypage,251
19858,u291,/home,120
19859,u172,/product,83
19860,u310,/cart,195
19861,u060,/event,211
19862,u095,/mypage,144
19863,u458,/mypage,141
19864,u209,/event,193
19865,u147,/home,276
19866,u386,/mypage,233
19867,u235,/mypage,186
19868,u111,/event,36
19869,u464,/cart,2
19870,u283,/product,1
19871,u329,/event,21
19872,u306,/home,201
19873,u126,/product,193
19874,u029,/product,249
19875,u486,/product,63
19876,u370,/cart,217
19877,u241,/product,216
19878,u036,/event,102
19879,u220,/product,75
19880,u150,/cart,280
19881,u293,/event,231
19882,u443,/event,101
19883,u279,/product,154
19884,u100,/mypage,80
19885,u033,/cart,222
19886,u086,/mypage,82
19887,u085,/product,83
19888,u485,/mypage,115
19889,u101,/mypage,43
19890,u101,/mypage,167
19891,u091,/product,112
19892,u173,/mypage,15
19893,u198,/product,249
19894,u349,/home,298
19895,u442,/cart,22
19896,u450,/home,143
19897,u154,/home,88
19898,u160,/cart,83
19899,u095,/mypage,80
19900,u129,/cart,199
19901,u227,/home,268
19902,u341,/mypage,113
19903,u295,/product,179
19904,u018,/cart,213
19905,u466,/product,97
19906,u101,/event,143
19907,u058,/cart,101
19908,u440,/cart,284
19909,u420,/product,107
19910,u367,/mypage,229
19911,u261,/mypage,187
19912,u404,/mypage,41
19913,u375,/mypage,12
19914,u175,/product,17
19915,u297,/cart,175
19916,u288,/event,186
19917,u293,/cart,31
19918,u261,/product,177
19919,u415,/event,67
19920,u116,/product,98
19921,u008,/home,247
19922,u003,/mypage,216
19923,u448,/home,286
19924,u224,/mypage,156
19925,u258,/cart,202
19926,u349,/event,146
19927,u239,/cart,87
19928,u381,/mypage,51
19929,u138,/mypage,128
19930,u379,/cart,195
19931,u446,/cart,22
19932,u285,/event,293
19933,u070,/product,235
19934,u433,/home,89
19935,u171,/product,189
19936,u412,/cart,53
19937,u408,/home,32
19938,u457,/cart,182
19939,u379,/event,92
19940,u335,/cart,37
19941,u074,/event,209
19942,u229,/event,260
19943,u014,/mypage,136
19944,u487,/home,161
19945,u292,/event,155
19946,u248,/home,128
19947,u103,/event,137
19948,u088,/cart,167
19949,u389,/product,80
19950,u013,/event,164
19951,u139,/product,72
19952,u209,/home,152
19953,u113,/cart,31
19954,u357,/product,245
19955,u037,/cart,77
19956,u456,/cart,98
19957,u407,/home,23
19958,u312,/home,172
19959,u347,/event,274
19960,u127,/home,187
19961,u124,/home,96
19962,u084,/cart,84
19963,u378,/event,142
19964,u301,/event,145
19965,u225,/mypage,238
19966,u032,/event,225
19967,u334,/event,149
19968,u145,/product,260
19969,u212,/product,19
19970,u239,/home,236
19971,u269,/home,21
19972,u375,/home,19
19973,u056,/product,151
19974,u430,/cart,269
19975,u395,/home,191
19976,u201,/mypage,153
19977,u483,/product,54
19978,u058,/mypage,247
19979,u158,/mypage,11
19980,u014,/cart,132
19981,u300,/home,28
19982,u337,/home,225
19983,u087,/product,37
19984,u375,/cart,292
19985,u089,/home,146
19986,u292,/mypage,107
19987,u009,/event,149
19988,u029,/cart,44
19989,u067,/home,31
19990,u235,/home,141
19991,u351,/product,39
19992,u015,/cart,190
19993,u403,/home,112
19994,u046,/cart,268
19995,u263,/event,282
19996,u163,/home,199
19997,u213,/home,221
19998,u228,/cart,60
19999,u137,/home,136
20000,u268,/product,177
